จังหวัด,เขตเลือกตั้งที่,ลำดับคะแนน,ผู้ลงสมัคร สส.,พรรคที่สังกัด,คะแนนเสียง,คะแนนเสียง(ร้อยละ),ผู้มาใช้สิทธิ์,ร้อยละผู้มาใช้สิทธิ์,บัตรดี,บัตรเสีย,บัตรไม่เลือกผู้ใด,หน่วยเลือกตั้งที่นับเสร็จ,ร้อยละที่นับเสร็จแล้ว,หยุดอัพเดต,จำนวนหน่วยเลือกตั้งทั้งหมด
กระบี่,1,1,นายกิตติ กิตติธรกุล,ภูมิใจไทย,50493,56.07,97431,,90061,2723,4647,204,94.88372,,215
กระบี่,1,2,นายธนวัช ภูเก้าล้วน,ประชาชน,20554,22.82,97431,,90061,2723,4647,204,94.88372,,215
กระบี่,1,3,นายวศิน สิริเกียรติกุล,ประชาธิปัตย์,15466,17.17,97431,,90061,2723,4647,204,94.88372,,215
กระบี่,1,4,นายสุวรรณ อินพรหม,เพื่อไทย,2308,2.56,97431,,90061,2723,4647,204,94.88372,,215
กระบี่,1,5,นายพิทักษ์ ภารา,เศรษฐกิจ,840,0.93,97431,,90061,2723,4647,204,94.88372,,215
กระบี่,1,6,นายพงไพร บุตรเลี่ยม,พลังประชารัฐ,400,0.44,97431,,90061,2723,4647,204,94.88372,,215
กระบี่,2,1,นายถิรเดช ตั้งมั่นก่อกิจ,ภูมิใจไทย,42714,54.07,86116,,78999,2599,4518,198,94.73684,,209
กระบี่,2,2,นายกฤตพร บุษย์เพชร,ประชาธิปัตย์,21242,26.89,86116,,78999,2599,4518,198,94.73684,,209
กระบี่,2,3,นางสาวรัตนภรณ์ ณ นคร,ประชาชน,9433,11.94,86116,,78999,2599,4518,198,94.73684,,209
กระบี่,2,4,นายยุทธนา อ่าวลึกน้อย,เพื่อไทย,2694,3.41,86116,,78999,2599,4518,198,94.73684,,209
กระบี่,2,5,นายวิชากร บุญฤทธิ์,พลังประชารัฐ,1275,1.61,86116,,78999,2599,4518,198,94.73684,,209
กระบี่,2,6,นายสีหเดช แสงจันทร์,เศรษฐกิจ,828,1.05,86116,,78999,2599,4518,198,94.73684,,209
กระบี่,2,7,นายสมใจ นวลนุ่น,ไทยก้าวใหม่,813,1.03,86116,,78999,2599,4518,198,94.73684,,209
กระบี่,3,1,นายกิตติชัย เอ่งฉ้วน,ภูมิใจไทย,47416,53.97,87853,,87853,,,220,94.82759,,232
กระบี่,3,2,นายสุกิติ พรหมทอง,ประชาธิปัตย์,15794,17.98,87853,,87853,,,220,94.82759,,232
กระบี่,3,3,นายศรัญญู รักมิตร,กล้าธรรม,12557,14.29,87853,,87853,,,220,94.82759,,232
กระบี่,3,4,นายประเสริฐพงษ์ ศรนุวัตร์,ประชาชน,9623,10.95,87853,,87853,,,220,94.82759,,232
กระบี่,3,5,นายกุศล วะเจดีย์,เพื่อไทย,1574,1.79,87853,,87853,,,220,94.82759,,232
กระบี่,3,6,นายสรร ชัยภัทรธัญกร,เศรษฐกิจ,889,1.01,87853,,87853,,,220,94.82759,,232
กรุงเทพมหานคร,1,1,นายปารเมศ วิทยารักษ์สรรค์,ประชาชน,34167,44.33,77075,,77075,,,227,94.97908,,239
กรุงเทพมหานคร,1,2,นายพีรวุฒิ พิมพ์สมฤดี,ประชาธิปัตย์,14813,19.22,77075,,77075,,,227,94.97908,,239
กรุงเทพมหานคร,1,3,นางสาวลลิดา เพริศวิวัฒนา,ภูมิใจไทย,14368,18.64,77075,,77075,,,227,94.97908,,239
กรุงเทพมหานคร,1,4,นายญาณกิตติ์ ห่วงทรัพย์,เพื่อไทย,6030,7.82,77075,,77075,,,227,94.97908,,239
กรุงเทพมหานคร,1,5,นายพลัฏฐ์ ศิริกุลพิสุทธิ์,รวมไทยสร้างชาติ,2075,2.69,77075,,77075,,,227,94.97908,,239
กรุงเทพมหานคร,1,6,นายแทนคุณ จิตอิสระ,โอกาสใหม่,1133,1.47,77075,,77075,,,227,94.97908,,239
กรุงเทพมหานคร,1,7,นายภัทรพล หมดมลทิน,ไทยภักดี,1023,1.33,77075,,77075,,,227,94.97908,,239
กรุงเทพมหานคร,1,8,พันตำรวจโทหญิง แสนสุข อุทยานินทร์,เศรษฐกิจ,979,1.27,77075,,77075,,,227,94.97908,,239
กรุงเทพมหานคร,1,9,นายพิเชษฐ์ ไทยนิยม,ไทยสร้างไทย,629,0.82,77075,,77075,,,227,94.97908,,239
กรุงเทพมหานคร,1,10,นายกานต์ กิตติอำพน,ไทยก้าวใหม่,489,0.63,77075,,77075,,,227,94.97908,,239
กรุงเทพมหานคร,1,11,นายธนะสิทธิ์ ล้อสุวรรณทีปต์,พลวัต,351,0.46,77075,,77075,,,227,94.97908,,239
กรุงเทพมหานคร,1,12,นายอัครพล คฤหเดชรัตนา,กล้าธรรม,244,0.32,77075,,77075,,,227,94.97908,,239
กรุงเทพมหานคร,1,13,นายวีระยุทธ ประกอบการ,ปวงชนไทย,168,0.22,77075,,77075,,,227,94.97908,,239
กรุงเทพมหานคร,1,14,นายอดัม ชินรัตนพิสิทธิ์,รักชาติ,165,0.21,77075,,77075,,,227,94.97908,,239
กรุงเทพมหานคร,1,15,นายประสงค์ ประสพโชค,ทางเลือกใหม่,154,0.2,77075,,77075,,,227,94.97908,,239
กรุงเทพมหานคร,1,16,นายเลิศชาย สุจริตกุล,วิชชั่นใหม่,113,0.15,77075,,77075,,,227,94.97908,,239
กรุงเทพมหานคร,1,17,นายมงคล เสมอภาพ,ประชาธิปไตยใหม่,94,0.12,77075,,77075,,,227,94.97908,,239
กรุงเทพมหานคร,1,18,นายกิตติคุณ ชื่นแย้ม,พลังประชารัฐ,80,0.1,77075,,77075,,,227,94.97908,,239
กรุงเทพมหานคร,2,1,นายเสกสิทธิ์ แย้มสงวนศักดิ์,ประชาชน,39499,47.09,90181,,83874,1384,4923,220,94.82759,,232
กรุงเทพมหานคร,2,2,นางสาวพัชรินทร์ ชำศิริพงษ์,ภูมิใจไทย,15949,19.02,90181,,83874,1384,4923,220,94.82759,,232
กรุงเทพมหานคร,2,3,นายเจษฎา เลิศธนสาร,ประชาธิปัตย์,14613,17.42,90181,,83874,1384,4923,220,94.82759,,232
กรุงเทพมหานคร,2,4,นายเดวิด มกรพงศ์,เพื่อไทย,5652,6.74,90181,,83874,1384,4923,220,94.82759,,232
กรุงเทพมหานคร,2,5,นายวนัส ฮ้อแสงชัย,รวมไทยสร้างชาติ,1684,2.01,90181,,83874,1384,4923,220,94.82759,,232
กรุงเทพมหานคร,2,6,นางกุลธิภัสร์ ธนวีรชุติวัฒน์,ไทยก้าวใหม่,1358,1.62,90181,,83874,1384,4923,220,94.82759,,232
กรุงเทพมหานคร,2,7,นายกิตติธัช สาสนะ,เศรษฐกิจ,933,1.11,90181,,83874,1384,4923,220,94.82759,,232
กรุงเทพมหานคร,2,8,นายกรณิศ บัวจันทร์,โอกาสใหม่,844,1.01,90181,,83874,1384,4923,220,94.82759,,232
กรุงเทพมหานคร,2,9,นางอิสราพร นรินทร์,ไทยภักดี,807,0.96,90181,,83874,1384,4923,220,94.82759,,232
กรุงเทพมหานคร,2,10,นางสาววิลาสินี แป๊ะสมัน,กล้าธรรม,737,0.88,90181,,83874,1384,4923,220,94.82759,,232
กรุงเทพมหานคร,2,11,นายภูเชษฐ์ เผดิมปราชญ์,ไทยสร้างไทย,590,0.7,90181,,83874,1384,4923,220,94.82759,,232
กรุงเทพมหานคร,2,12,นางสาววรสิริ สุพานิชวรภาชน์,ปวงชนไทย,402,0.48,90181,,83874,1384,4923,220,94.82759,,232
กรุงเทพมหานคร,2,13,นายชุติ ปลื้มรุ่งเรือง,รักชาติ,385,0.46,90181,,83874,1384,4923,220,94.82759,,232
กรุงเทพมหานคร,2,14,นายนิกม์ แสงศิรินาวิน,พลังประชารัฐ,306,0.36,90181,,83874,1384,4923,220,94.82759,,232
กรุงเทพมหานคร,2,15,นายเลิศสุวัฒน์ วงศ์สุวรรณ,เพื่อบ้านเมือง,115,0.14,90181,,83874,1384,4923,220,94.82759,,232
กรุงเทพมหานคร,3,1,นายจรยุทธ จตุรพรประสิทธิ์,ประชาชน,34653,45.14,82361,,76775,1425,4161,206,94.93088,,217
กรุงเทพมหานคร,3,2,นายอภิมุข ฉันทวานิช,ประชาธิปัตย์,19167,24.97,82361,,76775,1425,4161,206,94.93088,,217
กรุงเทพมหานคร,3,3,นายสาโรช ต่อเทียนชัย,ภูมิใจไทย,10331,13.46,82361,,76775,1425,4161,206,94.93088,,217
กรุงเทพมหานคร,3,4,นางสาวเพ็ญพิสุทธิ์ จินตโสภณ,เพื่อไทย,6665,8.68,82361,,76775,1425,4161,206,94.93088,,217
กรุงเทพมหานคร,3,5,นายกันต์ณกฤต ยูนิพันธ์,รวมไทยสร้างชาติ,1430,1.86,82361,,76775,1425,4161,206,94.93088,,217
กรุงเทพมหานคร,3,6,นายชูชาติ ชาญเชิงศิลปกุล,เศรษฐกิจ,1308,1.7,82361,,76775,1425,4161,206,94.93088,,217
กรุงเทพมหานคร,3,7,นายสุกฤษฎิ์ชัย ธีระเริงฤทธิ์,ไทยก้าวใหม่,665,0.87,82361,,76775,1425,4161,206,94.93088,,217
กรุงเทพมหานคร,3,8,นายปรีชา บุดดีจีน,ไทยสร้างไทย,571,0.74,82361,,76775,1425,4161,206,94.93088,,217
กรุงเทพมหานคร,3,9,นายนรุตม์ชัย บุนนาค,กล้าธรรม,545,0.71,82361,,76775,1425,4161,206,94.93088,,217
กรุงเทพมหานคร,3,10,นายณัฐฎ์ รุ่งเรือง,วิชชั่นใหม่,489,0.64,82361,,76775,1425,4161,206,94.93088,,217
กรุงเทพมหานคร,3,11,นายธีระพงษ์ มงคลวัฒนลีลา,พลังประชารัฐ,375,0.49,82361,,76775,1425,4161,206,94.93088,,217
กรุงเทพมหานคร,3,12,นายกิตติพศ ถนอมวรารักษ์,รักชาติ,235,0.31,82361,,76775,1425,4161,206,94.93088,,217
กรุงเทพมหานคร,3,13,นางสาวดวงกมล อดุลย์เศรณี,พลวัต,185,0.24,82361,,76775,1425,4161,206,94.93088,,217
กรุงเทพมหานคร,3,14,นางสาวปัณณรัตน์ พนิตสิรินันท์,โอกาสใหม่,156,0.2,82361,,76775,1425,4161,206,94.93088,,217
กรุงเทพมหานคร,4,1,นายภัณฑิล น่วมเจิม,ประชาชน,34405,44.12,83947,,77982,2472,3493,187,94.92386,,197
กรุงเทพมหานคร,4,2,นายพงศกร ขวัญเมือง,ประชาธิปัตย์,23594,30.26,83947,,77982,2472,3493,187,94.92386,,197
กรุงเทพมหานคร,4,3,นายเขตรัฐ เหล่าธรรมทัศน์,ภูมิใจไทย,10778,13.82,83947,,77982,2472,3493,187,94.92386,,197
กรุงเทพมหานคร,4,4,นางสาวบุณยกร ดำรงรัตน์,เพื่อไทย,4343,5.57,83947,,77982,2472,3493,187,94.92386,,197
กรุงเทพมหานคร,4,5,นายสกลภัทร ประยูรรัตน์,รวมไทยสร้างชาติ,1050,1.35,83947,,77982,2472,3493,187,94.92386,,197
กรุงเทพมหานคร,4,6,นายบุญเกียรติ วิศาลโกศล,เศรษฐกิจ,857,1.1,83947,,77982,2472,3493,187,94.92386,,197
กรุงเทพมหานคร,4,7,ว่าที่ร้อยตรีหญิงปภัสราวรรณ ม่วงไหม,กล้าธรรม,739,0.95,83947,,77982,2472,3493,187,94.92386,,197
กรุงเทพมหานคร,4,8,นายชยพงศ์ สายฟ้า,ไทยก้าวใหม่,708,0.91,83947,,77982,2472,3493,187,94.92386,,197
กรุงเทพมหานคร,4,9,นายรุจิระ อัคราพิริยพงศ์,ไทยสร้างไทย,418,0.54,83947,,77982,2472,3493,187,94.92386,,197
กรุงเทพมหานคร,4,10,นายสรยุทธ ลิขิตอาภากุล,รักชาติ,364,0.47,83947,,77982,2472,3493,187,94.92386,,197
กรุงเทพมหานคร,4,11,นายเรืองไกร ลีกิจวัฒนะ,พลังประชารัฐ,337,0.43,83947,,77982,2472,3493,187,94.92386,,197
กรุงเทพมหานคร,4,12,นายอิทธิพัทธ์ โศภวัฒนาสิริ,ปวงชนไทย,265,0.34,83947,,77982,2472,3493,187,94.92386,,197
กรุงเทพมหานคร,4,13,นางสาวพรพิมล ฉิมสวัสดิ์,โอกาสใหม่,124,0.16,83947,,77982,2472,3493,187,94.92386,,197
กรุงเทพมหานคร,5,1,นายปิติกรณ์ บรรณเภสัช,ประชาชน,45269,49.86,90792,,90792,,,206,94.93088,,217
กรุงเทพมหานคร,5,2,นายประเดิมชัย บุญช่วยเหลือ,ภูมิใจไทย,22252,24.51,90792,,90792,,,206,94.93088,,217
กรุงเทพมหานคร,5,3,นายนนธนัตถ์ บุนนาค,ประชาธิปัตย์,10035,11.05,90792,,90792,,,206,94.93088,,217
กรุงเทพมหานคร,5,4,นายขจรศักดิ์ ประดิษฐาน,เพื่อไทย,6474,7.13,90792,,90792,,,206,94.93088,,217
กรุงเทพมหานคร,5,5,นางสาวสุภกฤตา ธงไชย,รวมไทยสร้างชาติ,1741,1.92,90792,,90792,,,206,94.93088,,217
กรุงเทพมหานคร,5,6,นายศุข ศักด์ณรงค์เดช,กล้าธรรม,1056,1.16,90792,,90792,,,206,94.93088,,217
กรุงเทพมหานคร,5,7,นายมานิตย์ ทองประชาญ,เศรษฐกิจ,987,1.09,90792,,90792,,,206,94.93088,,217
กรุงเทพมหานคร,5,8,นายปณิธิ บวรวนิชยกูร,รักชาติ,569,0.63,90792,,90792,,,206,94.93088,,217
กรุงเทพมหานคร,5,9,นายประสพ โกมลมาศ,ไทยก้าวใหม่,526,0.58,90792,,90792,,,206,94.93088,,217
กรุงเทพมหานคร,5,10,นายปฏิวัติ ตรองจิตต์,ไทยสร้างไทย,507,0.56,90792,,90792,,,206,94.93088,,217
กรุงเทพมหานคร,5,11,นางสาวเฌอมินทร์ สถิตโอฬารโรจน์,ปวงชนไทย,409,0.45,90792,,90792,,,206,94.93088,,217
กรุงเทพมหานคร,5,12,นายทนัฏฐ์ ปานโสภณ,พลวัต,245,0.27,90792,,90792,,,206,94.93088,,217
กรุงเทพมหานคร,5,13,นางสาวบุณยนุช ปทิตหิรัณยา,พลังประชารัฐ,231,0.25,90792,,90792,,,206,94.93088,,217
กรุงเทพมหานคร,5,14,นายถวิล รัตตะมณี,โอกาสใหม่,220,0.24,90792,,90792,,,206,94.93088,,217
กรุงเทพมหานคร,5,15,นายวศิน รัตตะรังสี,วิชชั่นใหม่,159,0.18,90792,,90792,,,206,94.93088,,217
กรุงเทพมหานคร,5,16,นายณัฐสุรัช หงษ์วิจิตปรีชา,เพื่อบ้านเมือง,112,0.12,90792,,90792,,,206,94.93088,,217
กรุงเทพมหานคร,6,1,นายกัณตภณ ดวงอัมพร,ประชาชน,43239,45.81,100871,,94391,1412,5068,209,95,,220
กรุงเทพมหานคร,6,2,นางสาวศิริภา อินทวิเชียร,ประชาธิปัตย์,12848,13.61,100871,,94391,1412,5068,209,95,,220
กรุงเทพมหานคร,6,3,นายนรเสฏฐ์ เธียรประสิทธิ์,ภูมิใจไทย,12088,12.81,100871,,94391,1412,5068,209,95,,220
กรุงเทพมหานคร,6,4,นางสาวอรพินทร์ เพชรทัต,โอกาสใหม่,10856,11.5,100871,,94391,1412,5068,209,95,,220
กรุงเทพมหานคร,6,5,นายสหัสวรรษ วีระมงคลกุล,เพื่อไทย,6380,6.76,100871,,94391,1412,5068,209,95,,220
กรุงเทพมหานคร,6,6,นายชณทัต ปัทะมะภูวดล,รวมไทยสร้างชาติ,2468,2.61,100871,,94391,1412,5068,209,95,,220
กรุงเทพมหานคร,6,7,นายอัศวิน อัศวินวิจตร,เศรษฐกิจ,1679,1.78,100871,,94391,1412,5068,209,95,,220
กรุงเทพมหานคร,6,8,นายอิง อิงคตานุวัฒน์,ไทยภักดี,1388,1.47,100871,,94391,1412,5068,209,95,,220
กรุงเทพมหานคร,6,9,พลตรีดนัย ดิษาภิรมย์,ไทยสร้างไทย,1306,1.38,100871,,94391,1412,5068,209,95,,220
กรุงเทพมหานคร,6,10,นายโชติพงศ์ สรรเสริญ,ไทยก้าวใหม่,764,0.81,100871,,94391,1412,5068,209,95,,220
กรุงเทพมหานคร,6,11,นายกชพล จิตต์มั่นการ,พลวัต,317,0.34,100871,,94391,1412,5068,209,95,,220
กรุงเทพมหานคร,6,12,นายวรวิช กมลโชติรส,รักชาติ,300,0.32,100871,,94391,1412,5068,209,95,,220
กรุงเทพมหานคร,6,13,นายณรงค์ชัย เมืองครอง,กล้าธรรม,247,0.26,100871,,94391,1412,5068,209,95,,220
กรุงเทพมหานคร,6,14,นายเจนวิทย์ สิริญาณสรณ์,ประชาธิปไตยใหม่,198,0.21,100871,,94391,1412,5068,209,95,,220
กรุงเทพมหานคร,6,15,นางสาวจงชนก พัชรประภากร,ปวงชนไทย,186,0.2,100871,,94391,1412,5068,209,95,,220
กรุงเทพมหานคร,6,16,นายสมชาย คงศิริวงค์,ฟิวชน,127,0.13,100871,,94391,1412,5068,209,95,,220
กรุงเทพมหานคร,7,1,นางสาวภัสริน รามวงศ์,ประชาชน,40962,48.09,85181,,85181,,,201,94.81132,,212
กรุงเทพมหานคร,7,2,นางลลิตา ฤกษ์สำราญ,ภูมิใจไทย,12037,14.13,85181,,85181,,,201,94.81132,,212
กรุงเทพมหานคร,7,3,นายชื่นชอบ คงอุดม,รวมไทยสร้างชาติ,11163,13.11,85181,,85181,,,201,94.81132,,212
กรุงเทพมหานคร,7,4,นายพงศ์พล เตมีย์,ประชาธิปัตย์,8012,9.41,85181,,85181,,,201,94.81132,,212
กรุงเทพมหานคร,7,5,นายพุฒิพงศ์ อินทรสุวรรณ,เพื่อไทย,6236,7.32,85181,,85181,,,201,94.81132,,212
กรุงเทพมหานคร,7,6,พลโทมนัส แถบทอง,เศรษฐกิจ,2062,2.42,85181,,85181,,,201,94.81132,,212
กรุงเทพมหานคร,7,7,ร.ต.อ.วัฒนรักษ์ อำนรรฆสรเดช,พลังประชารัฐ,1406,1.65,85181,,85181,,,201,94.81132,,212
กรุงเทพมหานคร,7,8,นายศุภฤทธิ์ มั่นนทีรัย,กล้าธรรม,863,1.01,85181,,85181,,,201,94.81132,,212
กรุงเทพมหานคร,7,9,นางสาวชลิดา สุวรรณโชติ,ไทยสร้างไทย,700,0.82,85181,,85181,,,201,94.81132,,212
กรุงเทพมหานคร,7,10,นายเรวัตร คงชาติ,ไทยก้าวใหม่,594,0.7,85181,,85181,,,201,94.81132,,212
กรุงเทพมหานคร,7,11,ร.ต.ต.เสน่ห์ ชัยทร,ฟิวชัน,535,0.63,85181,,85181,,,201,94.81132,,212
กรุงเทพมหานคร,7,12,นายณพวุฒิ จุลไสย,โอกาสใหม่,323,0.38,85181,,85181,,,201,94.81132,,212
กรุงเทพมหานคร,7,13,นางกิติมา สิงห์ลา,พลวัต,288,0.34,85181,,85181,,,201,94.81132,,212
กรุงเทพมหานคร,8,1,นายชยพล สท้อนดี,ประชาชน,45092,46.6,96755,,96755,,,193,94.60784,,204
กรุงเทพมหานคร,8,2,นายสุรชาติ เทียนทอง,เพื่อไทย,15868,16.4,96755,,96755,,,193,94.60784,,204
กรุงเทพมหานคร,8,3,นายฤกษ์อารี นานา,ภูมิใจไทย,14632,15.12,96755,,96755,,,193,94.60784,,204
กรุงเทพมหานคร,8,4,นายระพีพัฒน์ สุเมธโชติเมธา,ประชาธิปัตย์,11399,11.78,96755,,96755,,,193,94.60784,,204
กรุงเทพมหานคร,8,5,นางสาวอรัญญา มณีแจ่ม,รวมไทยสร้างชาติ,2266,2.34,96755,,96755,,,193,94.60784,,204
กรุงเทพมหานคร,8,6,นายจักร์กวินทร์ ภู่สวาสดิ์,ไทยสร้างไทย,1469,1.52,96755,,96755,,,193,94.60784,,204
กรุงเทพมหานคร,8,7,นายวิษณุ วราโชติเศรษฐ์,เศรษฐกิจ,1352,1.4,96755,,96755,,,193,94.60784,,204
กรุงเทพมหานคร,8,8,นายชญาพัฒน์ โปร่งปรีชา,ไทยก้าวใหม่,865,0.89,96755,,96755,,,193,94.60784,,204
กรุงเทพมหานคร,8,9,นายพงศ์ฐิติ พงศ์ศิลามณี,ไทยภักดี,864,0.89,96755,,96755,,,193,94.60784,,204
กรุงเทพมหานคร,8,10,นายอนุชาญ กวางทอง,พลังประชารัฐ,857,0.89,96755,,96755,,,193,94.60784,,204
กรุงเทพมหานคร,8,11,นายอนันตชาติ บัวสุวรรณ์,โอกาสใหม่,607,0.63,96755,,96755,,,193,94.60784,,204
กรุงเทพมหานคร,8,12,นางสาวสุวีรา เติมรุ่งเรืองเลิศ,รักชาติ,462,0.48,96755,,96755,,,193,94.60784,,204
กรุงเทพมหานคร,8,13,นางสาวพิมพ์ณดา ธีระประจักษ์ชาติ,กล้าธรรม,385,0.4,96755,,96755,,,193,94.60784,,204
กรุงเทพมหานคร,8,14,นางสาววีริสรา ช่วงยรรยง,ปวงชนไทย,224,0.23,96755,,96755,,,193,94.60784,,204
กรุงเทพมหานคร,8,15,นายวสันต์ ทองคำ,วิชชั่นใหม่,210,0.22,96755,,96755,,,193,94.60784,,204
กรุงเทพมหานคร,8,16,นายไชยยศ ศรีสกุล,พลวัต,203,0.21,96755,,96755,,,193,94.60784,,204
กรุงเทพมหานคร,9,1,นายศุภณัฐ มีนชัยนันท์,ประชาชน,49366,51.9,95111,,95111,,,189,94.97487,,199
กรุงเทพมหานคร,9,2,นางสาวณัฐวรินธร บวรภัควุฒิสิริ,ภูมิใจไทย,17059,17.94,95111,,95111,,,189,94.97487,,199
กรุงเทพมหานคร,9,3,นางสาววิเวียน จุลมนต์,ประชาธิปัตย์,11282,11.86,95111,,95111,,,189,94.97487,,199
กรุงเทพมหานคร,9,4,นายสายัณต์ จันทร์เหมือนเผือก,เพื่อไทย,9827,10.33,95111,,95111,,,189,94.97487,,199
กรุงเทพมหานคร,9,5,นายวัทธิกร หรุ่นศิริ,รวมไทยสร้างชาติ,3308,3.48,95111,,95111,,,189,94.97487,,199
กรุงเทพมหานคร,9,6,นางสาววรินทร์ลดา วงศ์ศรีรัฐ,ไทยสร้างไทย,904,0.95,95111,,95111,,,189,94.97487,,199
กรุงเทพมหานคร,9,7,พันโทพีรพงศ์ บัวเทศ,รวมพลังประชาชน,666,0.7,95111,,95111,,,189,94.97487,,199
กรุงเทพมหานคร,9,8,นางสาวพัชรวณัน เบ็ญจวิทย์วิไล,รักชาติ,615,0.65,95111,,95111,,,189,94.97487,,199
กรุงเทพมหานคร,9,9,นายธราธพ ชาตรี,ไทยก้าวใหม่,583,0.61,95111,,95111,,,189,94.97487,,199
กรุงเทพมหานคร,9,10,นายชัยวัฒน์ โพธิจันทร์,พลวัต,440,0.46,95111,,95111,,,189,94.97487,,199
กรุงเทพมหานคร,9,11,นายรัตนมงคล เลิศทวีวิทย์,กล้าธรรม,334,0.35,95111,,95111,,,189,94.97487,,199
กรุงเทพมหานคร,9,12,นายสุชาติ ตามประกอบ,ประชาธิปไตยใหม่,281,0.3,95111,,95111,,,189,94.97487,,199
กรุงเทพมหานคร,9,13,นายปัฐน์ชนนท์ คูณธนานุวัฒน์,โอกาสใหม่,254,0.27,95111,,95111,,,189,94.97487,,199
กรุงเทพมหานคร,9,14,นายนพพล ปุรณะชัยคีรี,เพื่อบ้านเมือง,192,0.2,95111,,95111,,,189,94.97487,,199
กรุงเทพมหานคร,10,1,นายเอกราช อุดมอำนวย,ประชาชน,41804,45.48,91913,,91913,,,178,94.68085,,188
กรุงเทพมหานคร,10,2,นายภูมิพัฒน์ โหสกุล,เพื่อไทย,19047,20.72,91913,,91913,,,178,94.68085,,188
กรุงเทพมหานคร,10,3,นางกนกนุช กลิ่นสังข์,โอกาสใหม่,9440,10.27,91913,,91913,,,178,94.68085,,188
กรุงเทพมหานคร,10,4,นายรณกร เชียรวิชัย,ภูมิใจไทย,7925,8.62,91913,,91913,,,178,94.68085,,188
กรุงเทพมหานคร,10,5,นายชัยพร แก้ววาตะ,ประชาธิปัตย์,6372,6.93,91913,,91913,,,178,94.68085,,188
กรุงเทพมหานคร,10,6,นายภูพิพัฒน์ สาวพัฒนะธาดา,รวมไทยสร้างชาติ,2012,2.19,91913,,91913,,,178,94.68085,,188
กรุงเทพมหานคร,10,7,นายชณธัศน์ เหลืองวัฒนะวุฒิ,เศรษฐกิจ,1437,1.56,91913,,91913,,,178,94.68085,,188
กรุงเทพมหานคร,10,8,นายไกรศักดิ์ เสาเวียง,ไทยสร้างไทย,636,0.69,91913,,91913,,,178,94.68085,,188
กรุงเทพมหานคร,10,9,นายรนภัทร นิธิโชติการ,ไทยก้าวใหม่,583,0.63,91913,,91913,,,178,94.68085,,188
กรุงเทพมหานคร,10,10,นายดิษยะฤทธิ์ รู้ดี,กล้าธรรม,545,0.59,91913,,91913,,,178,94.68085,,188
กรุงเทพมหานคร,10,11,นายอนุวัตร เผือกเกษม,ประชาธิปไตยใหม่,503,0.55,91913,,91913,,,178,94.68085,,188
กรุงเทพมหานคร,10,12,นายวรัชณ์กิตต์ วิศาลมนัส,รักชาติ,495,0.54,91913,,91913,,,178,94.68085,,188
กรุงเทพมหานคร,10,13,ว่าที่ร้อยตรีหญิงภัทราวดี นาคงาม,พลวัต,461,0.5,91913,,91913,,,178,94.68085,,188
กรุงเทพมหานคร,10,14,พลตำรวจตรีทินกร ณัฏฐมั่งคั่ง,ประชากรไทย,282,0.31,91913,,91913,,,178,94.68085,,188
กรุงเทพมหานคร,10,15,พลอากาศตรีธงชัย เพ็งเดือน,ความหวังใหม่,203,0.22,91913,,91913,,,178,94.68085,,188
กรุงเทพมหานคร,10,16,นายสาธิต นีระวงศ์,วิชชั่นใหม่,168,0.18,91913,,91913,,,178,94.68085,,188
กรุงเทพมหานคร,11,1,นางสาวศศินันท์ ธรรมนิฐินันท์,ประชาชน,38779,40.82,100367,,94993,1207,4167,185,94.87179,,195
กรุงเทพมหานคร,11,2,นางสาวรัตติกาล แก้วเกิดมี,เพื่อไทย,24850,26.16,100367,,94993,1207,4167,185,94.87179,,195
กรุงเทพมหานคร,11,3,นายเอกภพ เหลืองประเสริฐ,ภูมิใจไทย,20498,21.58,100367,,94993,1207,4167,185,94.87179,,195
กรุงเทพมหานคร,11,4,นางสาวรมิดา อินทะแพทย์,ประชาธิปัตย์,3839,4.04,100367,,94993,1207,4167,185,94.87179,,195
กรุงเทพมหานคร,11,5,นางสาวธนาภา อัครมะหะเวทน์,ประชากรไทย,1108,1.17,100367,,94993,1207,4167,185,94.87179,,195
กรุงเทพมหานคร,11,6,นายกร สิงห์ธีร์,รวมไทยสร้างชาติ,996,1.05,100367,,94993,1207,4167,185,94.87179,,195
กรุงเทพมหานคร,11,7,นายธนธรรม เจิดรังษี,เศรษฐกิจ,996,1.05,100367,,94993,1207,4167,185,94.87179,,195
กรุงเทพมหานคร,11,8,นายพงศกร ตันติพรหม,ไทยภักดี,686,0.72,100367,,94993,1207,4167,185,94.87179,,195
กรุงเทพมหานคร,11,9,ร.ต. เทวิน พิมพ์พันธุ์,อนาคตไทย,620,0.65,100367,,94993,1207,4167,185,94.87179,,195
กรุงเทพมหานคร,11,10,ร.ท. จักร์ บุนนาค,โอกาสใหม่,584,0.61,100367,,94993,1207,4167,185,94.87179,,195
กรุงเทพมหานคร,11,11,นางวันเพ็ญ รัตน์นิธิพงศ์,ไทยสร้างไทย,413,0.43,100367,,94993,1207,4167,185,94.87179,,195
กรุงเทพมหานคร,11,12,นายชนะ ยาดี,บ้านเมือง,369,0.39,100367,,94993,1207,4167,185,94.87179,,195
กรุงเทพมหานคร,11,13,นายณรงค์ศักดิ์ ฤทธิวรผล,ไทยก้าวใหม่,332,0.35,100367,,94993,1207,4167,185,94.87179,,195
กรุงเทพมหานคร,11,14,นายธีรวุฒิ แก้วพยศ,พลังประชารัฐ,296,0.31,100367,,94993,1207,4167,185,94.87179,,195
กรุงเทพมหานคร,11,15,นายธีระเดช นาซีก,กล้าธรรม,203,0.21,100367,,94993,1207,4167,185,94.87179,,195
กรุงเทพมหานคร,11,16,น.อ. นที คชทิน,พลวัต,184,0.19,100367,,94993,1207,4167,185,94.87179,,195
กรุงเทพมหานคร,11,17,นายวรัญชัย โชคชนะ,ประชาธิปไตยใหม่,180,0.19,100367,,94993,1207,4167,185,94.87179,,195
กรุงเทพมหานคร,11,18,นายภูริจิวัจน์ วชิรวณิชกิจ,วิชชั่นใหม่,60,0.06,100367,,94993,1207,4167,185,94.87179,,195
กรุงเทพมหานคร,12,1,นายภูริวรรธก์ ใจสำราญ,ประชาชน,49925,48.27,103439,,103439,,,181,94.7644,,191
กรุงเทพมหานคร,12,2,นางศลิษา สิงหเสนี,ภูมิใจไทย,16106,15.57,103439,,103439,,,181,94.7644,,191
กรุงเทพมหานคร,12,3,นายภูร์ผา ไทยแท้,เพื่อไทย,15095,14.59,103439,,103439,,,181,94.7644,,191
กรุงเทพมหานคร,12,4,นางพิมชนก เก่าเจริญ,ประชาธิปัตย์,9527,9.21,103439,,103439,,,181,94.7644,,191
กรุงเทพมหานคร,12,5,นางสาวนพวรรณ หัวใจมั่น,พลังประชารัฐ,4142,4.0,103439,,103439,,,181,94.7644,,191
กรุงเทพมหานคร,12,6,นายธนกฤต ธนิศราพงศ์,รวมไทยสร้างชาติ,1776,1.72,103439,,103439,,,181,94.7644,,191
กรุงเทพมหานคร,12,7,นางสาวกรกมล บุญเฉย,เศรษฐกิจ,1770,1.71,103439,,103439,,,181,94.7644,,191
กรุงเทพมหานคร,12,8,นางศิริวรรณ พงษ์พานิชย์,ไทยสร้างไทย,1183,1.14,103439,,103439,,,181,94.7644,,191
กรุงเทพมหานคร,12,9,นายนนท์ปวิธ แก้วงาม,กล้าธรรม,945,0.91,103439,,103439,,,181,94.7644,,191
กรุงเทพมหานคร,12,10,นางสาวจิดาภา วิไลวรางกูร,ไทยก้าวใหม่,721,0.7,103439,,103439,,,181,94.7644,,191
กรุงเทพมหานคร,12,11,นางสาวปราณิสา สุดวิเศษ,พลวัต,452,0.44,103439,,103439,,,181,94.7644,,191
กรุงเทพมหานคร,12,12,นางสาวณัฐธยาน์ สิงห์คำนาราภูมิ,ประชากรไทย,434,0.42,103439,,103439,,,181,94.7644,,191
กรุงเทพมหานคร,12,13,นางสาวณัฏฐามณี คณโชติพิพัฒน์,ประชาธิปไตยใหม่,430,0.42,103439,,103439,,,181,94.7644,,191
กรุงเทพมหานคร,12,14,นายพิเชฐ เดชอรัญ,โอกาสใหม่,368,0.36,103439,,103439,,,181,94.7644,,191
กรุงเทพมหานคร,12,15,นางสาวอิสรีย์ อัศวรากาญจน์,รักชาติ,298,0.29,103439,,103439,,,181,94.7644,,191
กรุงเทพมหานคร,12,16,นายพุฒิพัฒน์ ธีรสกุลสิทธิ์,ปวงชนไทย,267,0.26,103439,,103439,,,181,94.7644,,191
กรุงเทพมหานคร,13,1,เรืออากาศโท ธนเดช เพ็งสุข,ประชาชน,44511,49.18,97065,,90508,1315,5242,183,94.81865,,193
กรุงเทพมหานคร,13,2,นายศุกล กุลสิงห์,ภูมิใจไทย,15227,16.82,97065,,90508,1315,5242,183,94.81865,,193
กรุงเทพมหานคร,13,3,นายภาณุพงศ์ ลักษณวิศิษฎ์,ประชาธิปัตย์,11428,12.63,97065,,90508,1315,5242,183,94.81865,,193
กรุงเทพมหานคร,13,4,นายแมน เจริญวัลย์,เพื่อไทย,10752,11.88,97065,,90508,1315,5242,183,94.81865,,193
กรุงเทพมหานคร,13,5,นายกฤษฎ์ เครือเจริญพร,รวมไทยสร้างชาติ,1887,2.08,97065,,90508,1315,5242,183,94.81865,,193
กรุงเทพมหานคร,13,6,นางสาวรุ่งนภา ทองประคำ,เศรษฐกิจ,1413,1.56,97065,,90508,1315,5242,183,94.81865,,193
กรุงเทพมหานคร,13,7,นายฐิติพัฒณ์ จันทร์แก้ว,รักชาติ,1323,1.46,97065,,90508,1315,5242,183,94.81865,,193
กรุงเทพมหานคร,13,8,นายธัญญะ เมษประสาท,ปวงชนไทย,1082,1.2,97065,,90508,1315,5242,183,94.81865,,193
กรุงเทพมหานคร,13,9,นางสาวทิฆัมพร อัศวสิรินิมิต,ไทยสร้างไทย,807,0.89,97065,,90508,1315,5242,183,94.81865,,193
กรุงเทพมหานคร,13,10,นายดนัย อินทรพยุง,ไทยก้าวใหม่,775,0.86,97065,,90508,1315,5242,183,94.81865,,193
กรุงเทพมหานคร,13,11,นายศุรุท เกษมณีภูรเดช,โอกาสใหม่,438,0.48,97065,,90508,1315,5242,183,94.81865,,193
กรุงเทพมหานคร,13,12,นายอนุศักดิ์ กาญจนี,พลวัต,325,0.36,97065,,90508,1315,5242,183,94.81865,,193
กรุงเทพมหานคร,13,13,นายสมบัติ มหาโคตร,พลังประชารัฐ,252,0.28,97065,,90508,1315,5242,183,94.81865,,193
กรุงเทพมหานคร,13,14,นายวัชรพนต์ วัฒนาอาภรณ์ชัย,เพื่อบ้านเมือง,157,0.17,97065,,90508,1315,5242,183,94.81865,,193
กรุงเทพมหานคร,13,15,นายณัษฐพงษ์ วุฒิพงศ์เตชากิจ,วิชชั่นใหม่,131,0.14,97065,,90508,1315,5242,183,94.81865,,193
กรุงเทพมหานคร,14,1,นายก่อเกียรติ ก่อสูงศักดิ์,ประชาชน,41528,44.43,99223,,93467,1431,4325,187,94.92386,,197
กรุงเทพมหานคร,14,2,นางสาวฐิติภัสร์ โชติเดชาชัยนันต์,ภูมิใจไทย,25491,27.27,99223,,93467,1431,4325,187,94.92386,,197
กรุงเทพมหานคร,14,3,นายพงศกร รัตนเรืองวัฒนา,เพื่อไทย,10848,11.61,99223,,93467,1431,4325,187,94.92386,,197
กรุงเทพมหานคร,14,4,ร.อ.พิชาญศักดิ์ บุญมาศ,ประชาธิปัตย์,8186,8.76,99223,,93467,1431,4325,187,94.92386,,197
กรุงเทพมหานคร,14,5,นายปรีชาชัย พิพรรธน์ธนาดุล,รวมไทยสร้างชาติ,1333,1.43,99223,,93467,1431,4325,187,94.92386,,197
กรุงเทพมหานคร,14,6,นายธีรทรัพย์ อภิญญาภรณ์,ไทยสร้างไทย,1299,1.39,99223,,93467,1431,4325,187,94.92386,,197
กรุงเทพมหานคร,14,7,นายธีระยุทธ อรุณพูลทรัพย์,เศรษฐกิจ,1199,1.28,99223,,93467,1431,4325,187,94.92386,,197
กรุงเทพมหานคร,14,8,นางสาวอาภา กลิ่นหอม,ไทยภักดี,694,0.74,99223,,93467,1431,4325,187,94.92386,,197
กรุงเทพมหานคร,14,9,นายศรราม สีบุญเรื่อง,กล้าธรรม,571,0.61,99223,,93467,1431,4325,187,94.92386,,197
กรุงเทพมหานคร,14,10,นายศุภพิพัฒน์ บัลนาลังก์,ไทยก้าวใหม่,485,0.52,99223,,93467,1431,4325,187,94.92386,,197
กรุงเทพมหานคร,14,11,นายอริย์ธัช สายสุวรรณ์,รักชาติ,477,0.51,99223,,93467,1431,4325,187,94.92386,,197
กรุงเทพมหานคร,14,12,นางชนิดาภา สนิมทอง,ปวงชนไทย,354,0.38,99223,,93467,1431,4325,187,94.92386,,197
กรุงเทพมหานคร,14,13,นายรัชฎะ สมรทินกร,พลังประชารัฐ,352,0.38,99223,,93467,1431,4325,187,94.92386,,197
กรุงเทพมหานคร,14,14,นายไชยอนันต์ ตรีไพบูลย์,โอกาสใหม่,291,0.31,99223,,93467,1431,4325,187,94.92386,,197
กรุงเทพมหานคร,14,15,นายกิตติศักดิ์ บุญพิทักษ์วุฒิ,พลวัต,213,0.23,99223,,93467,1431,4325,187,94.92386,,197
กรุงเทพมหานคร,14,16,นายจิรยุทธ บุญแต่ง,ไทยก้าวหน้า,146,0.16,99223,,93467,1431,4325,187,94.92386,,197
กรุงเทพมหานคร,16,1,นางสาวพิมพ์กาญจน์ กีรติวิราปกรณ์,ประชาชน,46021,48.85,100557,,94218,1438,4901,170,94.97207,,179
กรุงเทพมหานคร,16,2,นายณัฐนันท์ กัลยาศิริ,ภูมิใจไทย,15424,16.37,100557,,94218,1438,4901,170,94.97207,,179
กรุงเทพมหานคร,16,3,นายจิรายุ ห่วงทรัพย์,เพื่อไทย,15340,16.28,100557,,94218,1438,4901,170,94.97207,,179
กรุงเทพมหานคร,16,4,นายสุนันท์ มีนมณี,ประชาธิปัตย์,8442,8.96,100557,,94218,1438,4901,170,94.97207,,179
กรุงเทพมหานคร,16,5,นายปิยชาติ โชติช่วง,เศรษฐกิจ,1660,1.76,100557,,94218,1438,4901,170,94.97207,,179
กรุงเทพมหานคร,16,6,นายอัฏฐพล สิทธิชัยอารีกิจ,รวมไทยสร้างชาติ,1648,1.75,100557,,94218,1438,4901,170,94.97207,,179
กรุงเทพมหานคร,16,7,ผู้ช่วยศาสตราจารย์วสันต์ ภู่รัสมี,โอกาสใหม่,1317,1.4,100557,,94218,1438,4901,170,94.97207,,179
กรุงเทพมหานคร,16,8,นายภาคิณ ภูกิจสิริกุล,ไทยก้าวใหม่,1112,1.18,100557,,94218,1438,4901,170,94.97207,,179
กรุงเทพมหานคร,16,9,นายสิรภพ เอื้อชลิตนุกูล,กล้าธรรม,824,0.87,100557,,94218,1438,4901,170,94.97207,,179
กรุงเทพมหานคร,16,10,นายฤทธี กิจพิพิธ,ไทยสร้างไทย,747,0.79,100557,,94218,1438,4901,170,94.97207,,179
กรุงเทพมหานคร,16,11,นายกันตพงศ์ นาคสุวรรณ,ไทยภักดี,626,0.66,100557,,94218,1438,4901,170,94.97207,,179
กรุงเทพมหานคร,16,12,นายหมวดตรีกิติภูมิ นีละไพจิตร์,พลังประชารัฐ,467,0.5,100557,,94218,1438,4901,170,94.97207,,179
กรุงเทพมหานคร,16,13,นายธนพิสิฐ จีรวงศ์ไกรสร,รักชาติ,286,0.3,100557,,94218,1438,4901,170,94.97207,,179
กรุงเทพมหานคร,16,14,นายศุภโชค มุ่งดี,เพื่อบ้านเมือง,153,0.16,100557,,94218,1438,4901,170,94.97207,,179
กรุงเทพมหานคร,16,15,ว่าที่ร้อยตรีรัชภูมิ ใบเรือ,ปวงชนไทย,151,0.16,100557,,94218,1438,4901,170,94.97207,,179
กรุงเทพมหานคร,17,1,นายวีรวุธ รักเที่ยง,ประชาชน,28587,39.86,71720,,71720,,,168,94.91525,,177
กรุงเทพมหานคร,17,2,นายสุขสันต์ แสงศรี,ภูมิใจไทย,16132,22.49,71720,,71720,,,168,94.91525,,177
กรุงเทพมหานคร,17,3,นายไพโรจน์ อิสระเสรีพงษ์,เพื่อไทย,12311,17.17,71720,,71720,,,168,94.91525,,177
กรุงเทพมหานคร,17,4,นายฐิติวัชร์ ดีประเสริฐวงศ์,ประชาธิปัตย์,5611,7.82,71720,,71720,,,168,94.91525,,177
กรุงเทพมหานคร,17,5,นางสาวณัฐิดา เตาเฟ็ส,ไทยก้าวใหม่,1967,2.74,71720,,71720,,,168,94.91525,,177
กรุงเทพมหานคร,17,6,นายกรัณ ดรัลพงศ์,รวมไทยสร้าง,1604,2.24,71720,,71720,,,168,94.91525,,177
กรุงเทพมหานคร,17,7,นางสาวบวรลักษณ์ จงจามรีสีทอง,เศรษฐกิจ,1382,1.93,71720,,71720,,,168,94.91525,,177
กรุงเทพมหานคร,17,8,นายศิริศักดิ์ อัตดาวีย์,พลังประชารัฐ,864,1.2,71720,,71720,,,168,94.91525,,177
กรุงเทพมหานคร,17,9,นายมังกร ศิริศรีโพธิ์,ไทยสร้างไทย,773,1.08,71720,,71720,,,168,94.91525,,177
กรุงเทพมหานคร,17,10,นายธนกิจ สาโสภา,แรงงานสร้างชาติ,745,1.04,71720,,71720,,,168,94.91525,,177
กรุงเทพมหานคร,17,11,นายนพดลชัย ประภัสสิริ,กล้าธรรม,499,0.7,71720,,71720,,,168,94.91525,,177
กรุงเทพมหานคร,17,12,นายวุฒิภัทร คำประกอบ,โอกาสใหม่,419,0.58,71720,,71720,,,168,94.91525,,177
กรุงเทพมหานคร,17,13,นายกิตติศักดิ์ มูลทรัพย์,วิชชั่นใหม่,358,0.5,71720,,71720,,,168,94.91525,,177
กรุงเทพมหานคร,17,14,นายสุวโรจน์ กิจสมศักดิ์,ปวงชนไทย,246,0.34,71720,,71720,,,168,94.91525,,177
กรุงเทพมหานคร,17,15,นายชัยพร จิตรอารีย์เลิศ,เพื่อบ้านเมือง,222,0.31,71720,,71720,,,168,94.91525,,177
กรุงเทพมหานคร,18,1,นายธีรัจชัย พันธุมาศ,ประชาชน,34738,43.31,87055,,80204,1421,5430,161,94.70588,,170
กรุงเทพมหานคร,18,2,นายศิริพงษ์ รัสมี,เพื่อไทย,20414,25.45,87055,,80204,1421,5430,161,94.70588,,170
กรุงเทพมหานคร,18,3,นายรณชัย สังฆมิตกล,ภูมิใจไทย,8326,10.38,87055,,80204,1421,5430,161,94.70588,,170
กรุงเทพมหานคร,18,4,นายเชิดพันธุ์ เตี้ยไพบูลย์,ประชาธิปัตย์,6654,8.3,87055,,80204,1421,5430,161,94.70588,,170
กรุงเทพมหานคร,18,5,นายฮาซัน วันนุ,รวมไทยสร้างชาติ,3260,4.06,87055,,80204,1421,5430,161,94.70588,,170
กรุงเทพมหานคร,18,6,นายธีระวิทย์ วงศ์เพชร,ไทยก้าวใหม่,1781,2.22,87055,,80204,1421,5430,161,94.70588,,170
กรุงเทพมหานคร,18,7,นางสาวณัฐกัญญ์ภา อภิญญ์มณีณัฐ,ไทยสร้างไทย,1732,2.16,87055,,80204,1421,5430,161,94.70588,,170
กรุงเทพมหานคร,18,8,นายสุรชาติ โต๊ะเฮ,ทางเลือกใหม่,496,0.62,87055,,80204,1421,5430,161,94.70588,,170
กรุงเทพมหานคร,18,9,นายกิตติศักดิ์ อัศวสุขี,พลวัต,436,0.54,87055,,80204,1421,5430,161,94.70588,,170
กรุงเทพมหานคร,18,10,นายฟาวาดคาน เที่ยงธรรม,รักชาติ,372,0.46,87055,,80204,1421,5430,161,94.70588,,170
กรุงเทพมหานคร,18,11,นางสาวพชรพรรณ ตุ่มระสินปิน,พลังประชารัฐ,359,0.45,87055,,80204,1421,5430,161,94.70588,,170
กรุงเทพมหานคร,18,12,นายเสน่ห์ ศิลปเจริญ,ไทยชนะ,338,0.42,87055,,80204,1421,5430,161,94.70588,,170
กรุงเทพมหานคร,18,13,นายจำรัส การะเกตุ,แรงงานสร้างชาติ,285,0.36,87055,,80204,1421,5430,161,94.70588,,170
กรุงเทพมหานคร,18,14,นายณรงค์ชัย อิสริยไชย,ปวงชนไทย,225,0.28,87055,,80204,1421,5430,161,94.70588,,170
กรุงเทพมหานคร,18,15,นางสาววรัญญา แอนดาริส,โอกาสใหม่,211,0.26,87055,,80204,1421,5430,161,94.70588,,170
กรุงเทพมหานคร,18,16,นายวิญญู อำนวยสมบัติ,กล้าธรรม,210,0.26,87055,,80204,1421,5430,161,94.70588,,170
กรุงเทพมหานคร,18,17,นางสาวสมพิศ ภูมิงาม,เพื่อบ้านเมือง,196,0.24,87055,,80204,1421,5430,161,94.70588,,170
กรุงเทพมหานคร,18,18,นางสาวพวงประกา ชมภูทอง,พร้อม,171,0.21,87055,,80204,1421,5430,161,94.70588,,170
กรุงเทพมหานคร,19,1,นายกันต์พงษ์ ประยูรศักดิ์,ประชาชน,42820,46.45,98920,,92191,1634,5095,179,94.70899,,189
กรุงเทพมหานคร,19,2,นางสาวกาญจนา ภวัครานนท์,ภูมิใจไทย,17802,19.31,98920,,92191,1634,5095,179,94.70899,,189
กรุงเทพมหานคร,19,3,นางสาวขวัญจิรา มีนชัยนันท์,เพื่อไทย,13271,14.4,98920,,92191,1634,5095,179,94.70899,,189
กรุงเทพมหานคร,19,4,นางสาวกานต์ วนาดรวรวิศาล,ประชาธิปัตย์,10234,11.1,98920,,92191,1634,5095,179,94.70899,,189
กรุงเทพมหานคร,19,5,นายภูเบศ โพธิ์โซะ,รวมไทยสร้างชาติ,2415,2.62,98920,,92191,1634,5095,179,94.70899,,189
กรุงเทพมหานคร,19,6,นายนิยม ทรัพย์สิรินาวิน,เศรษฐกิจ,1607,1.74,98920,,92191,1634,5095,179,94.70899,,189
กรุงเทพมหานคร,19,7,นายวรวิทย์ พงษ์ประเทศ,ไทยสร้างไทย,924,1.0,98920,,92191,1634,5095,179,94.70899,,189
กรุงเทพมหานคร,19,8,นายจิรัฏฐ์ เชาว์อริยรัฐ,กล้าธรรม,772,0.84,98920,,92191,1634,5095,179,94.70899,,189
กรุงเทพมหานคร,19,9,นายสมัย ภูมรินทร,ไทยก้าวใหม่,579,0.63,98920,,92191,1634,5095,179,94.70899,,189
กรุงเทพมหานคร,19,10,นายศรศักดิ์ สวนแก้ว,ปวงชนไทย,546,0.59,98920,,92191,1634,5095,179,94.70899,,189
กรุงเทพมหานคร,19,11,นายปิยะชาติ อำนวยเวช,โอกาสใหม่,377,0.41,98920,,92191,1634,5095,179,94.70899,,189
กรุงเทพมหานคร,19,12,นายเอนก มนัสซง,พลวัต,345,0.37,98920,,92191,1634,5095,179,94.70899,,189
กรุงเทพมหานคร,19,13,นางสาวสุธิดารา สาสาย,รักชาติ,269,0.29,98920,,92191,1634,5095,179,94.70899,,189
กรุงเทพมหานคร,19,14,นายบวรวิช รักไทย,ทางเลือกใหม่,230,0.25,98920,,92191,1634,5095,179,94.70899,,189
กรุงเทพมหานคร,20,1,นายชุมพล หลักคำ,ประชาชน,34941,42.64,81935,,81935,,,161,94.70588,,170
กรุงเทพมหานคร,20,2,นางสาวธีรรัตน์ สำเร็จวาณิชย์,เพื่อไทย,27474,33.53,81935,,81935,,,161,94.70588,,170
กรุงเทพมหานคร,20,3,นายธนะสิทธิ์ เมธพันธ์เมือง,ภูมิใจไทย,7771,9.48,81935,,81935,,,161,94.70588,,170
กรุงเทพมหานคร,20,4,นายรัฐศักดิ์ สุขยิ่ง,ประชาธิปัตย์,4139,5.05,81935,,81935,,,161,94.70588,,170
กรุงเทพมหานคร,20,5,นายหวังจันทร์ ยิ้มวิไล,โอกาสใหม่,1483,1.81,81935,,81935,,,161,94.70588,,170
กรุงเทพมหานคร,20,6,นายวีรภัทร์ พันธุ์หาญ,รวมไทยสร้างชาติ,1229,1.5,81935,,81935,,,161,94.70588,,170
กรุงเทพมหานคร,20,7,นายจตุพล ยอดวงค์พะเนา,เศรษฐกิจ,1221,1.49,81935,,81935,,,161,94.70588,,170
กรุงเทพมหานคร,20,8,นายพงศ์ปณตพล รักสกุลกานต์,ไทยก้าวใหม่,1135,1.39,81935,,81935,,,161,94.70588,,170
กรุงเทพมหานคร,20,9,ว่าที่ร้อยตรีหญิงนุชนาฏ หุ่นอยู่,ไทยสร้างไทย,1018,1.24,81935,,81935,,,161,94.70588,,170
กรุงเทพมหานคร,20,10,นายวรชัย สมบัติเจริญกิจ,พลวัต,424,0.52,81935,,81935,,,161,94.70588,,170
กรุงเทพมหานคร,20,11,นายปิยะพล เหมันต์,กล้าธรรม,308,0.38,81935,,81935,,,161,94.70588,,170
กรุงเทพมหานคร,20,12,นายพิชชา ขำสุวรรณ,พร้อม,298,0.36,81935,,81935,,,161,94.70588,,170
กรุงเทพมหานคร,20,13,นางเขมจิรา พชรจรวยพร,ปวงชนไทย,287,0.35,81935,,81935,,,161,94.70588,,170
กรุงเทพมหานคร,20,14,นายวันชัย รัตนขจรไทย,พลังประชารัฐ,207,0.25,81935,,81935,,,161,94.70588,,170
กรุงเทพมหานคร,21,1,นายณัฐพงศ์ เปรมพูลสวัสดิ์,ประชาชน,45951,50.3,91346,,91346,,,173,94.53552,,183
กรุงเทพมหานคร,21,2,นายกิตพล เชิดชูกิจกุล,ประชาธิปัตย์,21155,23.16,91346,,91346,,,173,94.53552,,183
กรุงเทพมหานคร,21,3,นายทวนชัย นิยมชาติ,ภูมิใจไทย,10553,11.55,91346,,91346,,,173,94.53552,,183
กรุงเทพมหานคร,21,4,นางสาวชนิดาภา สงวนพวก,เพื่อไทย,6039,6.61,91346,,91346,,,173,94.53552,,183
กรุงเทพมหานคร,21,5,นายสุรเชษฐ์ สีงาม,เศรษฐกิจ,1296,1.42,91346,,91346,,,173,94.53552,,183
กรุงเทพมหานคร,21,6,นายภูมิ สวัสดี,รักชาติ,1199,1.31,91346,,91346,,,173,94.53552,,183
กรุงเทพมหานคร,21,7,นางสุภาวดี บางใหญ่,รวมไทยสร้างชาติ,1153,1.26,91346,,91346,,,173,94.53552,,183
กรุงเทพมหานคร,21,8,นางสาวมินทร์ชิสามณีนนทเศรษฐ์,กล้าธรรม,1060,1.16,91346,,91346,,,173,94.53552,,183
กรุงเทพมหานคร,21,9,นายพีรพัฒน์ สุทัศนทรวง,ไทยภักดี,827,0.91,91346,,91346,,,173,94.53552,,183
กรุงเทพมหานคร,21,10,นายเตวิช เฉลิมรักษ์,ไทยก้าวใหม่,636,0.7,91346,,91346,,,173,94.53552,,183
กรุงเทพมหานคร,21,11,ว่าที่ร้อยเอกวีรพล วงษ์มะเซาะ,ไทยสร้างไทย,495,0.54,91346,,91346,,,173,94.53552,,183
กรุงเทพมหานคร,21,12,นายณัทพัช อัคฮาด,พลวัต,297,0.33,91346,,91346,,,173,94.53552,,183
กรุงเทพมหานคร,21,13,นายเวโรฒ มาตยศิริ,อนาคตไทย,267,0.29,91346,,91346,,,173,94.53552,,183
กรุงเทพมหานคร,21,14,นายเกรียงไกร สาลีผล,ปวงชนไทย,217,0.24,91346,,91346,,,173,94.53552,,183
กรุงเทพมหานคร,21,15,นายวรวุธ ลีลานภาศักดิ์,โอกาสใหม่,201,0.22,91346,,91346,,,173,94.53552,,183
กรุงเทพมหานคร,22,1,นายสุภกร ตันติไพบูลย์ธนะ,ประชาชน,42264,49.4,92301,,85558,1511,5232,192,94.58128,,203
กรุงเทพมหานคร,22,2,นายพงศ์พล ยอดเมืองเจริญ,ภูมิใจไทย,17486,20.44,92301,,85558,1511,5232,192,94.58128,,203
กรุงเทพมหานคร,22,3,นายปรินต์ ทองปุสสะ,ประชาธิปัตย์,9244,10.8,92301,,85558,1511,5232,192,94.58128,,203
กรุงเทพมหานคร,22,4,นายธกร เลาหพงศ์ชนะ,เพื่อไทย,7036,8.22,92301,,85558,1511,5232,192,94.58128,,203
กรุงเทพมหานคร,22,5,ร.ต.ต.มณฑล โพธิ์คาย,พลังประชารัฐ,2983,3.49,92301,,85558,1511,5232,192,94.58128,,203
กรุงเทพมหานคร,22,6,นายพงศ์ไพศาล มะลุลีม,รวมไทยสร้างชาติ,1705,1.99,92301,,85558,1511,5232,192,94.58128,,203
กรุงเทพมหานคร,22,7,นายกัณฑ์ชาติ มนต์กันภัย,ไทยก้าวใหม่,1491,1.74,92301,,85558,1511,5232,192,94.58128,,203
กรุงเทพมหานคร,22,8,นายวิรัล ทองเมืองหลวง,เศรษฐกิจ,1130,1.32,92301,,85558,1511,5232,192,94.58128,,203
กรุงเทพมหานคร,22,9,นายอรรถเวช กองนักวงษ์,ไทยสร้างไทย,786,0.92,92301,,85558,1511,5232,192,94.58128,,203
กรุงเทพมหานคร,22,10,นายปรนัยน์ นพการุญ,พลวัต,425,0.5,92301,,85558,1511,5232,192,94.58128,,203
กรุงเทพมหานคร,22,11,นายอธิป เพศยนาวิน,ปวงชนไทย,368,0.43,92301,,85558,1511,5232,192,94.58128,,203
กรุงเทพมหานคร,22,12,นายชณทัต รินน์นพคุณ,กล้าธรรม,253,0.3,92301,,85558,1511,5232,192,94.58128,,203
กรุงเทพมหานคร,22,13,นายวราทิตย์ ตะโกจีน,วิชชั่นใหม่,205,0.24,92301,,85558,1511,5232,192,94.58128,,203
กรุงเทพมหานคร,22,14,นายปรีชา เอี่ยมอ่อน,โอกาสใหม่,182,0.21,92301,,85558,1511,5232,192,94.58128,,203
กรุงเทพมหานคร,23,1,นายชลธาร ทรัพย์ไพบูลย์เลิศ,ประชาชน,46782,49.65,94233,,94233,,,220,94.82759,,232
กรุงเทพมหานคร,23,2,นางสกุลรัตน์ ทิพย์วรรณงาม,ภูมิใจไทย,17592,18.67,94233,,94233,,,220,94.82759,,232
กรุงเทพมหานคร,23,3,นางสาววีร์ ศรีวราธนบูลย์,ประชาธิปัตย์,10876,11.54,94233,,94233,,,220,94.82759,,232
กรุงเทพมหานคร,23,4,นายกวีวงศ์ อยู่วิจิตร,เพื่อไทย,9292,9.86,94233,,94233,,,220,94.82759,,232
กรุงเทพมหานคร,23,5,นางสาวอัยรดา บำรุงรักษ์,รวมไทยสร้างชาติ,1896,2.01,94233,,94233,,,220,94.82759,,232
กรุงเทพมหานคร,23,6,นายวัฒนา เช่งไพเราะ,พลังประชารัฐ,1660,1.76,94233,,94233,,,220,94.82759,,232
กรุงเทพมหานคร,23,7,นายพิริยะ อุไรวงค์,เศรษฐกิจ,1529,1.62,94233,,94233,,,220,94.82759,,232
กรุงเทพมหานคร,23,8,นายภูวพัฒน์ ชนะสกล,ไทยสร้างไทย,1004,1.07,94233,,94233,,,220,94.82759,,232
กรุงเทพมหานคร,23,9,นายภาวุฒิ จุณณานนท์,ไทยก้าวใหม่,755,0.8,94233,,94233,,,220,94.82759,,232
กรุงเทพมหานคร,23,10,นายวรเมธ หวลหอม,ไทยภักดี,563,0.6,94233,,94233,,,220,94.82759,,232
กรุงเทพมหานคร,23,11,นายสุรเกียรติ์ มณีแผลงเจริญชัย,ประชาธิปไตยใหม่,464,0.49,94233,,94233,,,220,94.82759,,232
กรุงเทพมหานคร,23,12,นางสาวณัฐธนินทร์ เลิศเตชะสกุล,กล้าธรรม,325,0.34,94233,,94233,,,220,94.82759,,232
กรุงเทพมหานคร,23,13,นายอนุวัตร เมืองมัจฉา,อนาคตไทย,319,0.34,94233,,94233,,,220,94.82759,,232
กรุงเทพมหานคร,23,14,นายเมธี ใบโสภณ,รักชาติ,298,0.32,94233,,94233,,,220,94.82759,,232
กรุงเทพมหานคร,23,15,นายกิตติธัช อยู่ดี,พลวัต,290,0.31,94233,,94233,,,220,94.82759,,232
กรุงเทพมหานคร,23,16,นายฐิติ วิรทัศนุสรณ์,วิชชั่นใหม่,203,0.22,94233,,94233,,,220,94.82759,,232
กรุงเทพมหานคร,23,17,นายพนิต นะวิโรจน์,ปวงชนไทย,201,0.21,94233,,94233,,,220,94.82759,,232
กรุงเทพมหานคร,23,18,นายสมัย โกกเจริญพงศ์,โอกาสใหม่,184,0.2,94233,,94233,,,220,94.82759,,232
กรุงเทพมหานคร,24,1,นายณพัฏน์ จิตตภินันท์กัณตา,ประชาชน,46415,51.94,89356,,89356,,,221,94.84979,,233
กรุงเทพมหานคร,24,2,นางสาวเจณิสตา เตชะโสภณมณี,ภูมิใจไทย,15300,17.12,89356,,89356,,,221,94.84979,,233
กรุงเทพมหานคร,24,3,นางสาวมารีญา ฤกษ์ดี,ประชาธิปัตย์,13371,14.96,89356,,89356,,,221,94.84979,,233
กรุงเทพมหานคร,24,4,นายวิชญ์วิสิษ โชติกิจพิศาล,เพื่อไทย,6401,7.16,89356,,89356,,,221,94.84979,,233
กรุงเทพมหานคร,24,5,นายกฤษติศักดิ์ พูลสวัสดิ์,เศรษฐกิจ,2509,2.81,89356,,89356,,,221,94.84979,,233
กรุงเทพมหานคร,24,6,นายรัชชานนท์ สมบัติลาภตระกูล,รวมไทยสร้างชาติ,1758,1.97,89356,,89356,,,221,94.84979,,233
กรุงเทพมหานคร,24,7,นายทรงวุฒิ จันทร์อำนวยโชค,ไทยก้าวใหม่,1001,1.12,89356,,89356,,,221,94.84979,,233
กรุงเทพมหานคร,24,8,นางสาวสุภาภรณ์ ไชยโคตร,ไทยสร้างไทย,819,0.92,89356,,89356,,,221,94.84979,,233
กรุงเทพมหานคร,24,9,นายพงศพัศ กตคุณวิสิทธิ์,กล้าธรรม,514,0.58,89356,,89356,,,221,94.84979,,233
กรุงเทพมหานคร,24,10,นางสาวปภาดา ถาวรเศรษฐ,โอกาสใหม่,492,0.55,89356,,89356,,,221,94.84979,,233
กรุงเทพมหานคร,24,11,ร้อยตำรวจเอก จักรกฤช ปิ่นกร,ปวงชนไทย,285,0.32,89356,,89356,,,221,94.84979,,233
กรุงเทพมหานคร,24,12,นายวิษณุ ทิพย์วงศ์,ประชาธิปไตยใหม่,280,0.31,89356,,89356,,,221,94.84979,,233
กรุงเทพมหานคร,24,13,นายชาญวิทย์ อุทัยแสน,ทางเลือกใหม่,211,0.24,89356,,89356,,,221,94.84979,,233
กรุงเทพมหานคร,25,1,นางสาวแอนศิริ วลัยกนก,ประชาชน,37035,44.03,89687,,84112,1443,4132,165,94.82759,,174
กรุงเทพมหานคร,25,2,นายกิตติพล รวยฟูพันธ์,เพื่อไทย,21904,26.04,89687,,84112,1443,4132,165,94.82759,,174
กรุงเทพมหานคร,25,3,นายเจริญศักดิ์ มณีรัตนสุบรรณ,ภูมิใจไทย,10493,12.48,89687,,84112,1443,4132,165,94.82759,,174
กรุงเทพมหานคร,25,4,นายชยิน พึ่งสาย,ประชาธิปัตย์,7071,8.41,89687,,84112,1443,4132,165,94.82759,,174
กรุงเทพมหานคร,25,5,นางสาวปราณี ธรรมนิยม,รวมไทยสร้างชาติ,2493,2.96,89687,,84112,1443,4132,165,94.82759,,174
กรุงเทพมหานคร,25,6,นางสาวทัสนันทน์ สิริเลิศเมฆาสกุล,เศรษฐกิจ,1335,1.59,89687,,84112,1443,4132,165,94.82759,,174
กรุงเทพมหานคร,25,7,นางสาวญาตาวี เซ็นเชาวนิช,พลวัต,980,1.17,89687,,84112,1443,4132,165,94.82759,,174
กรุงเทพมหานคร,25,8,นายธรรมนูญ เทียบขุนทด,พลังประชารัฐ,688,0.82,89687,,84112,1443,4132,165,94.82759,,174
กรุงเทพมหานคร,25,9,นายอมรศักดิ์ สินเหลือ,ไทยสร้างไทย,581,0.69,89687,,84112,1443,4132,165,94.82759,,174
กรุงเทพมหานคร,25,10,นายวิชิต วราศิริกุล,อนาคตไทย,424,0.5,89687,,84112,1443,4132,165,94.82759,,174
กรุงเทพมหานคร,25,11,นางสาวเนตรสกาว ชาหอม,ไทยก้าวใหม่,407,0.48,89687,,84112,1443,4132,165,94.82759,,174
กรุงเทพมหานคร,25,12,นายณัฐดนัย หลำแสงกุล,กล้าธรรม,357,0.42,89687,,84112,1443,4132,165,94.82759,,174
กรุงเทพมหานคร,25,13,นายบุญรุ่ง เต๋งจงดี,โอกาสใหม่,179,0.21,89687,,84112,1443,4132,165,94.82759,,174
กรุงเทพมหานคร,25,14,นายเดชพนต์ ชลธาร,วิชชั่นใหม่,165,0.2,89687,,84112,1443,4132,165,94.82759,,174
กรุงเทพมหานคร,26,1,นาย พงษ์สรณัฐ ทองลี,ประชาชน,44271,49.17,90037,,90037,,,197,94.71154,,208
กรุงเทพมหานคร,26,2,นาย ศรัณยสัณฑ์ วีรกุลสุนทร,เพื่อไทย,16727,18.58,90037,,90037,,,197,94.71154,,208
กรุงเทพมหานคร,26,3,นาย โชติพิพัฒน์ เตชะโสภณมณี,ภูมิใจไทย,11584,12.87,90037,,90037,,,197,94.71154,,208
กรุงเทพมหานคร,26,4,นาย สาโรจน์ ซึ้งไพศาลกุล,ประชาธิปัตย์,8425,9.36,90037,,90037,,,197,94.71154,,208
กรุงเทพมหานคร,26,5,นาย ธวัชชัย ทองสิมา,ไทยสร้างไทย,2506,2.78,90037,,90037,,,197,94.71154,,208
กรุงเทพมหานคร,26,6,นาย ชัยณรงค์ ธีรการุณวงศ์,รวมไทยสร้างชาติ,1562,1.73,90037,,90037,,,197,94.71154,,208
กรุงเทพมหานคร,26,7,พลตรี สุชิน บุญญานันท์,เศรษฐกิจ,1422,1.58,90037,,90037,,,197,94.71154,,208
กรุงเทพมหานคร,26,8,นาย เสฐียรพงษ์ สำแดงสุข,กล้าธรรม,1359,1.51,90037,,90037,,,197,94.71154,,208
กรุงเทพมหานคร,26,9,นาย วิเชียร กันทาทรัพย์,ไทยก้าวใหม่,810,0.9,90037,,90037,,,197,94.71154,,208
กรุงเทพมหานคร,26,10,นาง สดใส โอมหานนท์,ปวงชนไทย,486,0.54,90037,,90037,,,197,94.71154,,208
กรุงเทพมหานคร,26,11,นางสาว นิศาชล ชาหอม,พลวัต,421,0.47,90037,,90037,,,197,94.71154,,208
กรุงเทพมหานคร,26,12,นาง ภัควรินทร์ อติธัญญารัศม์,ประชาธิปไตยใหม่,222,0.25,90037,,90037,,,197,94.71154,,208
กรุงเทพมหานคร,26,13,นาย ณัฐกร มั่นจิตต์,โอกาสใหม่,124,0.14,90037,,90037,,,197,94.71154,,208
กรุงเทพมหานคร,26,14,นาง ธัญยรัตน์ วโรอัครวัฒน์,ไทยพิทักษ์ธรรม,118,0.13,90037,,90037,,,197,94.71154,,208
กรุงเทพมหานคร,27,1,นายนฤพล เลิศปัญญาโรจน์,ประชาชน,43046,47.63,96276,,90381,1564,4331,167,94.88636,,176
กรุงเทพมหานคร,27,2,นายสากล ม่วงศิริ,เพื่อไทย,26986,29.86,96276,,90381,1564,4331,167,94.88636,,176
กรุงเทพมหานคร,27,3,นางสาวมลฑาทิพย์ ทิพยธนาพัฒน์,ประชาธิปัตย์,7490,8.29,96276,,90381,1564,4331,167,94.88636,,176
กรุงเทพมหานคร,27,4,นายศิลปชัย บุญราย,ภูมิใจไทย,6640,7.35,96276,,90381,1564,4331,167,94.88636,,176
กรุงเทพมหานคร,27,5,นายทรงยศ บุญบำรุงชัย,รวมไทยสร้างชาติ,2202,2.44,96276,,90381,1564,4331,167,94.88636,,176
กรุงเทพมหานคร,27,6,นายกัณน์พัฒศ์ ศักดิ์ธนบดี,เศรษฐกิจ,1422,1.57,96276,,90381,1564,4331,167,94.88636,,176
กรุงเทพมหานคร,27,7,นายกิตติคุณ เตชะพกาพงษ์,ปวงชนไทย,706,0.78,96276,,90381,1564,4331,167,94.88636,,176
กรุงเทพมหานคร,27,8,นายเบสท์ วงศ์ไพโรจน์กุล,ไทยสร้างไทย,524,0.58,96276,,90381,1564,4331,167,94.88636,,176
กรุงเทพมหานคร,27,9,นายสามารถ คุ้มทรงธรรม,ไทยก้าวใหม่,493,0.55,96276,,90381,1564,4331,167,94.88636,,176
กรุงเทพมหานคร,27,10,นายมณูเทพย์ ทองปน,กล้าธรรม,384,0.42,96276,,90381,1564,4331,167,94.88636,,176
กรุงเทพมหานคร,27,11,นายอัศวิน คูร์พิพัฒน์,โอกาสใหม่,317,0.35,96276,,90381,1564,4331,167,94.88636,,176
กรุงเทพมหานคร,27,12,นางสาวสิริพรโชค พฤทธเมธวิสุทธิ์,เพื่อบ้านเมือง,171,0.19,96276,,90381,1564,4331,167,94.88636,,176
กรุงเทพมหานคร,28,1,นางสาวชลณัฏฐ์ โกยกุล,ประชาชน,47692,52.09,91560,,91560,,,150,78.53403,,191
กรุงเทพมหานคร,28,2,นางสางมัญดา อัฐจินดา,ภูมิใจไทย,13153,14.37,91560,,91560,,,150,78.53403,,191
กรุงเทพมหานคร,28,3,นายสุวัฒน์ ม่วงศิริ,เพื่อไทย,12310,13.44,91560,,91560,,,150,78.53403,,191
กรุงเทพมหานคร,28,4,นายพร้อมพล ธรรมจินดา,ประชาธิปัตย์,7586,8.29,91560,,91560,,,150,78.53403,,191
กรุงเทพมหานคร,28,5,นางสาวธัญญ์ภรณ์ สุจารีรัตน์,เศรษฐกิจ,2236,2.44,91560,,91560,,,150,78.53403,,191
กรุงเทพมหานคร,28,6,นางสาวทิพย์รัมภา วิธูชุลีโชติ,ไทยก้าวไทย,2071,2.26,91560,,91560,,,150,78.53403,,191
กรุงเทพมหานคร,28,7,นายจักรทิพย์ วงษ์งามสวย,รวมไทยสร้างชาติ,1831,2.0,91560,,91560,,,150,78.53403,,191
กรุงเทพมหานคร,28,8,นายปิ่น แจ้งชะไว,รักชาติ,1609,1.76,91560,,91560,,,150,78.53403,,191
กรุงเทพมหานคร,28,9,นางสาวนัจภัค กรเกษม,กล้าธรรม,1033,1.13,91560,,91560,,,150,78.53403,,191
กรุงเทพมหานคร,28,10,นางสาวณฤษร พฤฒิวโรดม,ไทยสร้างไทย,870,0.95,91560,,91560,,,150,78.53403,,191
กรุงเทพมหานคร,28,11,นายรวินท์ ชอบใช้,โอกาสใหม่,688,0.75,91560,,91560,,,150,78.53403,,191
กรุงเทพมหานคร,28,12,นายไพฑูรย์ ลิขิตบรรจง,ปวงชนไทย,299,0.33,91560,,91560,,,150,78.53403,,191
กรุงเทพมหานคร,28,13,นายพรเทพ ประเสริฐสุรกุล,เพื่อบ้านเมือง,182,0.2,91560,,91560,,,150,78.53403,,191
กรุงเทพมหานคร,29,1,นางสาวทิสรัตน์ เลาหพล,ประชาชน,46402,48.21,96248,,96248,,,189,94.97487,,199
กรุงเทพมหานคร,29,2,นายกฤชนนท์ อัยยปัญญา,เพื่อไทย,16836,17.49,96248,,96248,,,189,94.97487,,199
กรุงเทพมหานคร,29,3,นางสาวธัณยาการย์ เตชะพัฒน์สิริ,ภูมิใจไทย,13062,13.57,96248,,96248,,,189,94.97487,,199
กรุงเทพมหานคร,29,4,นางสาวศิริขวัญ นิลกรรณ์,ประชาธิปัตย์,8987,9.34,96248,,96248,,,189,94.97487,,199
กรุงเทพมหานคร,29,5,นายณรงค์ชัย ธารณา,รวมไทยสร้างชาติ,3379,3.51,96248,,96248,,,189,94.97487,,199
กรุงเทพมหานคร,29,6,นายธรรมราช อาษาสุวรรณ,เศรษฐกิจ,2211,2.3,96248,,96248,,,189,94.97487,,199
กรุงเทพมหานคร,29,7,นายพีร์ โรจนดารา,ไทยสร้างไทย,1757,1.83,96248,,96248,,,189,94.97487,,199
กรุงเทพมหานคร,29,8,นายธนาวุฒิ รัศมีฉาย,พลวัต,865,0.9,96248,,96248,,,189,94.97487,,199
กรุงเทพมหานคร,29,9,นางสาวอรพรรณ วัจนะเสถียรกุล,กล้าธรรม,548,0.57,96248,,96248,,,189,94.97487,,199
กรุงเทพมหานคร,29,10,นายฐานวัฒน์ สถิตโอฬารโรจน์,ไทยก้าวใหม่,532,0.55,96248,,96248,,,189,94.97487,,199
กรุงเทพมหานคร,29,11,นายยุทธนา โตอาจ,โอกาสใหม่,373,0.39,96248,,96248,,,189,94.97487,,199
กรุงเทพมหานคร,29,12,นายธนิสสร กาสาวพานิชย์,รักชาติ,370,0.38,96248,,96248,,,189,94.97487,,199
กรุงเทพมหานคร,29,13,นายธนพล ศรีสุด,ปวงชนไทย,338,0.35,96248,,96248,,,189,94.97487,,199
กรุงเทพมหานคร,29,14,นางสาวอรญา อุษณะอำไพพงษ์,ประชาธิปไตยใหม่,287,0.3,96248,,96248,,,189,94.97487,,199
กรุงเทพมหานคร,29,15,นายกิตติศักดิ์โยธิน ธรรมวัตร,วิชชั่นใหม่,162,0.17,96248,,96248,,,189,94.97487,,199
กรุงเทพมหานคร,29,16,นายพัฒนภาส ลิ่วมโนคุณ,พลังประชารัฐ,139,0.14,96248,,96248,,,189,94.97487,,199
กรุงเทพมหานคร,30,1,นายธัญธร ธนินวัฒนาธร,ประชาชน,45992,49.7,92533,,92533,,,184,94.84536,,194
กรุงเทพมหานคร,30,2,นางสาวอรชพร คงวุฒิปัญญา,เพื่อไทย,14293,15.45,92533,,92533,,,184,94.84536,,194
กรุงเทพมหานคร,30,3,นายอำพล ขำวิลัย,ภูมิใจไทย,11593,12.53,92533,,92533,,,184,94.84536,,194
กรุงเทพมหานคร,30,4,นายคณพล พงศ์พิทยา,ประชาธิปัตย์,8033,8.68,92533,,92533,,,184,94.84536,,194
กรุงเทพมหานคร,30,5,นายกวิน ชาตะวนิช,รวมไทยสร้างชาติ,2513,2.72,92533,,92533,,,184,94.84536,,194
กรุงเทพมหานคร,30,6,นายปภพพล เติมธีรกิจ,ไทยก้าวใหม,2341,2.53,92533,,92533,,,184,94.84536,,194
กรุงเทพมหานคร,30,7,นายธนูชยานันท์ ปั้นบริสุทธิ์,เสรีรวมไทย,1271,1.37,92533,,92533,,,184,94.84536,,194
กรุงเทพมหานคร,30,8,นายวรพงษ์ วณิชอุชโชติ,เศรษฐกิจ,1258,1.36,92533,,92533,,,184,94.84536,,194
กรุงเทพมหานคร,30,9,นางสาวพิชชาภา ทองดียิ่ง,ไทยสร้างไทย,1072,1.16,92533,,92533,,,184,94.84536,,194
กรุงเทพมหานคร,30,10,นายอภิชาติ สุริโย,ไทยภักดี,687,0.74,92533,,92533,,,184,94.84536,,194
กรุงเทพมหานคร,30,11,นางสาวศรัณย์รัชต์ อัศววงศ์ธาดา,เป็นธรรม,630,0.68,92533,,92533,,,184,94.84536,,194
กรุงเทพมหานคร,30,12,นายเอกรัฐ อิทธิไกวัล,กล้าธรรม,456,0.49,92533,,92533,,,184,94.84536,,194
กรุงเทพมหานคร,30,13,นายกิตติพัทธ์ เตชะพกาพงษ์,ปวงชนไทย,441,0.48,92533,,92533,,,184,94.84536,,194
กรุงเทพมหานคร,30,14,ว่าที่ ร.ต. ทรงธรรม ทรงศิริเดชบดี,ประชาธิปไตยใหม่,417,0.45,92533,,92533,,,184,94.84536,,194
กรุงเทพมหานคร,30,15,นายรัชชานนท์ พูนรัตน์,พลังประชารัฐ,389,0.42,92533,,92533,,,184,94.84536,,194
กรุงเทพมหานคร,30,16,นางสาวภูชิตา แก้วมโนรมย์,พลวัต,388,0.42,92533,,92533,,,184,94.84536,,194
กรุงเทพมหานคร,30,17,นางสาวชมกมล วงศ์ชุติโรจน์,รักชาติ,334,0.36,92533,,92533,,,184,94.84536,,194
กรุงเทพมหานคร,30,18,นายไพบูลย์ เกิดโสภา,โอกาสใหม่,285,0.31,92533,,92533,,,184,94.84536,,194
กรุงเทพมหานคร,30,19,นายวงศ์ปกรณ์ เกษมพงศ์จรัส,เพื่อบ้านเมือง,140,0.15,92533,,92533,,,184,94.84536,,194
กรุงเทพมหานคร,31,1,นายอนุสรณ์ ธรรมใจ,ประชาชน,44722,45.41,98491,,98491,,,228,94.60581,,241
กรุงเทพมหานคร,31,2,นายธนพล ชื่นพาณิชยกุล,ภูมิใจไทย,15126,15.36,98491,,98491,,,228,94.60581,,241
กรุงเทพมหานคร,31,3,นายประเวช แสวงสุข,เพื่อไทย,14455,14.68,98491,,98491,,,228,94.60581,,241
กรุงเทพมหานคร,31,4,พันตำรวจเอกทศพล โชติคุตร์,ประชาธิปัตย์,13012,13.21,98491,,98491,,,228,94.60581,,241
กรุงเทพมหานคร,31,5,พันโทสาธิต หงษ์ทอง,เศรษฐกิจ,2889,2.93,98491,,98491,,,228,94.60581,,241
กรุงเทพมหานคร,31,6,นายสรวิศ วัฒนะโชติ,รวมไทยสร้างชาติ,1888,1.92,98491,,98491,,,228,94.60581,,241
กรุงเทพมหานคร,31,7,พลตรีเกียรติคุณ ขำศิริ,ไทยสร้างไทย,1147,1.16,98491,,98491,,,228,94.60581,,241
กรุงเทพมหานคร,31,8,นายสุพิศาล ภักดีนฤนาถ,ไทยธรรม,966,0.98,98491,,98491,,,228,94.60581,,241
กรุงเทพมหานคร,31,9,นางสาวฐาปนี โปร่งรัศมี,ไทยก้าวใหม่,727,0.74,98491,,98491,,,228,94.60581,,241
กรุงเทพมหานคร,31,10,นายวันปิติ สิงหโกวินท์,พลวัต,702,0.71,98491,,98491,,,228,94.60581,,241
กรุงเทพมหานคร,31,11,นายอำนาจ ภิญโญรัตนโยธี,ทางเลือกใหม่,605,0.61,98491,,98491,,,228,94.60581,,241
กรุงเทพมหานคร,31,12,นายชูชาติ ยิ้มงาม,โอกาสใหม่,561,0.57,98491,,98491,,,228,94.60581,,241
กรุงเทพมหานคร,31,13,พันตำรวจโทหญิงรักตาภา วงษ์ยอด,กล้าธรรม,485,0.49,98491,,98491,,,228,94.60581,,241
กรุงเทพมหานคร,31,14,นายเจษฎา แย้มสวย,วิชชั่นใหม่,435,0.44,98491,,98491,,,228,94.60581,,241
กรุงเทพมหานคร,31,15,พลตำรวจโทอัตชัย ดวงอัมพร,ไทยชนะ,387,0.39,98491,,98491,,,228,94.60581,,241
กรุงเทพมหานคร,31,16,นายศิรเมศร์ สุขกุลวรเศรษฐ์,รักชาติ,384,0.39,98491,,98491,,,228,94.60581,,241
กรุงเทพมหานคร,32,1,นางสาวปวิตรา จิตตกิจ,ประชาชน,39727,46.39,93917,,85631,2233,6053,216,94.73684,,228
กรุงเทพมหานคร,32,2,นางสาวศุภิกา พัฒน์ธนันภู,ภูมิใจไทย,13302,15.53,93917,,85631,2233,6053,216,94.73684,,228
กรุงเทพมหานคร,32,3,นายวิสวัส ทองธีรภาพ,ประชาธิปัตย์,11573,13.51,93917,,85631,2233,6053,216,94.73684,,228
กรุงเทพมหานคร,32,4,นางสาวเสาวนีย์ คงวุฒิปัญญา,เพื่อไทย,10257,11.98,93917,,85631,2233,6053,216,94.73684,,228
กรุงเทพมหานคร,32,5,นายวงศธร โชคภัทรชัยกิจ,เศรษฐกิจ,3024,3.53,93917,,85631,2233,6053,216,94.73684,,228
กรุงเทพมหานคร,32,6,นางสาวกัญญาวีร์ จารุสัมพันธ์กนก,รวมไทยสร้างชาติ,1429,1.67,93917,,85631,2233,6053,216,94.73684,,228
กรุงเทพมหานคร,32,7,นายแทนรัก ศาตะมาน,ไทยสร้างไทย,897,1.05,93917,,85631,2233,6053,216,94.73684,,228
กรุงเทพมหานคร,32,8,นางสาววาสนา ชาหอม,พลวัต,873,1.02,93917,,85631,2233,6053,216,94.73684,,228
กรุงเทพมหานคร,32,9,นายธิติพัทธ์ นรวิทย์โชติกุล,เสรีรวมไทย,775,0.91,93917,,85631,2233,6053,216,94.73684,,228
กรุงเทพมหานคร,32,10,นางสาวไปรพร แสงจันทร์,ไทยก้าวใหม่,700,0.82,93917,,85631,2233,6053,216,94.73684,,228
กรุงเทพมหานคร,32,11,นายวิละ อุดม,ทางเลือกใหม่,681,0.8,93917,,85631,2233,6053,216,94.73684,,228
กรุงเทพมหานคร,32,12,นายอนุรักษ์ ปวงคำ,รักชาติ,559,0.65,93917,,85631,2233,6053,216,94.73684,,228
กรุงเทพมหานคร,32,13,นายภูรินันท์ พุทธมา,เพื่อบ้านเมือง,551,0.64,93917,,85631,2233,6053,216,94.73684,,228
กรุงเทพมหานคร,32,14,นางสาวขวัญญดาภรณ์ เชี่ยววิทย์,โอกาสใหม่,497,0.58,93917,,85631,2233,6053,216,94.73684,,228
กรุงเทพมหานคร,32,15,นายปารเมศ เอี่ยมศิลา,กล้าธรรม,435,0.51,93917,,85631,2233,6053,216,94.73684,,228
กรุงเทพมหานคร,32,16,นางสาวนิธิสนี กลิ่นพันธหิรัญ,พลังประชารัฐ,351,0.41,93917,,85631,2233,6053,216,94.73684,,228
กรุงเทพมหานคร,33,1,นายเท่าพิภพ ลิ้มจิตรกร,ประชาชน,44860,47.51,102628,,94416,2142,6070,205,89.51965,,229
กรุงเทพมหานคร,33,2,นายเจตน์สฤษฎิ์ เลิศธนสาร,ประชาธิปัตย์,16359,17.33,102628,,94416,2142,6070,205,89.51965,,229
กรุงเทพมหานคร,33,3,นายอรรทิตย์ฌาณ คูหาเรืองรอง,ภูมิใจไทย,15046,15.94,102628,,94416,2142,6070,205,89.51965,,229
กรุงเทพมหานคร,33,4,นายสุไพรพล เพ็ญแข,เพื่อไทย,7451,7.89,102628,,94416,2142,6070,205,89.51965,,229
กรุงเทพมหานคร,33,5,นายธนกร คงอุดม,รวมไทยสร้างชาติ,2503,2.65,102628,,94416,2142,6070,205,89.51965,,229
กรุงเทพมหานคร,33,6,นายมานัส อรุณวิราม,เศรษฐกิจ,2260,2.39,102628,,94416,2142,6070,205,89.51965,,229
กรุงเทพมหานคร,33,7,นางสาวบุณณดา สุปิยพันธุ์,ไทยก้าวใหม่,1541,1.63,102628,,94416,2142,6070,205,89.51965,,229
กรุงเทพมหานคร,33,8,นายกฤษณ์ สุริยผล,กล้าธรรม,1506,1.6,102628,,94416,2142,6070,205,89.51965,,229
กรุงเทพมหานคร,33,9,นายอมรเทพ หวังแก้ว,ไทยสร้างไทย,768,0.81,102628,,94416,2142,6070,205,89.51965,,229
กรุงเทพมหานคร,33,10,นายอนันตเดช ธนวิภารัตน์,เสรีรวมไทย,626,0.66,102628,,94416,2142,6070,205,89.51965,,229
กรุงเทพมหานคร,33,11,นายธราธรณ์ อรสุขศรี,วิชชั่นใหม่,605,0.64,102628,,94416,2142,6070,205,89.51965,,229
กรุงเทพมหานคร,33,12,นายสุริยะ เรืองพุ่ม,พลวัต,404,0.43,102628,,94416,2142,6070,205,89.51965,,229
กรุงเทพมหานคร,33,13,นายณพมิตร อภิษฎารัตน์,โอกาสใหม่,288,0.31,102628,,94416,2142,6070,205,89.51965,,229
กรุงเทพมหานคร,33,14,นายอภิชาติ ศุภพันธ์,เพื่อบ้านเมือง,199,0.21,102628,,94416,2142,6070,205,89.51965,,229
กาญจนบุรี,1,1,นายอัครนันท์ กัณณ์กิตตินันท์,เพื่อไทย,38572,44.93,96564,,85850,3815,6899,180,94.73684,,190
กาญจนบุรี,1,2,นายภูวนาท รัศมีฤกษ์เศรษฐ์,ประชาชน,26849,31.27,96564,,85850,3815,6899,180,94.73684,,190
กาญจนบุรี,1,3,พ.ต.ท.กิตติพิชญ์ จันทร์สมบูรณ์,ภูมิใจไทย,9864,11.49,96564,,85850,3815,6899,180,94.73684,,190
กาญจนบุรี,1,4,นายกำธร สร้อยพรรณา,รวมไทยสร้างชาติ,3002,3.5,96564,,85850,3815,6899,180,94.73684,,190
กาญจนบุรี,1,5,นายอนุกูล แพรไพศาล,ประชาธิปัตย์,2829,3.3,96564,,85850,3815,6899,180,94.73684,,190
กาญจนบุรี,1,6,นายแดนสรวง กลิ่นสุคนธ์,เศรษฐกิจ,1696,1.98,96564,,85850,3815,6899,180,94.73684,,190
กาญจนบุรี,1,7,ส.อ.ธวัช จูอินทร์,ปวงชนไทย,1241,1.45,96564,,85850,3815,6899,180,94.73684,,190
กาญจนบุรี,1,8,นายบุญฤทธิ์ ธรรมศร,กล้าธรรม,976,1.14,96564,,85850,3815,6899,180,94.73684,,190
กาญจนบุรี,1,9,นายธนกร ทองใบ,เสรีรวมไทย,515,0.6,96564,,85850,3815,6899,180,94.73684,,190
กาญจนบุรี,1,10,นายธัชกฤช หอละเอียด,พลังเพื่อไทย,306,0.36,96564,,85850,3815,6899,180,94.73684,,190
กาญจนบุรี,2,1,นายชูเกียรติ จีนาภักดิ์,ภูมิใจไทย,39327,40.26,103736,,97680,2899,3157,201,94.81132,,212
กาญจนบุรี,2,2,นายชูศักดิ์ แม้นทิม,เพื่อไทย,27028,27.67,103736,,97680,2899,3157,201,94.81132,,212
กาญจนบุรี,2,3,นายกนิษฐ์ วิเศษสิงห์,ประชาชน,17797,18.22,103736,,97680,2899,3157,201,94.81132,,212
กาญจนบุรี,2,4,นายฉัตรพันธ์ เดชกิจสุนทร,กล้าธรรม,8352,8.55,103736,,97680,2899,3157,201,94.81132,,212
กาญจนบุรี,2,5,นายสถาพร วัยวัฒนะ,เศรษฐกิจ,1885,1.93,103736,,97680,2899,3157,201,94.81132,,212
กาญจนบุรี,2,6,นายชาติชาย ศักดิ์อิสระพงศ์,รวมไทยสร้างชาติ,1579,1.62,103736,,97680,2899,3157,201,94.81132,,212
กาญจนบุรี,2,7,นายสุกวี แสงเป่า,ประชาธิปัตย์,977,1.0,103736,,97680,2899,3157,201,94.81132,,212
กาญจนบุรี,2,8,นายชาติชาย เทือกเทียน,ปวงชนไทย,436,0.45,103736,,97680,2899,3157,201,94.81132,,212
กาญจนบุรี,2,9,นายจิตรกร ว่องประเสริฐ,พลังประชารัฐ,299,0.31,103736,,97680,2899,3157,201,94.81132,,212
กาญจนบุรี,3,1,นายยศวัฒน์ มาไพศาลสิน,ภูมิใจไทย,50759,47.02,113958,,107950,3604,2404,217,94.75983,,229
กาญจนบุรี,3,2,นางสาวพลอย ธนิกุล,เพื่อไทย,40278,37.31,113958,,107950,3604,2404,217,94.75983,,229
กาญจนบุรี,3,3,นายชุมพล แสงวรรณ,ประชาชน,14303,13.25,113958,,107950,3604,2404,217,94.75983,,229
กาญจนบุรี,3,4,นางสาววราพร เตชาวัฒนวิศาล,เศรษฐกิจ,1280,1.19,113958,,107950,3604,2404,217,94.75983,,229
กาญจนบุรี,3,5,นายชาติชาย บัวซ้อน,ประชาธิปัตย์,821,0.76,113958,,107950,3604,2404,217,94.75983,,229
กาญจนบุรี,3,6,นางสาวสุมณฑา แก่นอาสา,พลวัต,509,0.47,113958,,107950,3604,2404,217,94.75983,,229
กาญจนบุรี,4,1,นางสาววิสุดา วิเชียรศิลป์,ภูมิใจไทย,52505,63.34,82897,,82897,,,256,94.81481,,270
กาญจนบุรี,4,2,นายเดชสกล จึงประวัติ,ประชาชน,16545,19.96,82897,,82897,,,256,94.81481,,270
กาญจนบุรี,4,3,พล.อ.ชินวัฒน์ แม้นเดช,เพื่อไทย,9877,11.91,82897,,82897,,,256,94.81481,,270
กาญจนบุรี,4,4,ว่าที่ พ.ต. พงษ์เพชร ปรีดิวิสุทธิ์,ประชาธิปัตย์,2291,2.76,82897,,82897,,,256,94.81481,,270
กาญจนบุรี,4,5,นายนิล เชื้อทอง,ปวงชนไทย,700,0.84,82897,,82897,,,256,94.81481,,270
กาญจนบุรี,4,6,ว่าที่ ร.ต.หญิง มานิตา ทิมหอม,พลวัต,581,0.7,82897,,82897,,,256,94.81481,,270
กาญจนบุรี,4,7,นายอำพล อินประเสริฐ,เพื่อบ้านเมือง,398,0.48,82897,,82897,,,256,94.81481,,270
กาญจนบุรี,5,1,นายพนม โพธิ์แก้ว,เพื่อไทย,39023,47.04,89052,,82962,4176,1914,187,94.92386,,197
กาญจนบุรี,5,2,นายศักดิ์ดา วิเชียรศิลป์,ภูมิใจไทย,27305,32.91,89052,,82962,4176,1914,187,94.92386,,197
กาญจนบุรี,5,3,นางสาวเพชรมณี โตเอี่ยม,ประชาชน,13925,16.78,89052,,82962,4176,1914,187,94.92386,,197
กาญจนบุรี,5,4,นายกิตติพงศ์ ศรีกิตติกาญจน์,เศรษฐกิจ,800,0.96,89052,,82962,4176,1914,187,94.92386,,197
กาญจนบุรี,5,5,นายไสว บัวบาน,ประชาธิปัตย์,773,0.93,89052,,82962,4176,1914,187,94.92386,,197
กาญจนบุรี,5,6,นายวันชัย สินประเสริฐ,พลังประชารัฐ,713,0.86,89052,,82962,4176,1914,187,94.92386,,197
กาญจนบุรี,5,7,นายอุตดม สง่างาม,ไทยทรัพย์ทวี,423,0.51,89052,,82962,4176,1914,187,94.92386,,197
กาฬสินธุ์,1,1,นายวิรัช พิมพะนิตย์,เพื่อไทย,35888,42.85,90137,,83744,2808,3585,269,94.71831,,284
กาฬสินธุ์,1,2,นายพีระพันธุ์ ดวงประทุม,ประชาชน,21477,25.65,90137,,83744,2808,3585,269,94.71831,,284
กาฬสินธุ์,1,3,นายปภัทร เฮงไพบูลย์,พลังประชารัฐ,16870,20.14,90137,,83744,2808,3585,269,94.71831,,284
กาฬสินธุ์,1,4,นายเทิดแผ่นดินทอง ธารชัย,ภูมิใจไทย,3616,4.32,90137,,83744,2808,3585,269,94.71831,,284
กาฬสินธุ์,1,5,นายชัย คูสกุลรัตน์,เศรษฐกิจ,1513,1.81,90137,,83744,2808,3585,269,94.71831,,284
กาฬสินธุ์,1,6,นายยาโกรคาน ปาทาน,ทางเลือกใหม่,1438,1.72,90137,,83744,2808,3585,269,94.71831,,284
กาฬสินธุ์,1,7,นางสาวปฐมาภรณ์ มงคลสินธุ์,ประชาธิปัตย์,1045,1.25,90137,,83744,2808,3585,269,94.71831,,284
กาฬสินธุ์,1,8,นายจักรินทร์ พิมรินทร์,รวมไทยสร้างชาติ,700,0.84,90137,,83744,2808,3585,269,94.71831,,284
กาฬสินธุ์,1,9,นายประดิษฐ์ ฉัตรจรัสกูล,กล้าธรรม,554,0.66,90137,,83744,2808,3585,269,94.71831,,284
กาฬสินธุ์,1,10,นางสาวสาวิตรี ไชยสัตย์,เพื่อบ้านเมือง,462,0.55,90137,,83744,2808,3585,269,94.71831,,284
กาฬสินธุ์,1,11,นายไสว เกื้ออนันต์,ประชากรไทย,181,0.22,90137,,83744,2808,3585,269,94.71831,,284
กาฬสินธุ์,2,1,นายพลากร พิมพะนิตย์,เพื่อไทย,43696,57.25,76321,,76321,,,251,94.71698,,265
กาฬสินธุ์,2,2,นายเกียรติศักดิ์ ตั้งรุ่งเรืองอยู่,ประชาชน,17857,23.4,76321,,76321,,,251,94.71698,,265
กาฬสินธุ์,2,3,นายอนิศ โอสถานุเคราะห์,ภูมิใจไทย,7963,10.43,76321,,76321,,,251,94.71698,,265
กาฬสินธุ์,2,4,นางสาวยศรินทร์ ทองเดือน,เศรษฐกิจ,1815,2.38,76321,,76321,,,251,94.71698,,265
กาฬสินธุ์,2,5,นายสุทิน คำนาดี,ทางเลือกใหม่,1535,2.01,76321,,76321,,,251,94.71698,,265
กาฬสินธุ์,2,6,พันตำรวจเอก เรืองยศ ภูพานเพชร,กล้าธรรม,1194,1.56,76321,,76321,,,251,94.71698,,265
กาฬสินธุ์,2,7,นายอรรถวัฒน์ มณีพันธุ์,ประชาธิปัตย์,1154,1.51,76321,,76321,,,251,94.71698,,265
กาฬสินธุ์,2,8,นายชัยทัศน์ อัดโดดดร,พลังประชารัฐ,479,0.63,76321,,76321,,,251,94.71698,,265
กาฬสินธุ์,2,9,นายจีรศักดิ์ ภูโคกหิน,รวมไทยสร้างชาติ,463,0.61,76321,,76321,,,251,94.71698,,265
กาฬสินธุ์,2,10,นายจรวย ปู่หลุ่น,ประชาธิปไตยใหม่,165,0.22,76321,,76321,,,251,94.71698,,265
กาฬสินธุ์,3,1,นายจำลอง ภูนวนทา,กล้าธรรม,27385,35.09,82445,,78033,2518,1894,253,94.75655,,267
กาฬสินธุ์,3,2,นางสาวศิรินันท์ ภูมิเหล่าแจ้ง,เพื่อไทย,15030,19.26,82445,,78033,2518,1894,253,94.75655,,267
กาฬสินธุ์,3,3,นายศุภสิทธิ์ เฮงไพบูลย์,พลังประชารัฐ,14358,18.4,82445,,78033,2518,1894,253,94.75655,,267
กาฬสินธุ์,3,4,นายวีรภัทร ราชชมภู,ประชาชน,11568,14.82,82445,,78033,2518,1894,253,94.75655,,267
กาฬสินธุ์,3,5,นายเดชบดินทร์ พยุงแสนกุล,ภูมิใจไทย,4942,6.33,82445,,78033,2518,1894,253,94.75655,,267
กาฬสินธุ์,3,6,นายปราการ อุตส่าห์,เศรษฐกิจ,1847,2.37,82445,,78033,2518,1894,253,94.75655,,267
กาฬสินธุ์,3,7,นายสัมพันธ์ ภูแป้ง,ประชาธิปัตย์,1285,1.65,82445,,78033,2518,1894,253,94.75655,,267
กาฬสินธุ์,3,8,นางบงกช ผิวคำ,รวมไทยสร้างชาติ,524,0.67,82445,,78033,2518,1894,253,94.75655,,267
กาฬสินธุ์,3,9,นางสาวจินตนา ภูหญ้าแพรด,ไทยก้าวใหม่,414,0.53,82445,,78033,2518,1894,253,94.75655,,267
กาฬสินธุ์,3,10,นายณพงษ์ชัย เชี่ยวรุ่งโรจน์,ทางเลือกใหม่,388,0.5,82445,,78033,2518,1894,253,94.75655,,267
กาฬสินธุ์,3,11,นางสาวรุ่งรุจี สารครศรี,เพื่อบ้านเมือง,159,0.2,82445,,78033,2518,1894,253,94.75655,,267
กาฬสินธุ์,3,12,นางคำพันธ์ เม็นไธสง,ประชาธิปไตยใหม่,133,0.17,82445,,78033,2518,1894,253,94.75655,,267
กาฬสินธุ์,4,1,นายณัฐวัชต์ พิมพะนิตย์,เพื่อไทย,35782,41.78,90104,,85649,2514,1941,294,94.83871,,310
กาฬสินธุ์,4,2,นางสาวประภา เฮงไพบูลย์,พลังประชารัฐ,25187,29.41,90104,,85649,2514,1941,294,94.83871,,310
กาฬสินธุ์,4,3,นายอภิยุทธ ณ กาฬสินธุ์,ประชาชน,13431,15.68,90104,,85649,2514,1941,294,94.83871,,310
กาฬสินธุ์,4,4,นายวิรัตน์ ภูต้องใจ,ภูมิใจไทย,3939,4.6,90104,,85649,2514,1941,294,94.83871,,310
กาฬสินธุ์,4,5,นายชนินทร์ คะอังกุ,กล้าธรรม,3930,4.59,90104,,85649,2514,1941,294,94.83871,,310
กาฬสินธุ์,4,6,นายทองพูล พลพุทธา,เศรษฐกิจ,846,0.99,90104,,85649,2514,1941,294,94.83871,,310
กาฬสินธุ์,4,7,นายสุระชัย ไชยทองศรี,รวมไทยสร้างชาติ,768,0.9,90104,,85649,2514,1941,294,94.83871,,310
กาฬสินธุ์,4,8,นายวิศรุต พัฒนชัย,ทางเลือกใหม่,633,0.74,90104,,85649,2514,1941,294,94.83871,,310
กาฬสินธุ์,4,9,นางสาวธีรัตม์ ด้วยโชติ,ประชาธิปไตยใหม่,460,0.54,90104,,85649,2514,1941,294,94.83871,,310
กาฬสินธุ์,4,10,นายชอบเรียน วงศ์ศิริ,ประชาธิปัตย์,390,0.46,90104,,85649,2514,1941,294,94.83871,,310
กาฬสินธุ์,4,11,นายชูถิ่น จำเริญเจือ,ประชากรไทย,181,0.21,90104,,85649,2514,1941,294,94.83871,,310
กาฬสินธุ์,4,12,นางสาววาสนา แสนบุญศิริ,เพื่อบ้านเมือง,102,0.12,90104,,85649,2514,1941,294,94.83871,,310
กาฬสินธุ์,5,1,นางสาวบุญญาภา นาชัยเวียง ปุณณนิฏฐา,ภูมิใจไทย,48271,53.78,93903,,89758,2305,1840,276,94.84536,,291
กาฬสินธุ์,5,2,นายทินพล ศรีธเรศ,เพื่อไทย,22785,25.38,93903,,89758,2305,1840,276,94.84536,,291
กาฬสินธุ์,5,3,นายทวี ขาวผ่อง,ประชาชน,12077,13.46,93903,,89758,2305,1840,276,94.84536,,291
กาฬสินธุ์,5,4,นางวิไลพร นิพัฒน์,โอกาสใหม่,4019,4.48,93903,,89758,2305,1840,276,94.84536,,291
กาฬสินธุ์,5,5,นางรัศมี โพธะศรี,เศรษฐกิจ,824,0.92,93903,,89758,2305,1840,276,94.84536,,291
กาฬสินธุ์,5,6,นายวรพรต สมบัติมล,ทางเลือกใหม่,457,0.51,93903,,89758,2305,1840,276,94.84536,,291
กาฬสินธุ์,5,7,นายเริงชาติ ศรีขจรวงศ์,กล้าธรรม,417,0.46,93903,,89758,2305,1840,276,94.84536,,291
กาฬสินธุ์,5,8,นายทองหลอม ถิตย์สิทธิ์,รวมไทยสร้างชาติ,391,0.44,93903,,89758,2305,1840,276,94.84536,,291
กาฬสินธุ์,5,9,ร้อยตรีสินธร ไร่สงวน,ประชากรไทย,250,0.28,93903,,89758,2305,1840,276,94.84536,,291
กาฬสินธุ์,5,10,นายสุวิทย์ นันอำไพ,ประชาธิปัตย์,204,0.23,93903,,89758,2305,1840,276,94.84536,,291
กาฬสินธุ์,5,11,นายทวีคิด อุปกา,ประชาธิปไตยใหม่,63,0.07,93903,,89758,2305,1840,276,94.84536,,291
กาฬสินธุ์,6,1,นายชนะวุธ อุทโท,เพื่อไทย,59665,65.23,91466,,91466,,,279,94.89796,,294
กาฬสินธุ์,6,2,นายประเสริฐ บุญเรื่อง,ภูมิใจไทย,15141,16.55,91466,,91466,,,279,94.89796,,294
กาฬสินธุ์,6,3,นายสุขพัฒน์ คุณธวงศ์,ประชาชน,13120,14.34,91466,,91466,,,279,94.89796,,294
กาฬสินธุ์,6,4,นายจุฬา ศรีบุตตะ,พลังประชารัฐ,1269,1.39,91466,,91466,,,279,94.89796,,294
กาฬสินธุ์,6,5,นายภูมิพิพัฒน์ ไชยทองศรี,รวมไทยสร้างชาติ,787,0.86,91466,,91466,,,279,94.89796,,294
กาฬสินธุ์,6,6,นายณัฏฐพงศ์ โพธะศรี,เศรษฐกิจ,452,0.49,91466,,91466,,,279,94.89796,,294
กาฬสินธุ์,6,7,นายปรีชา นันอำไพ,ประชาธิปัตย์,425,0.46,91466,,91466,,,279,94.89796,,294
กาฬสินธุ์,6,8,นายสุรพงษ์ พลชื่อ,กล้าธรรม,337,0.37,91466,,91466,,,279,94.89796,,294
กาฬสินธุ์,6,9,นายณัฐวัฒน์ กาฬหว้า,พลวัต,176,0.19,91466,,91466,,,279,94.89796,,294
กาฬสินธุ์,6,10,นางสาววรัญญา เพียรสดับ,เพื่อบ้านเมือง,94,0.1,91466,,91466,,,279,94.89796,,294
กำแพงเพชร,1,1,นายไผ่ ลิกค์,กล้าธรรม,45347,49.88,101439,,90911,5247,5281,264,94.96403,,278
กำแพงเพชร,1,2,นายปริญวัฒน์ ทวีกิจศิรพงษ์,ประชาชน,33203,36.52,101439,,90911,5247,5281,264,94.96403,,278
กำแพงเพชร,1,3,นางสาวนันทิตา โต๊ะดอนทอง,ประชาธิปัตย์,4465,4.91,101439,,90911,5247,5281,264,94.96403,,278
กำแพงเพชร,1,4,นายศรสิน อินทะชัย,ภูมิใจไทย,3498,3.85,101439,,90911,5247,5281,264,94.96403,,278
กำแพงเพชร,1,5,นายชัยพันธ์ ศรีคชไกร,เพื่อไทย,2650,2.91,101439,,90911,5247,5281,264,94.96403,,278
กำแพงเพชร,1,6,นายพิบูลย์ รื่นสันต์ ทรายทองวัฒนา,เศรษฐกิจ,1748,1.92,101439,,90911,5247,5281,264,94.96403,,278
กำแพงเพชร,2,1,นายเพชรภูมิ อาภรณ์รัตน์,กล้าธรรม,42302,43.38,105321,,97504,4752,3065,305,94.7205,,322
กำแพงเพชร,2,2,นายธนากร รัตนากร,เพื่อไทย,32930,33.77,105321,,97504,4752,3065,305,94.7205,,322
กำแพงเพชร,2,3,นายสุกิจ ศุภกิจเจริญ,ประชาชน,16681,17.11,105321,,97504,4752,3065,305,94.7205,,322
กำแพงเพชร,2,4,นายสมชาย ผลมา,ภูมิใจไทย,2161,2.22,105321,,97504,4752,3065,305,94.7205,,322
กำแพงเพชร,2,5,นางสาวกาญจนา เสือจู,ประชาธิปัตย์,2108,2.16,105321,,97504,4752,3065,305,94.7205,,322
กำแพงเพชร,2,6,นายเรวัตร์ อินทพงษ์,พลังประชารัฐ,1322,1.36,105321,,97504,4752,3065,305,94.7205,,322
กำแพงเพชร,3,1,นายนพพล ผลอำนวย,เพื่อไทย,33653,40.07,91355,,83994,4217,3144,270,94.73684,,285
กำแพงเพชร,3,2,นางสาวพิชญา อาภรณ์รัตน์,กล้าธรรม,30151,35.9,91355,,83994,4217,3144,270,94.73684,,285
กำแพงเพชร,3,3,นายศักดา บุญสังวาลย์,ประชาชน,13026,15.51,91355,,83994,4217,3144,270,94.73684,,285
กำแพงเพชร,3,4,นางชัญญาณ์ภัช เรืองระยับชัย,ภูมิใจไทย,1979,2.36,91355,,83994,4217,3144,270,94.73684,,285
กำแพงเพชร,3,5,นายนพพล ศรีแบ่งวงค์,ประชาธิปัตย์,1620,1.93,91355,,83994,4217,3144,270,94.73684,,285
กำแพงเพชร,3,6,นายจรัญ อิสระบัณฑิตสกุล,พลังประชารัฐ,1389,1.65,91355,,83994,4217,3144,270,94.73684,,285
กำแพงเพชร,3,7,นางสาวมาลิณี กลางชาติ,เศรษฐกิจ,1157,1.38,91355,,83994,4217,3144,270,94.73684,,285
กำแพงเพชร,3,8,นายอรุโณทัย ชุมเสน,โอกาสใหม่,550,0.65,91355,,83994,4217,3144,270,94.73684,,285
กำแพงเพชร,3,9,นายธวัชชัย อาบทอง,ใหม่,469,0.56,91355,,83994,4217,3144,270,94.73684,,285
กำแพงเพชร,4,1,นายสุรสิทธิ์ วงศ์วิทยานันท์,เพื่อไทย,38450,44.56,86283,,86283,,,287,94.71947,,303
กำแพงเพชร,4,2,นายปริญญา ฤกษ์หร่าย,กล้าธรรม,27423,31.78,86283,,86283,,,287,94.71947,,303
กำแพงเพชร,4,3,นายอัศนัย แดงศรี,ประชาชน,15711,18.21,86283,,86283,,,287,94.71947,,303
กำแพงเพชร,4,4,พันตำรวจเอกกำลาภ โตทองสุข,ภูมิใจไทย,1888,2.19,86283,,86283,,,287,94.71947,,303
กำแพงเพชร,4,5,นายพลเดช ศรีแบ่งวงค์,ประชาธิปัตย์,1215,1.41,86283,,86283,,,287,94.71947,,303
กำแพงเพชร,4,6,นายธานันท์ หล่าวเจริญ,โอกาสใหม่,800,0.93,86283,,86283,,,287,94.71947,,303
กำแพงเพชร,4,7,นายรุ่งเจริญ โชติมั่ง,ใหม่,423,0.49,86283,,86283,,,287,94.71947,,303
กำแพงเพชร,4,8,นายปรีชา เพ็งภู่,พลังประชารัฐ,373,0.43,86283,,86283,,,287,94.71947,,303
ขอนแก่น,1,1,นายวีรนันท์ ฮวดศรี,ประชาชน,35303,42.53,91147,,83007,2621,5519,170,94.97207,,179
ขอนแก่น,1,2,นายวิทิต ทองโสภิต,ภูมิใจไทย,23307,28.08,91147,,83007,2621,5519,170,94.97207,,179
ขอนแก่น,1,3,นายณณฑ์พัชธี กันตวธีระณัต,เพื่อไทย,15596,18.79,91147,,83007,2621,5519,170,94.97207,,179
ขอนแก่น,1,4,นายธรรมรัตน์ จันท่าจีน,ประชาธิปัตย์,2719,3.28,91147,,83007,2621,5519,170,94.97207,,179
ขอนแก่น,1,5,นางสาวศุภิกา ศุภรมย์,รวมไทยสร้างชาติ,1887,2.27,91147,,83007,2621,5519,170,94.97207,,179
ขอนแก่น,1,6,ว่าที่พันตรีสุดใจ จันทะบุรม,เศรษฐกิจ,1534,1.85,91147,,83007,2621,5519,170,94.97207,,179
ขอนแก่น,1,7,พันตำรวจเอกอิทธิกร อุ่นประกอ,พลังประชารัฐ,1366,1.65,91147,,83007,2621,5519,170,94.97207,,179
ขอนแก่น,1,8,นายเนติธร ช่วยหาร,ไทยภักดี,557,0.67,91147,,83007,2621,5519,170,94.97207,,179
ขอนแก่น,1,9,นางสาวโชติกา สอนโว,ไทยก้าวใหม่,540,0.65,91147,,83007,2621,5519,170,94.97207,,179
ขอนแก่น,1,10,นายนรเศรษฐ์ ศรีเงิน,ประชากรไทย,198,0.24,91147,,83007,2621,5519,170,94.97207,,179
ขอนแก่น,2,1,นายอิทธิพล ชลธราศิริ,ประชาชน,41012,42.59,96299,,96299,,,170,94.97207,,179
ขอนแก่น,2,2,นายชัชวาล ธีรภานุ,กล้าธรรม,26649,27.67,96299,,96299,,,170,94.97207,,179
ขอนแก่น,2,3,นายโกเมศ ทีฆธนานนท์,เพื่อไทย,16293,16.92,96299,,96299,,,170,94.97207,,179
ขอนแก่น,2,4,นายพราหมณ์อิศรา อินทร์ยา,เศรษฐกิจ,3788,3.93,96299,,96299,,,170,94.97207,,179
ขอนแก่น,2,5,นางสาวณัฏฐศศิ ประทีปะวณิช,พลังประชารัฐ,3294,3.42,96299,,96299,,,170,94.97207,,179
ขอนแก่น,2,6,นายวสันต์ ศรีดรราช,ประชาธิปัตย์,2172,2.26,96299,,96299,,,170,94.97207,,179
ขอนแก่น,2,7,นายศุภกร สวรรค์ฑากร,รวมไทยสร้างชาติ,1874,1.95,96299,,96299,,,170,94.97207,,179
ขอนแก่น,2,8,นายอิศม์เดช ฤๅชา,ไทยภักดี,742,0.77,96299,,96299,,,170,94.97207,,179
ขอนแก่น,2,9,นายธีรพัฒน์ ศรีเมืองบุญ,ไทยก้าวใหม่,475,0.49,96299,,96299,,,170,94.97207,,179
ขอนแก่น,3,1,นายเอกชัย สืบสารคาม,กล้าธรรม,30645,36.16,90629,,84748,3972,1909,252,94.73684,,266
ขอนแก่น,3,2,นายชัชวาล อภิรักษ์มั่นคง,ประชาชน,29282,34.55,90629,,84748,3972,1909,252,94.73684,,266
ขอนแก่น,3,3,พันตำรวจเอกประศาสตร์ แน่นอุดร,เพื่อไทย,21030,24.81,90629,,84748,3972,1909,252,94.73684,,266
ขอนแก่น,3,4,นายปัญญา ศรีปัญญา,เศรษฐกิจ,1171,1.38,90629,,84748,3972,1909,252,94.73684,,266
ขอนแก่น,3,5,นายสมหวัง อ่อนราษฎร์,ภูมิใจไทย,987,1.16,90629,,84748,3972,1909,252,94.73684,,266
ขอนแก่น,3,6,นายสถาพร ระวิสิทธิ์,ไทยก้าวใหม่,687,0.81,90629,,84748,3972,1909,252,94.73684,,266
ขอนแก่น,3,7,นายนิเวศ จักร์นารายณ์,รวมไทยสร้างชาติ,482,0.57,90629,,84748,3972,1909,252,94.73684,,266
ขอนแก่น,3,8,นายพลชัย พิพิธวรกุล,ประชาธิปัตย์,464,0.55,90629,,84748,3972,1909,252,94.73684,,266
ขอนแก่น,4,1,นายรุ่งโรจน์ เย็นสบาย,เพื่อไทย,40255,44.38,95728,,90702,2779,2247,243,94.92188,,256
ขอนแก่น,4,2,นางสาวอาทิตยา พงษ์สมบัติ,กล้าธรรม,22219,24.5,95728,,90702,2779,2247,243,94.92188,,256
ขอนแก่น,4,3,นายวุฒิรักษ์ แพงตาแก้ว,ประชาชน,16325,18.0,95728,,90702,2779,2247,243,94.92188,,256
ขอนแก่น,4,4,นายนันทวิชช์ วรรณเสน,เป็นธรรม,6373,7.03,95728,,90702,2779,2247,243,94.92188,,256
ขอนแก่น,4,5,นายจรูญ ยศธสาร,ภูมิใจไทย,1627,1.79,95728,,90702,2779,2247,243,94.92188,,256
ขอนแก่น,4,6,นางบุษบา แสนสีหา,ไทยภักดี,1205,1.33,95728,,90702,2779,2247,243,94.92188,,256
ขอนแก่น,4,7,นายวิษณุ วงษ์เสนา,ประชาธิปัตย์,730,0.8,95728,,90702,2779,2247,243,94.92188,,256
ขอนแก่น,4,8,นายวุฒิกร แสงประดิษฐ์,เศรษฐกิจ,730,0.8,95728,,90702,2779,2247,243,94.92188,,256
ขอนแก่น,4,9,ร.ต.อ.ประภาส น้อยเลาหกุล,ไทยก้าวใหม่,587,0.65,95728,,90702,2779,2247,243,94.92188,,256
ขอนแก่น,4,10,นายชัยนิวัฒน์ ไชยสา,รวมไทยสร้างชาติ,535,0.59,95728,,90702,2779,2247,243,94.92188,,256
ขอนแก่น,4,11,นายประเคน โอดพิมพ์,ทางเลือกใหม่,116,0.13,95728,,90702,2779,2247,243,94.92188,,256
ขอนแก่น,5,1,นายปราชญา หงอกชัย,กล้าธรรม,36120,44.53,85145,,81109,2579,1457,252,94.73684,,266
ขอนแก่น,5,2,นายภาควัต ศรีสุรพล,เพื่อไทย,32006,39.46,85145,,81109,2579,1457,252,94.73684,,266
ขอนแก่น,5,3,นางคะนางค์ รักโนนสูง,ประชาชน,8867,10.93,85145,,81109,2579,1457,252,94.73684,,266
ขอนแก่น,5,4,นายอภิวัตน์ จ่าตา,ภูมิใจไทย,1685,2.08,85145,,81109,2579,1457,252,94.73684,,266
ขอนแก่น,5,5,นายจิรจิตติ์ นามจันดี,ไทยก้าวใหม่,1043,1.29,85145,,81109,2579,1457,252,94.73684,,266
ขอนแก่น,5,6,ด.ต.บุญเหลือ แก่งสันเทียะ,เศรษฐกิจ,619,0.76,85145,,81109,2579,1457,252,94.73684,,266
ขอนแก่น,5,7,นายวิรัตน์ ปัตโต,ประชาธิปัตย์,409,0.5,85145,,81109,2579,1457,252,94.73684,,266
ขอนแก่น,5,8,นางสบาย ธรรมเขต,รวมไทยสร้างชาติ,193,0.24,85145,,81109,2579,1457,252,94.73684,,266
ขอนแก่น,5,9,นายศักดิ์ชัย คำขวา,ทางเลือกใหม่,87,0.11,85145,,81109,2579,1457,252,94.73684,,266
ขอนแก่น,5,10,นายภิเภก คำชมพู,ประชาธิปไตยใหม่,80,0.1,85145,,81109,2579,1457,252,94.73684,,266
ขอนแก่น,6,1,นายวิศรุต ปู่เพิ่ง,ภูมิใจไทย,43246,54.11,79916,,79916,,,244,94.94163,,257
ขอนแก่น,6,2,นางสาวพลอยไพลิน เกียรติสุรนนท์,เพื่อไทย,19300,24.15,79916,,79916,,,244,94.94163,,257
ขอนแก่น,6,3,นายอภิชัย ชาตะมีนา,ประชาชน,14374,17.99,79916,,79916,,,244,94.94163,,257
ขอนแก่น,6,4,นายสำราญ ศรีภา,พลังประชารัฐ,1452,1.82,79916,,79916,,,244,94.94163,,257
ขอนแก่น,6,5,นายนิติศาสตร์ กุลน้อย,ประชาธิปัตย์,717,0.9,79916,,79916,,,244,94.94163,,257
ขอนแก่น,6,6,นายพงษ์นิรันดร์ อุทัยกาญจนกุล,รวมไทยสร้างชาติ,517,0.65,79916,,79916,,,244,94.94163,,257
ขอนแก่น,6,7,นายสุธรรม โพแหบ,ทางเลือกใหม่,167,0.21,79916,,79916,,,244,94.94163,,257
ขอนแก่น,6,8,นายลานบุญ สีลา,ไทยก้าวใหม่,143,0.18,79916,,79916,,,244,94.94163,,257
ขอนแก่น,7,1,นายสุรพจน์ เตาะเจริญสุข,เพื่อไทย,32796,39.41,90247,,83207,4413,2627,263,94.94585,,277
ขอนแก่น,7,2,นายภูษณ คำเวียง,กล้าธรรม,21458,25.79,90247,,83207,4413,2627,263,94.94585,,277
ขอนแก่น,7,3,นายวีรภัทร มีสกุลทิพยานนท์,ประชาชน,15813,19.0,90247,,83207,4413,2627,263,94.94585,,277
ขอนแก่น,7,4,นายสมศักดิ์ คุณเงิน,ภูมิใจไทย,11266,13.54,90247,,83207,4413,2627,263,94.94585,,277
ขอนแก่น,7,5,นายสุพรรณ์ ศรีบุญเรือง,รวมไทยสร้างชาติ,781,0.94,90247,,83207,4413,2627,263,94.94585,,277
ขอนแก่น,7,6,นายโกมล สำแดง,ประชาธิปัตย์,573,0.69,90247,,83207,4413,2627,263,94.94585,,277
ขอนแก่น,7,7,ร้อยตำรวจเอกบุญรอด ศรีเมืองบุญ,ไทยก้าวใหม่,373,0.45,90247,,83207,4413,2627,263,94.94585,,277
ขอนแก่น,7,8,นายหนูดี นามาก,ทางเลือกใหม่,147,0.18,90247,,83207,4413,2627,263,94.94585,,277
ขอนแก่น,8,1,นายธนิก มาสีพิทักษ์,กล้าธรรม,33926,37.83,96586,,89683,3629,3274,244,94.94163,,257
ขอนแก่น,8,2,นางสาววิภาณี ภูคำวงศ์,เพื่อไทย,27594,30.77,96586,,89683,3629,3274,244,94.94163,,257
ขอนแก่น,8,3,ว่าที่ร้อยตรี ยอดเพชร อุดเมืองเพีย,ประชาชน,18648,20.79,96586,,89683,3629,3274,244,94.94163,,257
ขอนแก่น,8,4,นายศิริพงษ์ อรุณเดชาชัย,ภูมิใจไทย,3842,4.28,96586,,89683,3629,3274,244,94.94163,,257
ขอนแก่น,8,5,นางสาวณิชวดี เลิศมหาลาภ,ไทยสร้างไทย,2186,2.44,96586,,89683,3629,3274,244,94.94163,,257
ขอนแก่น,8,6,นายสมบุญ ยะมุลณี,เศรษฐกิจ,1136,1.27,96586,,89683,3629,3274,244,94.94163,,257
ขอนแก่น,8,7,นางสาวสมใจ ทองบาง,ประชาธิปัตย์,1126,1.26,96586,,89683,3629,3274,244,94.94163,,257
ขอนแก่น,8,8,นายอุทัย หานนท์,รวมไทยสร้างชาติ,772,0.86,96586,,89683,3629,3274,244,94.94163,,257
ขอนแก่น,8,9,นายเดชาวัต ศรีพุดฑา,ไทยก้าวใหม่,453,0.51,96586,,89683,3629,3274,244,94.94163,,257
ขอนแก่น,9,1,นายณัฐพล กลุ่มเหรียญทอง,เพื่อไทย,42803,52.78,85016,,81101,2531,1384,270,94.73684,,285
ขอนแก่น,9,2,นางสาวสรัสนันท์ อรรณนพพร,ภูมิใจไทย,20997,25.89,85016,,81101,2531,1384,270,94.73684,,285
ขอนแก่น,9,3,นางสาวกมลชนก สุพรรณฝ่าย,ประชาชน,14272,17.6,85016,,81101,2531,1384,270,94.73684,,285
ขอนแก่น,9,4,นายศักดิ์สิทธิ์ สิงห์สุนีย์,ประชากรไทย,1612,1.99,85016,,81101,2531,1384,270,94.73684,,285
ขอนแก่น,9,5,นายวีระ วิชาธรรม,ไทยภักดี,654,0.81,85016,,81101,2531,1384,270,94.73684,,285
ขอนแก่น,9,6,นายเกียรติศิริกุล ทีนรส,ไทยสร้างไทย,397,0.49,85016,,81101,2531,1384,270,94.73684,,285
ขอนแก่น,9,7,ว่าที่ร้อยโทเอ็มโอด บุญทน,ประชาธิปไตยใหม่,244,0.3,85016,,81101,2531,1384,270,94.73684,,285
ขอนแก่น,9,8,นายขจรศักดิ์ชนัน จิตภิลัย,พลังประชารัฐ,122,0.15,85016,,81101,2531,1384,270,94.73684,,285
ขอนแก่น,10,1,นายพชรกร อรรณนพพร,ภูมิใจไทย,39396,47.04,83757,,83757,,,292,94.49838,,309
ขอนแก่น,10,2,นายวันนิวัติ สมบูรณ์,เพื่อไทย,32727,39.07,83757,,83757,,,292,94.49838,,309
ขอนแก่น,10,3,นายนิวัตร สระพรม,ประชาชน,10229,12.21,83757,,83757,,,292,94.49838,,309
ขอนแก่น,10,4,ร.ต.ท.สงวน คมขาว,ไทยก้าวใหม่,604,0.72,83757,,83757,,,292,94.49838,,309
ขอนแก่น,10,5,นายวิระศักดิ์ สายทอง,ประชาธิปัตย์,475,0.57,83757,,83757,,,292,94.49838,,309
ขอนแก่น,10,6,นายประยูร เทียมทะนง,กล้าธรรม,326,0.39,83757,,83757,,,292,94.49838,,309
ขอนแก่น,11,1,นายองอาจ ฉัตรชัยพลรัตน์,ภูมิใจไทย,48810,63.96,82562,,76313,4128,2121,253,94.75655,,267
ขอนแก่น,11,2,นายจิรายุ โชติศิลากุล,เพื่อไทย,13775,18.05,82562,,76313,4128,2121,253,94.75655,,267
ขอนแก่น,11,3,นางสาวณัฏฐณิชา สารบรรณ,ประชาชน,11431,14.98,82562,,76313,4128,2121,253,94.75655,,267
ขอนแก่น,11,4,นายพันศักดิ์ คงแสง,ประชาธิปัตย์,836,1.1,82562,,76313,4128,2121,253,94.75655,,267
ขอนแก่น,11,5,นางสาวสุวรรณนภา แสนสีหา,ไทยภักดี,732,0.96,82562,,76313,4128,2121,253,94.75655,,267
ขอนแก่น,11,6,นายพัฒนวิทย์ ใจตรง,กล้าธรรม,403,0.53,82562,,76313,4128,2121,253,94.75655,,267
ขอนแก่น,11,7,ร้อยตำรวจโทเสวียน สมตัว,ไทยก้าวใหม่,326,0.43,82562,,76313,4128,2121,253,94.75655,,267
จันทบุรี,1,1,พลตำรวจโท สุรพล วิรัตน์โยสินทร์,ภูมิใจไทย,32984,32.7,100866,,100866,,,280,94.91525,,295
จันทบุรี,1,2,นายวรายุทธ ทองสุข,ประชาชน,29390,29.14,100866,,100866,,,280,94.91525,,295
จันทบุรี,1,3,นายเฉลิมพล ศักดิ์คำ,เพื่อไทย,23506,23.3,100866,,100866,,,280,94.91525,,295
จันทบุรี,1,4,นายอิทธิพล จังสิริมงคล,ประชาธิปัตย์,6271,6.22,100866,,100866,,,280,94.91525,,295
จันทบุรี,1,5,นายอธิวัฒน์ อำนาจสกุลเกียรติ,เศรษฐกิจ,3460,3.43,100866,,100866,,,280,94.91525,,295
จันทบุรี,1,6,พลเอก กังวาน สุจินต์,รวมไทยสร้างชาติ,2115,2.1,100866,,100866,,,280,94.91525,,295
จันทบุรี,1,7,นายมานะ ชนะสิทธิ์,กล้าธรรม,1736,1.72,100866,,100866,,,280,94.91525,,295
จันทบุรี,1,8,นางสาวระพีพร ชำนาญเวช,ไทยก้าวใหม่,1133,1.12,100866,,100866,,,280,94.91525,,295
จันทบุรี,1,9,นายชวลิต สุขเกษม,ปวงชนไทย,271,0.27,100866,,100866,,,280,94.91525,,295
จันทบุรี,2,1,นายคัมภีร์ ชื่นบาน,ภูมิใจไทย,39979,43.55,102880,,91807,5014,6059,273,94.79167,,288
จันทบุรี,2,2,นางสาวปรัชญาวรรณ ไชยสืบ,ประชาชน,29466,32.1,102880,,91807,5014,6059,273,94.79167,,288
จันทบุรี,2,3,นายจารึก ศรีอ่อน,เพื่อไทย,9940,10.83,102880,,91807,5014,6059,273,94.79167,,288
จันทบุรี,2,4,นายสิรวิชญ์ กิตติวงศา,ประชาธิปัตย์,6708,7.31,102880,,91807,5014,6059,273,94.79167,,288
จันทบุรี,2,5,นายจตุพร นิยมพฤกษ์,เศรษฐกิจ,4672,5.09,102880,,91807,5014,6059,273,94.79167,,288
จันทบุรี,2,6,นายบุญธรรม เจริญกล้า,กล้าธรรม,1042,1.13,102880,,91807,5014,6059,273,94.79167,,288
จันทบุรี,3,1,นายชรัตน์ เนรัญชร,ภูมิใจไทย,31798,34.88,101001,,91176,4249,5576,281,94.93243,,296
จันทบุรี,3,2,นายพราหมณ์ มุกดาสนิท,พลังประชารัฐ,26664,29.24,101001,,91176,4249,5576,281,94.93243,,296
จันทบุรี,3,3,นายไพโรจน์ บัวเผื่อน,ประชาชน,20697,22.7,101001,,91176,4249,5576,281,94.93243,,296
จันทบุรี,3,4,นายเกรียงเดช เข็มทอง,เพื่อไทย,4138,4.54,101001,,91176,4249,5576,281,94.93243,,296
จันทบุรี,3,5,นายแสนคมณ์มินทร์ อนามพงษ์,กล้าธรรม,2924,3.21,101001,,91176,4249,5576,281,94.93243,,296
จันทบุรี,3,6,นายกฤตนัน เย็นสำราญ,ประชาธิปัตย์,2830,3.1,101001,,91176,4249,5576,281,94.93243,,296
จันทบุรี,3,7,นายอดุลย์ ศรีภูมิสวัสดิ์,รักชาติ,1030,1.13,101001,,91176,4249,5576,281,94.93243,,296
จันทบุรี,3,8,นายพชรดนัย ใจเที่ยง,ไทยก้าวใหม่,856,0.94,101001,,91176,4249,5576,281,94.93243,,296
จันทบุรี,3,9,นายธัญกาญจน์ อัครเดชเดชา,ปวงชนไทย,239,0.26,101001,,91176,4249,5576,281,94.93243,,296
ฉะเชิงเทรา,1,1,นางฐิติมา ฉายแสง,เพื่อไทย,38717,40.33,96004,,96004,,,244,94.94163,,257
ฉะเชิงเทรา,1,2,นายชานน อันไชยะ,ประชาชน,34889,36.34,96004,,96004,,,244,94.94163,,257
ฉะเชิงเทรา,1,3,นายกิตติชัย เรืองสวัสดิ์,ภูมิใจไทย,13705,14.28,96004,,96004,,,244,94.94163,,257
ฉะเชิงเทรา,1,4,นางสาวอรกฤติย์ แววคล้ายหงษ์,ประชาธิปัตย์,5677,5.91,96004,,96004,,,244,94.94163,,257
ฉะเชิงเทรา,1,5,นายฐาปกรณ์ เกิดพิทักษ์,กล้าธรรม,1889,1.97,96004,,96004,,,244,94.94163,,257
ฉะเชิงเทรา,1,6,นายวิรัตน์ เนียงมงคล,ปวงชนไทย,1127,1.17,96004,,96004,,,244,94.94163,,257
ฉะเชิงเทรา,2,1,นายอรรถกร ศิริลัทธยากร,กล้าธรรม,50833,46.28,109828,,109828,,,264,94.96403,,278
ฉะเชิงเทรา,2,2,นายพันธุ์พงศ์ อัศวชัยโสภณ,เพื่อไทย,32111,29.24,109828,,109828,,,264,94.96403,,278
ฉะเชิงเทรา,2,3,นายศุกติชา ตันเจริญ,ประชาชน,20063,18.27,109828,,109828,,,264,94.96403,,278
ฉะเชิงเทรา,2,4,นายณัฐกร เหลืองสุขเจริญ,ภูมิใจไทย,3019,2.75,109828,,109828,,,264,94.96403,,278
ฉะเชิงเทรา,2,5,นางสาวอภินันท์ภรณ์ ใต้หล้าสถาพร,ประชาธิปัตย์,2802,2.55,109828,,109828,,,264,94.96403,,278
ฉะเชิงเทรา,2,6,นายชาลี เจริญสุข,ปวงชนไทย,1000,0.91,109828,,109828,,,264,94.96403,,278
ฉะเชิงเทรา,3,1,นายชัยวัฒน์ เป้าเปี่ยมทรัพย์,กล้าธรรม,52758,56.27,104600,,93753,5457,5390,246,94.98069,,259
ฉะเชิงเทรา,3,2,นายณัฐธพัฒน์ ธรรมทินนา,ประชาชน,21616,23.06,104600,,93753,5457,5390,246,94.98069,,259
ฉะเชิงเทรา,3,3,นายศักดิ์ชาย ตันเจริญ,เพื่อไทย,14500,15.47,104600,,93753,5457,5390,246,94.98069,,259
ฉะเชิงเทรา,3,4,นายภานุพงษ์ ไทเศรษฐวัฒน์กุล,ภูมิใจไทย,2003,2.14,104600,,93753,5457,5390,246,94.98069,,259
ฉะเชิงเทรา,3,5,นายสายัณห์ เกตุประยูร,ประชาธิปัตย์,1377,1.47,104600,,93753,5457,5390,246,94.98069,,259
ฉะเชิงเทรา,3,6,นางลอง ไผ่ล้อม,ปวงชนไทย,929,0.99,104600,,93753,5457,5390,246,94.98069,,259
ฉะเชิงเทรา,3,7,นายศักดิ์ชัย ณรงค์หนู,พลังประชารัฐ,570,0.61,104600,,93753,5457,5390,246,94.98069,,259
ฉะเชิงเทรา,4,1,จ่าเอก ยศสิงห์ เหลี่ยมเลิศ,กล้าธรรม,47969,42.79,122282,,112107,4490,5685,244,94.94163,,257
ฉะเชิงเทรา,4,2,นางแพรวนภัศร์ ทองสุวรรณ์,ประชาชน,35257,31.45,122282,,112107,4490,5685,244,94.94163,,257
ฉะเชิงเทรา,4,3,พลตำรวจโท พิทักษ์ จารุสมบัติ,เพื่อไทย,19940,17.79,122282,,112107,4490,5685,244,94.94163,,257
ฉะเชิงเทรา,4,4,นายเศรษฐชาญย์ วสิฐพัฒน์,ภูมิใจไทย,4399,3.92,122282,,112107,4490,5685,244,94.94163,,257
ฉะเชิงเทรา,4,5,นางสาวอริยา บุญณัชญาณวุฒิ,ประชาธิปัตย์,2574,2.3,122282,,112107,4490,5685,244,94.94163,,257
ฉะเชิงเทรา,4,6,นายเชษศักดิ์ดา นาน้ำเชี่ยว,แรงงานสร้างชาติ,1162,1.04,122282,,112107,4490,5685,244,94.94163,,257
ฉะเชิงเทรา,4,7,นางสาวอรสา ชุมเกษียร,ปวงชนไทย,806,0.72,122282,,112107,4490,5685,244,94.94163,,257
ชลบุรี,1,1,นายสุชาติ ชมกลิ่น,ภูมิใจไทย,46253,47.4,104344,,97585,2237,4522,163,94.76744,,172
ชลบุรี,1,2,นายวรท ศิริรักษ์,ประชาชน,42057,43.1,104344,,97585,2237,4522,163,94.76744,,172
ชลบุรี,1,3,นายสรัลชา ศรีชลวัฒนา,ประชาธิปัตย์,2935,3.01,104344,,97585,2237,4522,163,94.76744,,172
ชลบุรี,1,4,นายรัฐรุจน์ ปิยะพงศ์ภัทร์,เพื่อไทย,2435,2.5,104344,,97585,2237,4522,163,94.76744,,172
ชลบุรี,1,5,นายอัศพงษ์ บูรณวงศ์,เศรษฐกิจ,1411,1.45,104344,,97585,2237,4522,163,94.76744,,172
ชลบุรี,1,6,ว่าที่ร้อยตรีสมสรรค์ อธิเวสส์,รวมไทยสร้างชาติ,1311,1.34,104344,,97585,2237,4522,163,94.76744,,172
ชลบุรี,1,7,นางรชาภา อัศวธาวาทิน,ไทยสร้างไทย,673,0.69,104344,,97585,2237,4522,163,94.76744,,172
ชลบุรี,1,8,นายปภิณวิช ศิริณายกุล,พลังประชารัฐ,327,0.34,104344,,97585,2237,4522,163,94.76744,,172
ชลบุรี,1,9,นายสันติ ถนอมเนื้อ,ปวงชนไทย,183,0.19,104344,,97585,2237,4522,163,94.76744,,172
ชลบุรี,2,1,นางสาววรรณิดา นพสิทธิ์,ประชาชน,30061,38.14,84051,,78825,1889,3337,126,94.73684,,133
ชลบุรี,2,2,ร้อยเอกธนวัฒน์ ภาวสุทธิ์,ภูมิใจไทย,28820,36.56,84051,,78825,1889,3337,126,94.73684,,133
ชลบุรี,2,3,ร้อยเอกจองชัย วงศ์ทรายทอง,ประชาธิปัตย์,14341,18.19,84051,,78825,1889,3337,126,94.73684,,133
ชลบุรี,2,4,นายคงพัชร ไขรัศมี,เพื่อไทย,3085,3.91,84051,,78825,1889,3337,126,94.73684,,133
ชลบุรี,2,5,นายภักดี โพธิ์แก้ว,เศรษฐกิจ,1131,1.43,84051,,78825,1889,3337,126,94.73684,,133
ชลบุรี,2,6,นายสวัสดิ์ชัย แจ่มจำรัส,ไทยภักดี,827,1.05,84051,,78825,1889,3337,126,94.73684,,133
ชลบุรี,2,7,นายบรรณวัฒน์ บุพพัณหสมัย,ปวงชนไทย,281,0.36,84051,,78825,1889,3337,126,94.73684,,133
ชลบุรี,2,8,นายชัยชนะ อาจวารินทร์,พลังประชารัฐ,279,0.35,84051,,78825,1889,3337,126,94.73684,,133
ชลบุรี,3,1,ร้อยตำรวจเอก สิทธิพัฒน์ ภาวสุทธิ์,ภูมิใจไทย,42501,47.07,98529,,90301,3292,4936,170,94.97207,,179
ชลบุรี,3,2,นายชวาล พลเมืองดี,ประชาชน,37164,41.16,98529,,90301,3292,4936,170,94.97207,,179
ชลบุรี,3,3,นายพายุ เนื่องจำนงค์,เพื่อไทย,3641,4.03,98529,,90301,3292,4936,170,94.97207,,179
ชลบุรี,3,4,นายรัชพล หนูกูล,ประชาธิปัตย์,2967,3.29,98529,,90301,3292,4936,170,94.97207,,179
ชลบุรี,3,5,นายอาคม พละสุ,เศรษฐกิจ,2055,2.28,98529,,90301,3292,4936,170,94.97207,,179
ชลบุรี,3,6,นายกฤตมงคล ดำรงศุภกิจกุล,ไทยภักดี,1199,1.33,98529,,90301,3292,4936,170,94.97207,,179
ชลบุรี,3,7,นายกิติ์พิเชษฐ์ สุวดิษฐ์,พลังประชารัฐ,774,0.86,98529,,90301,3292,4936,170,94.97207,,179
ชลบุรี,4,1,นายจิรวุฒิ สิงห์โตทอง,ภูมิใจไทย,45751,56.64,88809,,80770,3932,4107,173,94.53552,,183
ชลบุรี,4,2,นางสาวนภัสวรรณ มณีรัตน์โรจน์,ประชาชน,24213,29.98,88809,,80770,3932,4107,173,94.53552,,183
ชลบุรี,4,3,นายอารยะ โรจนวณิชชากร,ประชาธิปัตย์,6426,7.96,88809,,80770,3932,4107,173,94.53552,,183
ชลบุรี,4,4,นายลิขิต อัศวจารุวรรณ,เพื่อไทย,2151,2.66,88809,,80770,3932,4107,173,94.53552,,183
ชลบุรี,4,5,นายศุภศิษฎ์ สรภัสจิรพงศ์,พลังประชารัฐ,987,1.22,88809,,80770,3932,4107,173,94.53552,,183
ชลบุรี,4,6,นายจักรพล วชิรเสวีกุล,ไทยภักดี,850,1.05,88809,,80770,3932,4107,173,94.53552,,183
ชลบุรี,4,7,นางสาวธัญญ์รวี ศรีกวินรุ่งเรือง,ปวงชนไทย,392,0.49,88809,,80770,3932,4107,173,94.53552,,183
ชลบุรี,5,1,นายอนันต์ ปรีดาสุทธิจิตต์,ภูมิใจไทย,52767,55.25,102636,,95514,2214,4908,206,94.93088,,217
ชลบุรี,5,2,นายณรงธร โพธิ์หมื่น,ประชาชน,24799,25.96,102636,,95514,2214,4908,206,94.93088,,217
ชลบุรี,5,3,นายประมวล เอมเปีย,เพื่อไทย,7729,8.09,102636,,95514,2214,4908,206,94.93088,,217
ชลบุรี,5,4,นายปรีชา กาญจนบัตร,ประชาธิปัตย์,3766,3.94,102636,,95514,2214,4908,206,94.93088,,217
ชลบุรี,5,5,นายสุพจน์ นาคู,เศรษฐกิจ,2846,2.98,102636,,95514,2214,4908,206,94.93088,,217
ชลบุรี,5,6,นายทรงศักดิ์ แซ่ลี้,รวมไทยสร้างชาติ,917,0.96,102636,,95514,2214,4908,206,94.93088,,217
ชลบุรี,5,7,นายพรชัย วงศ์ล้อมนิล,พลังประชารัฐ,855,0.9,102636,,95514,2214,4908,206,94.93088,,217
ชลบุรี,5,8,นายสมุทร ธรรมมงคล,แรงงานสร้างชาติ,803,0.84,102636,,95514,2214,4908,206,94.93088,,217
ชลบุรี,5,9,นายเสมอ ทองหยวก,ปวงชนไทย,660,0.69,102636,,95514,2214,4908,206,94.93088,,217
ชลบุรี,5,10,นายไชยอนันต์ ขวัญกิจไพศาล,ไทยภักดี,372,0.39,102636,,95514,2214,4908,206,94.93088,,217
ชลบุรี,6,1,นางนฤมาศ เปี่ยมบัณฑิต,ประชาชน,41248,46.13,89423,,89423,,,168,94.91525,,177
ชลบุรี,6,2,นายสุรสิทธิ์ นิธิวุฒิวรรักษ์,ภูมิใจไทย,34860,38.98,89423,,89423,,,168,94.91525,,177
ชลบุรี,6,3,นายษรกฤต ผลลูกอินทร์,เพื่อไทย,3877,4.34,89423,,89423,,,168,94.91525,,177
ชลบุรี,6,4,นายธนกร รักวงศ์อาชีพ,ประชาธิปัตย์,3241,3.62,89423,,89423,,,168,94.91525,,177
ชลบุรี,6,5,นายปรมินทร์ จารุทัศน์โรจน์,ไทยภักดี,1647,1.84,89423,,89423,,,168,94.91525,,177
ชลบุรี,6,6,นายชยางกูร ธรรมภรณ์,เศรษฐกิจ,1530,1.71,89423,,89423,,,168,94.91525,,177
ชลบุรี,6,7,นางสาวกฤษฎ์ ชีวะธรรมานนท์,กล้าธรรม,910,1.02,89423,,89423,,,168,94.91525,,177
ชลบุรี,6,8,นายนิติกร คงทอง,แรงงานสร้างชาติ,684,0.76,89423,,89423,,,168,94.91525,,177
ชลบุรี,6,9,นายวิรัช นิลวดี,พลังประชารัฐ,674,0.75,89423,,89423,,,168,94.91525,,177
ชลบุรี,6,10,นายสุพจน์ ทัพมงคล,สังคมประชาธิปไตยไทย,321,0.36,89423,,89423,,,168,94.91525,,177
ชลบุรี,6,11,นายนิธิพจน์ สามงามนุ,ปวงชนไทย,268,0.3,89423,,89423,,,168,94.91525,,177
ชลบุรี,6,12,นายสมพร โชคชัยชาญวุฒิ,คลองไทย,163,0.18,89423,,89423,,,168,94.91525,,177
ชลบุรี,7,1,นายสหัสวัต คุมคง,ประชาชน,39986,48.32,82754,,82754,,,154,94.47853,,163
ชลบุรี,7,2,นายสงกรานต์ ภาชนะ,ภูมิใจไทย,31986,38.65,82754,,82754,,,154,94.47853,,163
ชลบุรี,7,3,นายนฤพล นิยมทรัพย์,เพื่อไทย,3003,3.63,82754,,82754,,,154,94.47853,,163
ชลบุรี,7,4,นายสุขสันต์ มิสสาจันทร์,ประชาธิปัตย์,2584,3.12,82754,,82754,,,154,94.47853,,163
ชลบุรี,7,5,นายพีธพงศ์ เสนียุติธรรม,เศรษฐกิจ,2100,2.54,82754,,82754,,,154,94.47853,,163
ชลบุรี,7,6,นางสาวภัสพร พรประเสริฐ,รวมไทยสร้างชาติ,1412,1.71,82754,,82754,,,154,94.47853,,163
ชลบุรี,7,7,นางสาวมะลิวัลย์ โกสุมภ์,ปวงชนไทย,494,0.6,82754,,82754,,,154,94.47853,,163
ชลบุรี,7,8,นายประดิษฐ์ แพรกทอง,ไทยภักดี,451,0.54,82754,,82754,,,154,94.47853,,163
ชลบุรี,7,9,นายมงคล ไตรพาน,สังคมประชาธิปไตยไทย,386,0.47,82754,,82754,,,154,94.47853,,163
ชลบุรี,7,10,นางสาวปณิฐาณ์ อัครมหาฐีร,พลังประชารัฐ,352,0.43,82754,,82754,,,154,94.47853,,163
ชลบุรี,8,1,นายเชาวลิตร แสงอุทัย,ภูมิใจไทย,37623,43.25,94308,,86994,3052,4262,171,94.47514,,181
ชลบุรี,8,2,นางสาวมนัสวิน จันทร์เจริญ,ประชาชน,34702,39.89,94308,,86994,3052,4262,171,94.47514,,181
ชลบุรี,8,3,นายชาญยุทธ เฮงตระกูล,เพื่อไทย,4471,5.14,94308,,86994,3052,4262,171,94.47514,,181
ชลบุรี,8,4,นางพจนารถ แก้วผลึก,ประชาธิปัตย์,3430,3.94,94308,,86994,3052,4262,171,94.47514,,181
ชลบุรี,8,5,นายรณเทพ อนุวัฒน์,เศรษฐกิจ,2046,2.35,94308,,86994,3052,4262,171,94.47514,,181
ชลบุรี,8,6,นายชนะศักดิ์ รุ่งเสถียร,เสรีรวมไทย,1181,1.36,94308,,86994,3052,4262,171,94.47514,,181
ชลบุรี,8,7,นายกำพล ตั้งเอกชัย,พลังประชารัฐ,1086,1.25,94308,,86994,3052,4262,171,94.47514,,181
ชลบุรี,8,8,นายนิมิต ไมตรีวงค์,ปวงชนไทย,1043,1.2,94308,,86994,3052,4262,171,94.47514,,181
ชลบุรี,8,9,นางสาวสุธาพร บำรุงยา,ไทยสร้างไทย,722,0.83,94308,,86994,3052,4262,171,94.47514,,181
ชลบุรี,8,10,นายอมรฒิพัฒน์ ภูบาล,ไทยภักดี,690,0.79,94308,,86994,3052,4262,171,94.47514,,181
ชลบุรี,9,1,นายยอดชาย พึ่งพร,ประชาชน,27602,44.23,62409,,62409,,,156,94.54545,,165
ชลบุรี,9,2,นายแมน อินทร์พิทักษ์,ภูมิใจไทย,23698,37.97,62409,,62409,,,156,94.54545,,165
ชลบุรี,9,3,นายรัฐกิจ เฮงตระกูล,เพื่อไทย,5600,8.97,62409,,62409,,,156,94.54545,,165
ชลบุรี,9,4,นายพีระชัย ชวรัตน์โชติวงศ์,ประชาธิปัตย์,2665,4.27,62409,,62409,,,156,94.54545,,165
ชลบุรี,9,5,นางสาวกวินนาถ ตาคีย์,รวมไทยสร้างชาติ,1157,1.85,62409,,62409,,,156,94.54545,,165
ชลบุรี,9,6,นายพงศนาถ จินดา,ไทยภักดี,940,1.51,62409,,62409,,,156,94.54545,,165
ชลบุรี,9,7,นายสกลชัย เจริญรุจิจินต์,พลังประชารัฐ,407,0.65,62409,,62409,,,156,94.54545,,165
ชลบุรี,9,8,นายสุจินต์ หนองใหญ่,ปวงชนไทย,340,0.54,62409,,62409,,,156,94.54545,,165
ชลบุรี,10,1,นายธนาธาร ประมูลพงษ์,ประชาชน,27129,32.9,89099,,82457,1990,4652,168,94.91525,,177
ชลบุรี,10,2,นายพนธกร ใคร่ครวญ,ภูมิใจไทย,23571,28.59,89099,,82457,1990,4652,168,94.91525,,177
ชลบุรี,10,3,นายสะถิระ เผือกประพันธุ์,กล้าธรรม,23062,27.97,89099,,82457,1990,4652,168,94.91525,,177
ชลบุรี,10,4,นายอัครเศรษฐ รักษ์สกุลสงสัย,เพื่อไทย,3326,4.03,89099,,82457,1990,4652,168,94.91525,,177
ชลบุรี,10,5,พลเรือตรี นพดล บงกชกาญจน์,ประชาธิปัตย์,1853,2.25,89099,,82457,1990,4652,168,94.91525,,177
ชลบุรี,10,6,นายภานุวัฒน์ ผาสุข,เศรษฐกิจ,1324,1.61,89099,,82457,1990,4652,168,94.91525,,177
ชลบุรี,10,7,นายภาณุวิชญ์ อิสลาม,รวมไทยสร้างชาติ,1108,1.34,89099,,82457,1990,4652,168,94.91525,,177
ชลบุรี,10,8,นางศศิมาภรณ์ ชมไพร,ไทยสร้างไทย,420,0.51,89099,,82457,1990,4652,168,94.91525,,177
ชลบุรี,10,9,นายโอฬาร์ ปัญญปิติพัฒน,พลังประชารัฐ,336,0.41,89099,,82457,1990,4652,168,94.91525,,177
ชลบุรี,10,10,นายธนะพัฒน์ มธุรส,ปวงชนไทย,328,0.4,89099,,82457,1990,4652,168,94.91525,,177
ชัยนาท,1,1,นายอนุชา นาคาศัย,เพื่อไทย,36058,44.64,94469,,80770,5718,7981,241,94.88189,,254
ชัยนาท,1,2,นายทรงพล ภัทราภิรมย์,ประชาชน,28737,35.58,94469,,80770,5718,7981,241,94.88189,,254
ชัยนาท,1,3,นายธนบดี คุ้มชนะ,ประชาธิปัตย์,7271,9.0,94469,,80770,5718,7981,241,94.88189,,254
ชัยนาท,1,4,นางสาวณัฐธิดา เมืองช้าง,ภูมิใจไทย,6221,7.7,94469,,80770,5718,7981,241,94.88189,,254
ชัยนาท,1,5,นายปริญญา สุโพธิ์,กล้าธรรม,1284,1.59,94469,,80770,5718,7981,241,94.88189,,254
ชัยนาท,1,6,นายสนธยา ภูษิต,พลังประชารัฐ,1199,1.48,94469,,80770,5718,7981,241,94.88189,,254
ชัยนาท,2,1,นายมณเฑียร สงฆ์ประชา,ภูมิใจไทย,54585,64.61,84484,,84484,,,248,94.65649,,262
ชัยนาท,2,2,นายสราวุธ งามสุขศรี,ประชาชน,16933,20.04,84484,,84484,,,248,94.65649,,262
ชัยนาท,2,3,นายวิฑูร ลี้ธีระนานนท์,เพื่อไทย,8937,10.58,84484,,84484,,,248,94.65649,,262
ชัยนาท,2,4,นายธงชัย จอยซู,ประชาธิปัตย์,2819,3.34,84484,,84484,,,248,94.65649,,262
ชัยนาท,2,5,นายปัญญา ไทยรัตนกุล,พลังประชารัฐ,747,0.88,84484,,84484,,,248,94.65649,,262
ชัยนาท,2,6,นายสุทิน แจงสิน,กลาธรรม,463,0.55,84484,,84484,,,248,94.65649,,262
ชัยภูมิ,1,1,นายโอซิษฐ์ เกียรติก้องชูชัย,เพื่อไทย,40748,49.89,81673,,81673,,,56,21.29278,,263
ชัยภูมิ,1,2,นางสาวนัฏฐิกา โล่ห์วีระ,ประชาชน,24738,30.29,81673,,81673,,,56,21.29278,,263
ชัยภูมิ,1,3,นายวรวุฒิ จอดนอก,ภูมิใจไทย,6739,8.25,81673,,81673,,,56,21.29278,,263
ชัยภูมิ,1,4,นางสาวเกวลิน ชัยวัฒนกุลวานิช,กล้าธรรม,4421,5.41,81673,,81673,,,56,21.29278,,263
ชัยภูมิ,1,5,นายวรพล พรมเมืองเก่า,ประชาธิปัตย์,1155,1.41,81673,,81673,,,56,21.29278,,263
ชัยภูมิ,1,6,นายอาวุธ ปะเมโท,รวมไทยสร้างชาติ,1067,1.31,81673,,81673,,,56,21.29278,,263
ชัยภูมิ,1,7,นายวันชัย ลือมงคล,เศรษฐกิจ,908,1.11,81673,,81673,,,56,21.29278,,263
ชัยภูมิ,1,8,นายเกษมศักดิ์ อัครเพศ,ทางเลือกใหม่,894,1.09,81673,,81673,,,56,21.29278,,263
ชัยภูมิ,1,9,นายอนุชา เจริญรักษ์,ก้าวอิสระ,632,0.77,81673,,81673,,,56,21.29278,,263
ชัยภูมิ,1,10,นายดิเรก ผาสุขมูล,ไทยก้าวใหม่,371,0.45,81673,,81673,,,56,21.29278,,263
ชัยภูมิ,2,1,นายเชิงชาย ชาลีรินทร์,เพื่อไทย,54996,69.33,87136,,79326,4464,3346,327,94.78261,,345
ชัยภูมิ,2,2,นางสาววาสนา อยู่ภักดี,ประชาชน,14658,18.48,87136,,79326,4464,3346,327,94.78261,,345
ชัยภูมิ,2,3,นายทัศนัย สุขประสาร,ภูมิใจไทย,3538,4.46,87136,,79326,4464,3346,327,94.78261,,345
ชัยภูมิ,2,4,นายโสโชค สู้โนนตาด,รวมไทยสร้างชาติ,1879,2.37,87136,,79326,4464,3346,327,94.78261,,345
ชัยภูมิ,2,5,นายถวัลย์ หงษ์ไทย,เศรษฐกิจ,1687,2.13,87136,,79326,4464,3346,327,94.78261,,345
ชัยภูมิ,2,6,ณรงค์ แขนอก,ประชาธิปัตย์,1314,1.66,87136,,79326,4464,3346,327,94.78261,,345
ชัยภูมิ,2,7,นายประเสริฐศักดิ์ ขำหินตั้ง,ไทยก้าวใหม่,1254,1.58,87136,,79326,4464,3346,327,94.78261,,345
ชัยภูมิ,3,1,นายสัมฤทธิ์ แทนทรัพย์,ภูมิใจไทย,48116,63.91,75289,,75289,,,292,94.80519,,308
ชัยภูมิ,3,2,นายสนั่น พัชรเตชโสภณ,เพื่อไทย,15311,20.34,75289,,75289,,,292,94.80519,,308
ชัยภูมิ,3,3,นายกฤษณ์ คูนรัตนศิริ,ประชาชน,9366,12.44,75289,,75289,,,292,94.80519,,308
ชัยภูมิ,3,4,พันโท สุเทพ บุญทะเล,เศรษฐกิจ,1072,1.42,75289,,75289,,,292,94.80519,,308
ชัยภูมิ,3,5,นายวีระ ถนอมธรรม,รวมไทยสร้างชาติ,769,1.02,75289,,75289,,,292,94.80519,,308
ชัยภูมิ,3,6,นางสาวพิศมัย สร้อยสุวรรณ,ประชาธิปัตย์,655,0.87,75289,,75289,,,292,94.80519,,308
ชัยภูมิ,4,1,นางสาวสุชาดา ซาง แทนทรัพย์,ภูมิใจไทย,36907,50.69,76539,,72809,2736,994,176,75.86207,,232
ชัยภูมิ,4,2,นางสาวกาญจนา จังหวะ,กล้าธรรม,17314,23.78,76539,,72809,2736,994,176,75.86207,,232
ชัยภูมิ,4,3,นายสิทธิพล ภูธรณ์,ประชาชน,9001,12.36,76539,,72809,2736,994,176,75.86207,,232
ชัยภูมิ,4,4,นายวรฉัตร พงษ์ธีระดุลย์,เพื่อไทย,8255,11.34,76539,,72809,2736,994,176,75.86207,,232
ชัยภูมิ,4,5,นายณรงฤทธิ์ มอบสันเทียะ,รวมไทยสร้างชาติ,449,0.62,76539,,72809,2736,994,176,75.86207,,232
ชัยภูมิ,4,6,นายชาติชาย อาจสนาม,เศรษฐกิจ,437,0.6,76539,,72809,2736,994,176,75.86207,,232
ชัยภูมิ,4,7,นางสาวน้ำฝน หอมชาลี,ประชาธิปัติย์,315,0.43,76539,,72809,2736,994,176,75.86207,,232
ชัยภูมิ,4,8,นางสาวนงค์คราญ ฤาชาญ,ประชาธิปไตยใหม่,131,0.18,76539,,72809,2736,994,176,75.86207,,232
ชัยภูมิ,5,1,นายศิวะ พงศ์ธีระดุลย์,เพื่อไทย,29851,34.93,85450,,85450,,,254,94.77612,,268
ชัยภูมิ,5,2,นายธนกฤต จรรย์โกมล,ภูมิใจไทย,23594,27.61,85450,,85450,,,254,94.77612,,268
ชัยภูมิ,5,3,นายสุขสันต์ ชื่นจิตร,กล้าธรรม,19605,22.94,85450,,85450,,,254,94.77612,,268
ชัยภูมิ,5,4,นายอภิเดช ประทุมแก้ว,ประชาชน,9294,10.88,85450,,85450,,,254,94.77612,,268
ชัยภูมิ,5,5,นายชยนนท์ คำเบ้า,ประชาธิปัตย์,719,0.84,85450,,85450,,,254,94.77612,,268
ชัยภูมิ,5,6,นายปิยชัย โชติมาวณิช,เศรษฐกิจ,711,0.83,85450,,85450,,,254,94.77612,,268
ชัยภูมิ,5,7,นายวิชัย ปัญญา,ไทยทรัพย์ทวี,646,0.76,85450,,85450,,,254,94.77612,,268
ชัยภูมิ,5,8,ส.อ.นิติภัส สุภาพงษ์นันทกุล,รวมไทยสร้างชาติ,448,0.52,85450,,85450,,,254,94.77612,,268
ชัยภูมิ,5,9,นายจงเจริญ เอกทวีกุล,ประชากรไทย,278,0.33,85450,,85450,,,254,94.77612,,268
ชัยภูมิ,5,10,นายศรคม ภาชา,พลังประชารัฐ,233,0.27,85450,,85450,,,254,94.77612,,268
ชัยภูมิ,5,11,นายหนูเสน พรมวงศ์,ทางเลือกใหม่,71,0.08,85450,,85450,,,254,94.77612,,268
ชัยภูมิ,6,1,นายเชวงศักดิ์ เร่งไพบูลย์วงษ์,ภูมิใจไทย,50655,60.78,89261,,83346,3852,2063,258,94.85294,,272
ชัยภูมิ,6,2,นางสาววิเมลือง แก้วศิริ,เพื่อไทย,16918,20.3,89261,,83346,3852,2063,258,94.85294,,272
ชัยภูมิ,6,3,นายแทนยุทธพงษ์ วงษ์วัชรวานิช,ประชาชน,13155,15.78,89261,,83346,3852,2063,258,94.85294,,272
ชัยภูมิ,6,4,นายเสถียรพงศ์ เที่ยงตรง,ประชาธิปัตย์,937,1.12,89261,,83346,3852,2063,258,94.85294,,272
ชัยภูมิ,6,5,นายรุ่งโรจน์ ภูศักดิ์,รวมไทยสร้างชาติ,735,0.88,89261,,83346,3852,2063,258,94.85294,,272
ชัยภูมิ,6,6,นายสากล มาชัยภูมิ,เศรษฐกิจ,586,0.7,89261,,83346,3852,2063,258,94.85294,,272
ชัยภูมิ,6,7,นางสาวบัวพันธ์ ผ่อนจรุง,ประชาธิปไตยใหม่,360,0.43,89261,,83346,3852,2063,258,94.85294,,272
ชัยภูมิ,7,1,นายอัครแสนคีรี โล่ห์วีระ,กล้าธรรม,40833,50.08,84732,,81542,2097,1093,272,94.77352,,287
ชัยภูมิ,7,2,นายจอมจักรภพ วัชระจินดาวัฒนะ,เพื่อไทย,23818,29.21,84732,,81542,2097,1093,272,94.77352,,287
ชัยภูมิ,7,3,นายกิตติธัช คำวงษ์,ประชาชน,12570,15.42,84732,,81542,2097,1093,272,94.77352,,287
ชัยภูมิ,7,4,นางสาวปัญชลีย์ วัฒนชัยศาสตร์,พลังประชารัฐ,886,1.09,84732,,81542,2097,1093,272,94.77352,,287
ชัยภูมิ,7,5,นายอดิเรก ดวงจันนี,ประชาธิปไตยใหม่,867,1.06,84732,,81542,2097,1093,272,94.77352,,287
ชัยภูมิ,7,6,นายชานนท์ ต่อสกุล,ภูมิใจไทย,830,1.02,84732,,81542,2097,1093,272,94.77352,,287
ชัยภูมิ,7,7,นางอรุณณี งามจิตสุวรรณ,เศรษฐกิจ,609,0.75,84732,,81542,2097,1093,272,94.77352,,287
ชัยภูมิ,7,8,นายกิติพร เศรษฐภูมิภักดี,รวมไทยสร้างชาติ,402,0.49,84732,,81542,2097,1093,272,94.77352,,287
ชัยภูมิ,7,9,นายพลากร ภูมินอก,ประชาธิปัตย์,341,0.42,84732,,81542,2097,1093,272,94.77352,,287
ชัยภูมิ,7,10,นายธีรวุฒิ พงษ์จันทร์,ไทยก้าวใหม่,295,0.36,84732,,81542,2097,1093,272,94.77352,,287
ชัยภูมิ,7,11,นางสุชามนต์ เครือเครา,ไทยทรัพย์ทวี,91,0.11,84732,,81542,2097,1093,272,94.77352,,287
ชุมพร,1,1,นายวิชัย สุดสวาสดิ์,ภูมิใจไทย,45966,47.76,96247,,96247,,,249,94.67681,,263
ชุมพร,1,2,นายสุรชัย แดงละอุ่น,ประชาธิปัตย์,34079,35.41,96247,,96247,,,249,94.67681,,263
ชุมพร,1,3,นางสาวชุติมา ชุมขุน,ประชาชน,13078,13.59,96247,,96247,,,249,94.67681,,263
ชุมพร,1,4,นายชวลิต อาจหาญ,พลังประชารัฐ,1138,1.18,96247,,96247,,,249,94.67681,,263
ชุมพร,1,5,พันตำรวจเอกสิทธิพร พุ่มพะเนิน,เพื่อไทย,870,0.9,96247,,96247,,,249,94.67681,,263
ชุมพร,1,6,นายชัย กายศิหัตถาคุณ,ประชากรไทย,582,0.6,96247,,96247,,,249,94.67681,,263
ชุมพร,1,7,นางสาวหนึ่งฤทัย พันกุ่ม,กรีน,534,0.55,96247,,96247,,,249,94.67681,,263
ชุมพร,2,1,นายกิตติศักดิ์ พรหมรัตน์,ภูมิใจไทย,35467,35.03,107786,,101248,2763,3775,259,94.87179,,273
ชุมพร,2,2,นายสันต์ แซ่ตั้ง,กล้าธรรม,23041,22.76,107786,,101248,2763,3775,259,94.87179,,273
ชุมพร,2,3,นายสราวุธ อ่อนละมัย,ประชาธิปัตย์,16287,16.09,107786,,101248,2763,3775,259,94.87179,,273
ชุมพร,2,4,นายสมมิตร ทองเหลือ,โอกาสใหม่,15064,14.88,107786,,101248,2763,3775,259,94.87179,,273
ชุมพร,2,5,นางสาวจินดารัตน์ ชูคง,ประชาชน,10062,9.94,107786,,101248,2763,3775,259,94.87179,,273
ชุมพร,2,6,นางสาวรุจินาถ ศรีสุวรรณ,เพื่อไทย,782,0.77,107786,,101248,2763,3775,259,94.87179,,273
ชุมพร,2,7,นายธน บุญเกิด,เสรีรวมไทย,545,0.54,107786,,101248,2763,3775,259,94.87179,,273
ชุมพร,3,1,นายสุพล จุลใส,ภูมิใจไทย,42913,45.19,94965,,94965,,,272,94.77352,,287
ชุมพร,3,2,นายมีศักดิ์ ภักดีคง,ประชาธิปัตย์,29590,31.16,94965,,94965,,,272,94.77352,,287
ชุมพร,3,3,นายสันต์ ฉิมหาด,โอกาสใหม่,11298,11.9,94965,,94965,,,272,94.77352,,287
ชุมพร,3,4,นายชุตินันท์ คงท่าเรือ,ประชาชน,9230,9.72,94965,,94965,,,272,94.77352,,287
ชุมพร,3,5,นายไตรฤกษ์ มือสันทัด,เพื่อไทย,1025,1.08,94965,,94965,,,272,94.77352,,287
ชุมพร,3,6,นายสมบัติ ทองหัตถา,เศรษฐกิจ,909,0.96,94965,,94965,,,272,94.77352,,287
ตรัง,1,1,นายเอกพล ณ พัทลุง,ภูมิใจไทย,35584,39.31,90521,,90521,,,217,94.75983,,229
ตรัง,1,2,นายธโนภาส สินไชย,ประชาธิปัตย์,34372,37.97,90521,,90521,,,217,94.75983,,229
ตรัง,1,3,นายศุภกร สุวรรณหมัด,ประชาชน,16554,18.29,90521,,90521,,,217,94.75983,,229
ตรัง,1,4,เรือเอกพัฒน์พงษ์ คงผลาญ,รวมไทยสร้างชาติ,1540,1.7,90521,,90521,,,217,94.75983,,229
ตรัง,1,5,นายรัตน์ ภู่กลาง,เพื่อไทย,1105,1.22,90521,,90521,,,217,94.75983,,229
ตรัง,1,6,นางสาวอัจฉรา วงศ์สุทธิวัตร,ไทยก้าวใหม่,834,0.92,90521,,90521,,,217,94.75983,,229
ตรัง,1,7,นายยงยุทธ กูลเมือง,กรีน,532,0.59,90521,,90521,,,217,94.75983,,229
ตรัง,2,1,นายทวี สุระบาล,ภูมิใจไทย,42668,44.86,95121,,95121,,,260,94.89051,,274
ตรัง,2,2,นางสาวดวงฤทัย บัวแก้ว,ประชาธิปัตย์,38154,40.11,95121,,95121,,,260,94.89051,,274
ตรัง,2,3,พันตำรวจเอกอธิศ ภักดีนามฉวี,ประชาชน,8159,8.58,95121,,95121,,,260,94.89051,,274
ตรัง,2,4,นายกิตติเดช วรรณบวร,ไทยก้าวใหม่,4184,4.4,95121,,95121,,,260,94.89051,,274
ตรัง,2,5,นายปรีชา ยอดยิ่ง,เพื่อไทย,747,0.79,95121,,95121,,,260,94.89051,,274
ตรัง,2,6,นายชยางกูร ชูมณี,รวมไทยสร้างชาติ,645,0.68,95121,,95121,,,260,94.89051,,274
ตรัง,2,7,นายชัยพร ชูเสน,กล้าธรรม,564,0.59,95121,,95121,,,260,94.89051,,274
ตรัง,3,1,นายกฤตย์อิชย์ ภาคย์อิชณน์,ประชาธิปัตย์,46916,53.25,88101,,88101,,,214,94.69027,,226
ตรัง,3,2,นางสาวสุณัฐชา โล่สถาพรพิพิธ,ภูมิใจไทย,28897,32.8,88101,,88101,,,214,94.69027,,226
ตรัง,3,3,นายวีรพล เต็งรัง,ประชาชน,9248,10.5,88101,,88101,,,214,94.69027,,226
ตรัง,3,4,นายศักดิ์ดาธร พุฒนวล,กล้าธรรม,1249,1.42,88101,,88101,,,214,94.69027,,226
ตรัง,3,5,นายทวี จันทร์ฝาก,เพื่อไทย,889,1.01,88101,,88101,,,214,94.69027,,226
ตรัง,3,6,นายอำนวย นวลทอง,รวมไทยสร้างชาติ,569,0.65,88101,,88101,,,214,94.69027,,226
ตรัง,3,7,นายชัยยุทธ รองเดช,แรงงานสร้างชาติ,333,0.38,88101,,88101,,,214,94.69027,,226
ตรัง,4,1,นายกาญจน์ ตั้งปอง,ประชาธิปัตย์,50809,54.24,93671,,93671,,,203,94.85981,,214
ตรัง,4,2,นายพิชัย เจริญศิริสุนทร,ภูมิใจไทย,29793,31.81,93671,,93671,,,203,94.85981,,214
ตรัง,4,3,นายปองคุณ อารยะทรงศักดิ์,ประชาชน,10018,10.69,93671,,93671,,,203,94.85981,,214
ตรัง,4,4,นายเสถียร แก้วงาม,กล้าธรรม,1236,1.32,93671,,93671,,,203,94.85981,,214
ตรัง,4,5,นายวิรัช วิชัยวงศ์,รวมไทยสร้างชาติ,696,0.74,93671,,93671,,,203,94.85981,,214
ตรัง,4,6,นายสุมิตร สามห้วย,ไทยก้าวใหม่,571,0.61,93671,,93671,,,203,94.85981,,214
ตรัง,4,7,นายอาณัฐชัย ภู่กลาง,เพื่อไทย,548,0.59,93671,,93671,,,203,94.85981,,214
ตราด,1,1,นายพิชานนท์ อิงประสาร,ภูมิใจไทย,66399,57.45,115576,,115576,,,329,94.81268,,347
ตราด,1,2,นายพรรณเศรษฐ์ นุ่มหนู,ประชาชน,27911,24.15,115576,,115576,,,329,94.81268,,347
ตราด,1,3,นายปรีชาวิชญ์ ฉิมผกา,ประชาธิปัตย์,7665,6.63,115576,,115576,,,329,94.81268,,347
ตราด,1,4,นายสักเดช สว่างไสว,เพื่อไทย,4716,4.08,115576,,115576,,,329,94.81268,,347
ตราด,1,5,นายกิตติธัช ไชยอรรถ,กล้าธรรม,4084,3.53,115576,,115576,,,329,94.81268,,347
ตราด,1,6,นายทินวัฒน์ เจียมอุย,พลังประชารัฐ,3857,3.34,115576,,115576,,,329,94.81268,,347
ตราด,1,7,นายธีรภาพ ทิบุญมี,ไทยสร้างไทย,944,0.82,115576,,115576,,,329,94.81268,,347
ตาก,1,1,นายธนัสถ์ ทวีเกื้อกูลกิจ,ภูมิใจไทย,37819,39.24,96390,,96390,,,260,94.89051,,274
ตาก,1,2,นายคริษฐ์ ปานเนียม,ประชาชน,28996,30.08,96390,,96390,,,260,94.89051,,274
ตาก,1,3,พันตำรวจโทพิษณุ พลบุตร,เพื่อไทย,17054,17.69,96390,,96390,,,260,94.89051,,274
ตาก,1,4,นายวริศ มีไชโย,ประชาธิปัตย์,6170,6.4,96390,,96390,,,260,94.89051,,274
ตาก,1,5,นายพิทักษ์ อ่อนน้อม,กล้าธรรม,1916,1.99,96390,,96390,,,260,94.89051,,274
ตาก,1,6,นายปองภพ วณิชศิริ,เศรษฐกิจ,1565,1.62,96390,,96390,,,260,94.89051,,274
ตาก,1,7,นางศิริกุล อนุตรพงศ์,รวมไทยสร้างชาติ,1387,1.44,96390,,96390,,,260,94.89051,,274
ตาก,1,8,นายธนพล อิ่มอ้น,พลังไทยรักชาติ,944,0.98,96390,,96390,,,260,94.89051,,274
ตาก,1,9,นายชนะพล อ่อนพรม,รวมใจไทย,539,0.56,96390,,96390,,,260,94.89051,,274
ตาก,2,1,นายชิงชัย ก่อประภากิจ,กล้าธรรม,25259,40.98,61640,,61640,,,191,94.55446,,202
ตาก,2,2,นายวราทิต ไชยนันทน์,เพื่อไทย,19144,31.06,61640,,61640,,,191,94.55446,,202
ตาก,2,3,นายสราวุธ หาญเมืองใจ,ประชาธิปัตย์,11936,19.36,61640,,61640,,,191,94.55446,,202
ตาก,2,4,นายพิสิษฐ ใชยลังกา,ภูมิใจไทย,2278,3.7,61640,,61640,,,191,94.55446,,202
ตาก,2,5,นายศิวกรณ์ ลำจวน,เศรษฐกิจ,1522,2.47,61640,,61640,,,191,94.55446,,202
ตาก,2,6,นายธีรยุทธ วงษ์แหวน,รวมใจไทย,1501,2.44,61640,,61640,,,191,94.55446,,202
ตาก,2,7,นายรัชต์พงศ์ สร้อยสุวรรณ,ประชาชน,0,0.0,61640,,61640,,,191,94.55446,,202
ตาก,3,1,นายภาคภูมิ บูลย์ประมุข,กล้าธรรม,30644,35.65,85954,,85954,,,222,94.87179,,234
ตาก,3,2,นายอรรถสิทธิ์ ต๊ะทองคำ,ภูมิใจไทย,18757,21.82,85954,,85954,,,222,94.87179,,234
ตาก,3,3,นายชัยณรงค์ มะเดชะ,เพื่อไทย,17179,19.99,85954,,85954,,,222,94.87179,,234
ตาก,3,4,นายปรัชญา ปุณหะกิจ,ประชาชน,15052,17.51,85954,,85954,,,222,94.87179,,234
ตาก,3,5,นายเทวฤทธิ์ เชี่ยวชาญคีรี,ประชาธิปัตย์,1484,1.73,85954,,85954,,,222,94.87179,,234
ตาก,3,6,นายเวสารัตน์ เสิศสิริโชคสกุล,เศรษฐกิจ,1393,1.62,85954,,85954,,,222,94.87179,,234
ตาก,3,7,นายพิพัฒชัย แก้วสีเขียว,รวมไทยสร้างชาติ,887,1.03,85954,,85954,,,222,94.87179,,234
ตาก,3,8,นายวสันต์ บุญลือ,รวมใจไทย,558,0.65,85954,,85954,,,222,94.87179,,234
นครนายก,1,1,นายปิยวัฒน์ กิตติธเนศวร,กล้าธรรม,33707,43.9,76781,,76781,,,199,94.7619,,210
นครนายก,1,2,พลตำรวจตรี สุรพล บุญมา,ภูมิใจไทย,29822,38.84,76781,,76781,,,199,94.7619,,210
นครนายก,1,3,นายปริญ โอวาทกานนท์,ประชาชน,11054,14.4,76781,,76781,,,199,94.7619,,210
นครนายก,1,4,พลโท วีรากร ประกอบ,รวมไทยสร้างชาติ,1290,1.68,76781,,76781,,,199,94.7619,,210
นครนายก,1,5,นายสำเร็จ ศรีจันทร์,ประชาธิปัตย์,908,1.18,76781,,76781,,,199,94.7619,,210
นครนายก,2,1,นายเกรียงไกร กิตติธเนศวร,ภูมิใจไทย,34897,43.19,80797,,80797,,,242,94.90196,,255
นครนายก,2,2,นายวุฒิชัย กิตติธเนศวร,กล้าธรรม,29375,36.36,80797,,80797,,,242,94.90196,,255
นครนายก,2,3,นายสำราญ ตลับเพ็ชร์,ประชาชน,13388,16.57,80797,,80797,,,242,94.90196,,255
นครนายก,2,4,นายธนานุพงษ์ มีมา,ประชาธิปัตย์,1404,1.74,80797,,80797,,,242,94.90196,,255
นครนายก,2,5,นายสมชาย หวังสวัสดิ์,พลังประชารัฐ,964,1.19,80797,,80797,,,242,94.90196,,255
นครนายก,2,6,ร้อยตำรวจเอก ธวัชชัย ถนนทอง,แรงงานสร้างชาติ,769,0.95,80797,,80797,,,242,94.90196,,255
นครปฐม,1,1,นายศุภโชค ศรีสุขจร,ภูมิใจไทย,57347,59.78,95931,,95931,,,206,94.93088,,217
นครปฐม,1,2,นางสาวภาชินี เหลืองเพิ่มสกุล,ประชาชน,27833,29.01,95931,,95931,,,206,94.93088,,217
นครปฐม,1,3,นายธนพล โตโพธิ์ไทย,เพื่อไทย,4422,4.61,95931,,95931,,,206,94.93088,,217
นครปฐม,1,4,นายอัครดิฏฐ์ คุณดิลกจิรายุ,ประชาธิปัตย์,1687,1.76,95931,,95931,,,206,94.93088,,217
นครปฐม,1,5,นายโกศล สิงห์ทอง,เศรษฐกิจ,1679,1.75,95931,,95931,,,206,94.93088,,217
นครปฐม,1,6,ร้อยตำรวจโท สุธรรม เข็มแข็งปรีชานน,รวมไทยสร้างชาติ,1492,1.56,95931,,95931,,,206,94.93088,,217
นครปฐม,1,7,นายอุฬาร ชั้นอินทร์งาม,กล้าธรรม,1041,1.09,95931,,95931,,,206,94.93088,,217
นครปฐม,1,8,นายชยพล จำปาโชติ,พลวัต,430,0.45,95931,,95931,,,206,94.93088,,217
นครปฐม,2,1,พันโท สินธพ แก้วพิจิตร,กล้าธรรม,44487,50.26,88517,,88517,,,198,94.73684,,209
นครปฐม,2,2,นางสาวศศนันท์ รัตนบรรเทิง,ประชาชน,31511,35.6,88517,,88517,,,198,94.73684,,209
นครปฐม,2,3,นายโรจนินทร์ ศิรรัฐเมธากรณ์,ภูมิใจไทย,4945,5.59,88517,,88517,,,198,94.73684,,209
นครปฐม,2,4,นางสาวธนัญญา พันธุ์การรุ่ง,เพื่อไทย,2896,3.27,88517,,88517,,,198,94.73684,,209
นครปฐม,2,5,นายนุกูล ศิริสุวรรณ์,ประชาธิปัตย์,2330,2.63,88517,,88517,,,198,94.73684,,209
นครปฐม,2,6,พันตำรวจเอก วีรยศ ชื่นกลิ่นธูปศิริ,เศรษฐกิจ,1573,1.78,88517,,88517,,,198,94.73684,,209
นครปฐม,2,7,นายภาณุวิทย์ เอี้ยวโพธิเงิน,โอกาสใหม่,406,0.46,88517,,88517,,,198,94.73684,,209
นครปฐม,2,8,พันเอก ทองประมาณ จันทรอัมพร,เพื่อชีวิตใหม่,369,0.42,88517,,88517,,,198,94.73684,,209
นครปฐม,3,1,นายพาณุวัฒณ์ สะสมทรัพย์,ภูมิใจไทย,48099,57.52,83624,,83624,,,221,94.84979,,233
นครปฐม,3,2,นายวันชนะ วงษ์พรพันธุ์,ประชาชน,21739,26.0,83624,,83624,,,221,94.84979,,233
นครปฐม,3,3,นายทรงพล ชูศิลป์กุล,เพื่อไทย,6807,8.14,83624,,83624,,,221,94.84979,,233
นครปฐม,3,4,นายอาทิตย์ ว่องวสุสมวงศ์,ประชาธิปัตย์,2362,2.82,83624,,83624,,,221,94.84979,,233
นครปฐม,3,5,ว่าที่ร้อยตรีวัยวัฒน์ อินทร์ณรงค์,พลวัต,1303,1.56,83624,,83624,,,221,94.84979,,233
นครปฐม,3,6,นายปกร มหาโยธา,เศรษฐกิจ,1230,1.47,83624,,83624,,,221,94.84979,,233
นครปฐม,3,7,นางสาวฐิตารีย์ ภรณ์ปรียากูล,โอกาสใหม่,764,0.91,83624,,83624,,,221,94.84979,,233
นครปฐม,3,8,นายสาโรช เบญจาสินสวัสดิ์,พลังไทยรักชาติ,667,0.8,83624,,83624,,,221,94.84979,,233
นครปฐม,3,9,นายอัษฎาวุธ จิตตคุตตานนท์,กล้าธรรม,653,0.78,83624,,83624,,,221,94.84979,,233
นครปฐม,4,1,พันเอก สุขชาต สะสมทรัพย์,ภูมิใจไทย,50336,51.4,97930,,97930,,,237,94.8,,250
นครปฐม,4,2,นายกิตติภณ ปานพรหมมาศ,ประชาชน,25879,26.43,97930,,97930,,,237,94.8,,250
นครปฐม,4,3,นายธนเดช สงวนพันธุ์,กล้าธรรม,12206,12.46,97930,,97930,,,237,94.8,,250
นครปฐม,4,4,นายวินัย วิจิตรโสภณ,เพื่อไทย,3798,3.88,97930,,97930,,,237,94.8,,250
นครปฐม,4,5,นายวิทิต เปี่ยมคล้า,ประชาธิปัตย์,2304,2.35,97930,,97930,,,237,94.8,,250
นครปฐม,4,6,นางสาวศศิรัตน์ สุขแก้วฟ้า,เศรษฐกิจ,1977,2.02,97930,,97930,,,237,94.8,,250
นครปฐม,4,7,นายยุทธ เสือบางพระ,พลวัต,1067,1.09,97930,,97930,,,237,94.8,,250
นครปฐม,4,8,นายอนุชิต ปฐมพงศ์พิทักษ์,รวมพลังสร้างชาติ,363,0.37,97930,,97930,,,237,94.8,,250
นครปฐม,5,1,นายอนุชา สะสมทรัพย์,ภูมิใจไทย,40896,41.0,99742,,99742,,,190,95,,200
นครปฐม,5,2,นางสาวณฐมน สุวรรณ,ประชาชน,25056,25.12,99742,,99742,,,190,95,,200
นครปฐม,5,3,นายปฐมพงศ์ สูญจันทร์,กล้าธรรม,24238,24.3,99742,,99742,,,190,95,,200
นครปฐม,5,4,นายมานพ คำหวาน,เพื่อไทย,4088,4.1,99742,,99742,,,190,95,,200
นครปฐม,5,5,นายสมภพ จันทร์ทอง,ประชาธิปัตย์,1910,1.91,99742,,99742,,,190,95,,200
นครปฐม,5,6,นายณัฐพงศ์ เข้มแข็งปรีชานนท์,เศรษฐกิจ,1472,1.48,99742,,99742,,,190,95,,200
นครปฐม,5,7,นายสุเทพ เข้มแข็งปรีชานนท์,รวมไทยสร้างชาติ,1132,1.13,99742,,99742,,,190,95,,200
นครปฐม,5,8,นายภคพล ขาวพัฒนวรรณ,เพื่อบ้านเมือง,675,0.68,99742,,99742,,,190,95,,200
นครปฐม,5,9,นางลาวัลย์ สิงห์สถิต,โอกาสใหม่,275,0.28,99742,,99742,,,190,95,,200
นครปฐม,6,1,นายชลพฤกษ วงศ์อรุณนิยม,ประชาชน,38535,42.92,89774,,89774,,,180,94.73684,,190
นครปฐม,6,2,นายกองโท พเยาว์ เนียะแก้ว,ภูมิใจไทย,36970,41.18,89774,,89774,,,180,94.73684,,190
นครปฐม,6,3,นายศิรวริศ สวนแก้ว,เพื่อไทย,4630,5.16,89774,,89774,,,180,94.73684,,190
นครปฐม,6,4,นายธนบดี จุติโสภณชัย,ประชาธิปัตย์,3781,4.21,89774,,89774,,,180,94.73684,,190
นครปฐม,6,5,นายลลิต กิจสมัคร,เศรษฐกิจ,1818,2.03,89774,,89774,,,180,94.73684,,190
นครปฐม,6,6,นายเสรี สุขถาวร,กล้าธรรม,1328,1.48,89774,,89774,,,180,94.73684,,190
นครปฐม,6,7,นายพรชัย วุ่นยรรยงค์,ไทยภักดี,893,0.99,89774,,89774,,,180,94.73684,,190
นครปฐม,6,8,นายระวัง เนตรโพธิ์แก้ว,พลังประชารัฐ,797,0.89,89774,,89774,,,180,94.73684,,190
นครปฐม,6,9,นายกฤษณะพัชร์ อชโชติพงษ์,เสรีรวมไทย,784,0.87,89774,,89774,,,180,94.73684,,190
นครปฐม,6,10,นายณัชธพงศ์ ชมเชย,เพื่อบ้านเมือง,238,0.27,89774,,89774,,,180,94.73684,,190
นครพนม,1,1,นางสาวศุภพานี โพธิ์สุ,ภูมิใจไทย,61803,65.37,94537,,94537,,,274,94.80969,,289
นครพนม,1,2,นายภูมิพัฒน์ พชรทรัพย์,เพื่อไทย,21476,22.72,94537,,94537,,,274,94.80969,,289
นครพนม,1,3,นายเทิดศักดิ์ แพงสาร,ประชาชน,8133,8.6,94537,,94537,,,274,94.80969,,289
นครพนม,1,4,นายดาบชัย ทัดสา,เศรษฐกิจ,1388,1.47,94537,,94537,,,274,94.80969,,289
นครพนม,1,5,นายอธิราช น้อยนาง,ไทยสร้างไทย,726,0.77,94537,,94537,,,274,94.80969,,289
นครพนม,1,6,นายนัฐกร ศรีวังไสย์,กล้าธรรม,355,0.38,94537,,94537,,,274,94.80969,,289
นครพนม,1,7,นายธงทิพย์ชลิต แห่สถิตย์,ปวงชนไทย,269,0.28,94537,,94537,,,274,94.80969,,289
นครพนม,1,8,นายบุญเลิศ พงษ์พิศ,ประชาธิปัตย์,140,0.15,94537,,94537,,,274,94.80969,,289
นครพนม,1,9,นางสาวสุกัญญา ชาลีวงษ์,รวมไทยสร้างชาติ,125,0.13,94537,,94537,,,274,94.80969,,289
นครพนม,1,10,นายยุทธศักดิ์ โพธิ์ละคร,ไทยพร้อม,122,0.13,94537,,94537,,,274,94.80969,,289
นครพนม,2,1,นางมนพร เจริญศรี,เพื่อไทย,51176,59.53,85967,,85967,,,281,94.93243,,296
นครพนม,2,2,นายพิศาล บุพศิริ,ประชาชน,16967,19.74,85967,,85967,,,281,94.93243,,296
นครพนม,2,3,นายณพจน์ศกร ทรัพยสิทธิ์,ภูมิใจไทย,10077,11.72,85967,,85967,,,281,94.93243,,296
นครพนม,2,4,นายสมพงษ์ มณีรัตน์,ปวงชนไทย,3679,4.28,85967,,85967,,,281,94.93243,,296
นครพนม,2,5,นายกิติศักดิ์ จำปา,ทางเลือกใหม่,949,1.1,85967,,85967,,,281,94.93243,,296
นครพนม,2,6,นายประยงค์ สดมั้ย,เศรษฐกิจ,948,1.1,85967,,85967,,,281,94.93243,,296
นครพนม,2,7,นายธนชาต ธนโชติพิพิธ,กล้าธรรม,780,0.91,85967,,85967,,,281,94.93243,,296
นครพนม,2,8,นางสาวจารุนันท์ วรรณวงค์,รวมไทยสร้างชาติ,708,0.82,85967,,85967,,,281,94.93243,,296
นครพนม,2,9,นายอินหวา ระมงคล,ประชาธิปัตย์,514,0.6,85967,,85967,,,281,94.93243,,296
นครพนม,2,10,นายสุริน ไตริน,ไทยพร้อม,169,0.2,85967,,85967,,,281,94.93243,,296
นครพนม,3,1,นายอลงกต มณีกาศ,ภูมิใจไทย,37134,41.79,88863,,88863,,,278,94.88055,,293
นครพนม,3,2,นายธนากรณ์ ปราณีนิตย์,เพื่อไทย,35076,39.47,88863,,88863,,,278,94.88055,,293
นครพนม,3,3,นายวุฒิรัฐ ฐาปกรณ์ แก้วเขื่อง,ประชาชน,12026,13.53,88863,,88863,,,278,94.88055,,293
นครพนม,3,4,นายกิตติศักดิ์ ชมจันทร์,ประชาธิปัตย์,1699,1.91,88863,,88863,,,278,94.88055,,293
นครพนม,3,5,นางเกศราพร พูลสวัสดิ์,เศรษฐกิจ,1136,1.28,88863,,88863,,,278,94.88055,,293
นครพนม,3,6,นายธงชัย พานิชดี,ปวงชนไทย,865,0.97,88863,,88863,,,278,94.88055,,293
นครพนม,3,7,นายจักรพงษ์ ปทุมไกยะ,กล้าธรรม,594,0.67,88863,,88863,,,278,94.88055,,293
นครพนม,3,8,นายศุภกิจ โพธิ์ศรีมีสุข,รวมไทยสร้างชาติ,333,0.37,88863,,88863,,,278,94.88055,,293
นครพนม,4,1,นายชาญชัย คำจำปา,เพื่อไทย,41312,44.82,92181,,92181,,,301,94.95268,,317
นครพนม,4,2,นายชูกัน กุลวงษา,ภูมิใจไทย,35119,38.1,92181,,92181,,,301,94.95268,,317
นครพนม,4,3,นายวุฒิพงษ์ มีบุญ,ประชาชน,11444,12.41,92181,,92181,,,301,94.95268,,317
นครพนม,4,4,นายบัญชา มาตย์วังแสง,ไทยพร้อม,1637,1.78,92181,,92181,,,301,94.95268,,317
นครพนม,4,5,นายสุริยา พรหมดี,ไทยสร้างไทย,731,0.79,92181,,92181,,,301,94.95268,,317
นครพนม,4,6,นางสาวรัตติภรณ์ ทุมเที่ยง,เศรษฐกิจ,620,0.67,92181,,92181,,,301,94.95268,,317
นครพนม,4,7,นายวิลัย ยศสุริยะชัย,ปวงชนไทย,451,0.49,92181,,92181,,,301,94.95268,,317
นครพนม,4,8,นางสาวเกษราภัส เชื้อคำเพ็ง,กล้าธรรม,274,0.3,92181,,92181,,,301,94.95268,,317
นครพนม,4,9,นายบัวลา จันทร์แก้ว,ประชาธิปัตย์,248,0.27,92181,,92181,,,301,94.95268,,317
นครพนม,4,10,นายกฐสักกษัษฐี โคตุทา,รวมไทยสร้างชาติ,233,0.25,92181,,92181,,,301,94.95268,,317
นครพนม,4,11,นางสาวณัฐพร ฝาระมี,พลังประชารัฐ,112,0.12,92181,,92181,,,301,94.95268,,317
นครราชสีมา,1,1,นายฉัตร สุภัทรวณิชย์,ประชาชน,32534,40.17,80985,,80985,,,228,95,,240
นครราชสีมา,1,2,นายประเสริฐ บุญชัยสุข,เพื่อไทย,23435,28.94,80985,,80985,,,228,95,,240
นครราชสีมา,1,3,นายก้องเกียรติ วงศ์นิยม,ภูมิใจไทย,14417,17.8,80985,,80985,,,228,95,,240
นครราชสีมา,1,4,นายธนทรัพย์ อำพันธ์ทอง,เศรษฐกิจ,3168,3.91,80985,,80985,,,228,95,,240
นครราชสีมา,1,5,นายอนันท์ อาบสุวรรณ,รวมไทยสร้างชา,1838,2.27,80985,,80985,,,228,95,,240
นครราชสีมา,1,6,นายวิวรรธน์ วงศ์สิทธิ์,ประชาธิปัตย์,1672,2.06,80985,,80985,,,228,95,,240
นครราชสีมา,1,7,นางสาววาสนา สระทองหลาง,ไทยก้าวใหม่,1294,1.6,80985,,80985,,,228,95,,240
นครราชสีมา,1,8,นายพิชิต เคหะสุวรรณ์,พลังประชารัฐ,757,0.93,80985,,80985,,,228,95,,240
นครราชสีมา,1,9,นายสกุลชัย สุภิมารส,กล้าธรรม,552,0.68,80985,,80985,,,228,95,,240
นครราชสีมา,1,10,นายบัญญัติ ทุมมี,โอกาสใหม่,517,0.64,80985,,80985,,,228,95,,240
นครราชสีมา,1,11,นายสาคร ลักษณะสุข,รวมใจไทย,358,0.44,80985,,80985,,,228,95,,240
นครราชสีมา,1,12,นายกรกฤชอรรถ ภูกิตติวรโชติ,ปวงชนไทย,252,0.31,80985,,80985,,,228,95,,240
นครราชสีมา,1,13,นายเสรี ใจอุ่น,รักษ์ธรรม,191,0.24,80985,,80985,,,228,95,,240
นครราชสีมา,2,1,นายวัชรพล โตมรศักดิ์,เพื่อไทย,39980,41.34,96710,,96710,,,206,94.93088,,217
นครราชสีมา,2,2,นายปิยชาติ รุจิพรวศิน,ประชาชน,39142,40.47,96710,,96710,,,206,94.93088,,217
นครราชสีมา,2,3,น.ส.ธัญญารัตน์ กาญจนวัฒนา รัตนชินกร,ภูมิใจไทย,9871,10.21,96710,,96710,,,206,94.93088,,217
นครราชสีมา,2,4,นายอุดม พรมยกบัตร์,เศรษฐกิจ,3023,3.13,96710,,96710,,,206,94.93088,,217
นครราชสีมา,2,5,นายกฤษ อัครวงษ์สกุล,ชาติ,1432,1.48,96710,,96710,,,206,94.93088,,217
นครราชสีมา,2,6,นายรุ่งโรจน์ วรชมพู,ประชาธิปัตย์,1195,1.24,96710,,96710,,,206,94.93088,,217
นครราชสีมา,2,7,นายปัญญา สงทะเล,พลังประชารัฐ,668,0.69,96710,,96710,,,206,94.93088,,217
นครราชสีมา,2,8,นายทักษิณ เขื่อนโคกสูง,ไทยก้าวใหม่,652,0.67,96710,,96710,,,206,94.93088,,217
นครราชสีมา,2,9,นายวุฒิศักดิ์ พิมพ์พิสาร,กล้าธรรม,412,0.43,96710,,96710,,,206,94.93088,,217
นครราชสีมา,2,10,นายปริวรรต ศรีอัศวิน,รักชาติ,335,0.35,96710,,96710,,,206,94.93088,,217
นครราชสีมา,3,1,นายศุทธสิทธิ์ พจน์ฐศักดิ์,ประชาชน,37699,40.7,92622,,92622,,,222,94.87179,,234
นครราชสีมา,3,2,นายสมบัติ กาญจนวัฒนา,เพื่อไทย,37400,40.38,92622,,92622,,,222,94.87179,,234
นครราชสีมา,3,3,นายธนภัทร ของรัมย์,ภูมิใจไทย,7864,8.49,92622,,92622,,,222,94.87179,,234
นครราชสีมา,3,4,นายชินวัตร ปัญญาปิติโสภณ,เศรษฐกิจ,3174,3.43,92622,,92622,,,222,94.87179,,234
นครราชสีมา,3,5,นายศักดา ศรีพรหม,ชาติ,2153,2.32,92622,,92622,,,222,94.87179,,234
นครราชสีมา,3,6,นายประยงค์ ดอกสันเทียะ,ประชาธิปัตย์,1992,2.15,92622,,92622,,,222,94.87179,,234
นครราชสีมา,3,7,นางฉมามาศ อินทรักษา,กล้าธรรม,1166,1.26,92622,,92622,,,222,94.87179,,234
นครราชสีมา,3,8,นายกิตติศักดิ์ จรัญคมสันคุณา,พลังประชารัฐ,812,0.88,92622,,92622,,,222,94.87179,,234
นครราชสีมา,3,9,นางณัฐธยาน์ พิพิทฐานนท์,ไทยก้าวใหม่,362,0.39,92622,,92622,,,222,94.87179,,234
นครราชสีมา,4,1,นางสาวณัฐจิรา อิ่มวิเศษ,เพื่อไทย,34719,41.18,84302,,84302,,,290,94.77124,,306
นครราชสีมา,4,2,นายภาคภูมิ ประชญาภูมิวงศ์,ประชาชน,26339,31.24,84302,,84302,,,290,94.77124,,306
นครราชสีมา,4,3,นายรักชาติ กิริวัฒนศักดิ์,ภูมิใจไทย,15649,18.56,84302,,84302,,,290,94.77124,,306
นครราชสีมา,4,4,นายอมร แก้วสุข,รวมไทยสร้างชาติ,1605,1.9,84302,,84302,,,290,94.77124,,306
นครราชสีมา,4,5,นายโสภา พลดงนอก,เศรษฐกิจ,1551,1.84,84302,,84302,,,290,94.77124,,306
นครราชสีมา,4,6,นายไผทเทพ ถาวรชาติ,ประชาธิปัตย์,1550,1.84,84302,,84302,,,290,94.77124,,306
นครราชสีมา,4,7,นายจีระศักดิ์ โอนสันเทียะ,ไทยก้าวหน้า,1271,1.51,84302,,84302,,,290,94.77124,,306
นครราชสีมา,4,8,นายอุทัย มิ่งขวัญ,กล้าธรรม,745,0.88,84302,,84302,,,290,94.77124,,306
นครราชสีมา,4,9,นายเชิงชาย รัตน์พลแสนย์,ปวงชนไทย,691,0.82,84302,,84302,,,290,94.77124,,306
นครราชสีมา,4,10,นายเดชรักษา ทัพทวี,ไทยพร้อม,182,0.22,84302,,84302,,,290,94.77124,,306
นครราชสีมา,5,1,นายสมเกียรติ ตันดิลกตระกูล,เพื่อไทย,38845,44.32,87644,,87644,,,281,94.93243,,296
นครราชสีมา,5,2,นายทวิรัฐ รัตนเศรษฐ,ภูมิใจไทย,30864,35.22,87644,,87644,,,281,94.93243,,296
นครราชสีมา,5,3,นายกฤศวัฒน์ เลิศวิริยาภรณ์,ประชาชน,13546,15.46,87644,,87644,,,281,94.93243,,296
นครราชสีมา,5,4,ร้อยตำรวจเอก วีระพงษ์,เศรษฐกิจ,1490,1.7,87644,,87644,,,281,94.93243,,296
นครราชสีมา,5,5,นางสาวพิมนกาลล์ ธีร์ก้านพลูกลาง,พลังประชารัฐ,1171,1.34,87644,,87644,,,281,94.93243,,296
นครราชสีมา,5,6,นายสุกิจ อ่อนขาว,ประชาธิปัตย์,831,0.95,87644,,87644,,,281,94.93243,,296
นครราชสีมา,5,7,นายธนวัฒน์ ผาสุขมูล,กล้าธรรม,595,0.68,87644,,87644,,,281,94.93243,,296
นครราชสีมา,5,8,นางสาวชวัลลักษณ์ ทองสันเทียะ,ไทยภักดี,302,0.34,87644,,87644,,,281,94.93243,,296
นครราชสีมา,5,9,ร้อยตรี พงศภัค ภูริสิทธิพล,ไทยก้าวใหม่,0,0.0,87644,,87644,,,281,94.93243,,296
นครราชสีมา,6,1,นางพัชราวรรณ ภิญโญ,เพื่อไทย,27973,34.19,81811,,81811,,,291,94.78827,,307
นครราชสีมา,6,2,นายโกศล ปัทมะ,ภูมิใจไทย,19113,23.36,81811,,81811,,,291,94.78827,,307
นครราชสีมา,6,3,นายพิทักษ์พงษ์ ศิริศักดิ์,กล้าธรรม,17378,21.24,81811,,81811,,,291,94.78827,,307
นครราชสีมา,6,4,นางธัญญาภรณ์ กุลนอก,ประชาชน,11687,14.29,81811,,81811,,,291,94.78827,,307
นครราชสีมา,6,5,นายอรทัย พลวิเศษ,พลังประชารัฐ,2065,2.52,81811,,81811,,,291,94.78827,,307
นครราชสีมา,6,6,นายสกลโชค เจริญโยธากุล,รวมไทยสร้างชาติ,888,1.09,81811,,81811,,,291,94.78827,,307
นครราชสีมา,6,7,นางสาวธัญญา เกษาวงศ์,ปวงชนไทย,737,0.9,81811,,81811,,,291,94.78827,,307
นครราชสีมา,6,8,นายสมมาศ นัยวิกุล,เศรษฐกิจ,629,0.77,81811,,81811,,,291,94.78827,,307
นครราชสีมา,6,9,นายประกาศ ขุนศรี,เพื่อบ้านเมือง,456,0.56,81811,,81811,,,291,94.78827,,307
นครราชสีมา,6,10,นายสิทธิชัย เจริญใจ,ประชาธิปัตย์,439,0.54,81811,,81811,,,291,94.78827,,307
นครราชสีมา,6,11,นายสุรวิช โคตรคันทา,ไทยพร้อม,366,0.45,81811,,81811,,,291,94.78827,,307
นครราชสีมา,6,12,นายณัฏฐ์ โอ้จินดา,ไทยก้าวใหม่,80,0.1,81811,,81811,,,291,94.78827,,307
นครราชสีมา,7,1,นางสาวปิยะนุช ยินดีสุข,เพื่อไทย,40228,52.27,76958,,76958,,,314,94.86405,,331
นครราชสีมา,7,2,นายอัครวัฒน์ กุลเฉลิมพัฒน์,ภูมิใจไทย,21229,27.59,76958,,76958,,,314,94.86405,,331
นครราชสีมา,7,3,นายอธิรัฐ รัตนเศรษฐ,ประชาชน,12032,15.63,76958,,76958,,,314,94.86405,,331
นครราชสีมา,7,4,นายสุหลี ศรีแสง,เศรษฐกิจ,1483,1.93,76958,,76958,,,314,94.86405,,331
นครราชสีมา,7,5,นายธำรงศักดิ์ ไสยราม,ประชาธิปัตย์,897,1.17,76958,,76958,,,314,94.86405,,331
นครราชสีมา,7,6,นายนวกิจ พลวิเศษ,ไทยก้าวใหม่,417,0.54,76958,,76958,,,314,94.86405,,331
นครราชสีมา,7,7,นายอุดม เพ็ชรอ่อน,กล้าธรรม,387,0.5,76958,,76958,,,314,94.86405,,331
นครราชสีมา,7,8,นางนพวรรณ รอดพูล,ไทยธรรม,208,0.27,76958,,76958,,,314,94.86405,,331
นครราชสีมา,7,9,นางเบญญาภา ทองคำ,เพื่อบ้านเมือง,77,0.1,76958,,76958,,,314,94.86405,,331
นครราชสีมา,8,1,นายนิกร โสมกลาง,เพื่อไทย,51840,65.19,79521,,79521,,,278,94.88055,,293
นครราชสีมา,8,2,นายศาสตรา นากระโทก,ประชาชน,14747,18.54,79521,,79521,,,278,94.88055,,293
นครราชสีมา,8,3,นายพีรกานต์ วิเศษจินดาวัฒน์,ภูมิใจไทย,10250,12.89,79521,,79521,,,278,94.88055,,293
นครราชสีมา,8,4,นายสุระ เฉาะกระโทก,เศรษฐกิจ,1490,1.87,79521,,79521,,,278,94.88055,,293
นครราชสีมา,8,5,นายศราวุธ พิมละมาศ,ประชาธิปัตย์,1194,1.5,79521,,79521,,,278,94.88055,,293
นครราชสีมา,9,1,นายพลพีร์ สุวรรณฉวี,ภูมิใจไทย,41235,47.04,87655,,87655,,,285,95,,300
นครราชสีมา,9,2,นางสาวธนวรรณ เกษเมธีการุณ,กล้าธรรม,24623,28.09,87655,,87655,,,285,95,,300
นครราชสีมา,9,3,นายเศวตโชติ ตันติกุล,ประชาชน,14731,16.81,87655,,87655,,,285,95,,300
นครราชสีมา,9,4,นางนารดา อึ้งสวัสดิ์,เพื่อไทย,4320,4.93,87655,,87655,,,285,95,,300
นครราชสีมา,9,5,นายจอน องกระโทก,เศรษฐกิจ,1150,1.31,87655,,87655,,,285,95,,300
นครราชสีมา,9,6,นายอำนวย การค้า,รวมไทยสร้างชาติ,617,0.7,87655,,87655,,,285,95,,300
นครราชสีมา,9,7,นายจอห์น ธีฬจิตต์ ศรีสุขา,ประชาธิปัตย์,570,0.65,87655,,87655,,,285,95,,300
นครราชสีมา,9,8,นายกล้ารบ สิงหกมลศึก,ไทยภักดี,258,0.29,87655,,87655,,,285,95,,300
นครราชสีมา,9,9,นางอรุณวรรณ ชาญสัมพันธ์,ไทยก้าวใหม่,151,0.17,87655,,87655,,,285,95,,300
นครราชสีมา,10,1,นายบุญจง วงศ์ไตรรัตน์,ภูมิใจไทย,43185,41.4,104308,,104308,,,287,94.71947,,303
นครราชสีมา,10,2,นายอภิชา เลิศพชรกมล,เพื่อไทย,37863,36.3,104308,,104308,,,287,94.71947,,303
นครราชสีมา,10,3,นางสาวดวงทิพย์ ปานรักษา,ประชาชน,15343,14.71,104308,,104308,,,287,94.71947,,303
นครราชสีมา,10,4,นายเสกสกล อัตถาวงศ์,โอกาสใหม่,4824,4.62,104308,,104308,,,287,94.71947,,303
นครราชสีมา,10,5,นายธนยศ โปร่งกระโทก,เศรษฐกิจ,1261,1.21,104308,,104308,,,287,94.71947,,303
นครราชสีมา,10,6,นายสมชาติ เดชดอน,กล้าธรรม,1050,1.01,104308,,104308,,,287,94.71947,,303
นครราชสีมา,10,7,นางกาญจนา บุญมีศิริทิพงศ์,ประชาธิปัตย์,560,0.54,104308,,104308,,,287,94.71947,,303
นครราชสีมา,10,8,นายณัฐพล ชวนกระโทก,พลังประชารัฐ,222,0.21,104308,,104308,,,287,94.71947,,303
นครราชสีมา,11,1,นายอาทิตย์ หวังศุภกิจโกศล,เพื่อไทย,53069,62.42,85016,,85016,,,258,94.85294,,272
นครราชสีมา,11,2,นายณฐพงศ์ สอบกิ่ง,ประชาชน,15952,18.76,85016,,85016,,,258,94.85294,,272
นครราชสีมา,11,3,นายสัมภาษณ์ อัตถาวงศ์,ภูมิใจไทย,7697,9.05,85016,,85016,,,258,94.85294,,272
นครราชสีมา,11,4,นางนิธิกาน พงทองถวิล,เศรษฐกิจ,3168,3.73,85016,,85016,,,258,94.85294,,272
นครราชสีมา,11,5,นายชินพันธ์ แสงภักดิ์โยธิน,กล้าธรรม,2708,3.19,85016,,85016,,,258,94.85294,,272
นครราชสีมา,11,6,นางอุบลวรรณ์ วิศวนาวิน,ประชาธิปัตย์,1260,1.48,85016,,85016,,,258,94.85294,,272
นครราชสีมา,11,7,นายวุฒิชัย งามวงศ์,ทางเลือกใหม่,560,0.66,85016,,85016,,,258,94.85294,,272
นครราชสีมา,11,8,นายศุภชัย ไพบูลย์วงค์,ไทยก้าวใหม่,470,0.55,85016,,85016,,,258,94.85294,,272
นครราชสีมา,11,9,นายบุญตรี เป็นไธสง,เพื่อบ้านเมือง,132,0.16,85016,,85016,,,258,94.85294,,272
นครราชสีมา,12,1,นายนรเสฏฐ์ ศิริโรจนกุล,เพื่อไทย,47794,55.57,86006,,86006,,,310,94.80122,,327
นครราชสีมา,12,2,นายจิรภัทร พันธ์เกษม,ภูมิใจไทย,16572,19.27,86006,,86006,,,310,94.80122,,327
นครราชสีมา,12,3,นายชรินทร์ ทำดี,ประชาชน,16493,19.18,86006,,86006,,,310,94.80122,,327
นครราชสีมา,12,4,นายสมปอง เกตุดอน,เศรษฐกิจ,1527,1.78,86006,,86006,,,310,94.80122,,327
นครราชสีมา,12,5,นายภานุ ยนต์สุข,โอกาสใหม่,1288,1.5,86006,,86006,,,310,94.80122,,327
นครราชสีมา,12,6,นายพิบูลย์รัฐ ศรีจันทร์อ่อน,ประชาธิปัตย์,1229,1.43,86006,,86006,,,310,94.80122,,327
นครราชสีมา,12,7,นางสาวกาญจนา เปรมภิรักษา,กล้าธรรม,830,0.97,86006,,86006,,,310,94.80122,,327
นครราชสีมา,12,8,นายบัณทัต ฤทธิบุตร,รักชาติ,273,0.32,86006,,86006,,,310,94.80122,,327
นครราชสีมา,13,1,นายพชร จันทรรวงทอง,เพื่อไทย,28157,42.34,66505,,66505,,,270,94.73684,,285
นครราชสีมา,13,2,นางสาวนาลันทา บุญชิต,ประชาชน,25404,38.2,66505,,66505,,,270,94.73684,,285
นครราชสีมา,13,3,นายมนต์ชัย พงษ์เจริญ,ภูมิใจไทย,5887,8.85,66505,,66505,,,270,94.73684,,285
นครราชสีมา,13,4,นายอัคคชา พรหมสูตร,เศรษฐกิจ,3028,4.55,66505,,66505,,,270,94.73684,,285
นครราชสีมา,13,5,นายสุกฤษณ์ วัชรมาลีกุล,พลังประชารัฐ,1944,2.92,66505,,66505,,,270,94.73684,,285
นครราชสีมา,13,6,นายไววิก สวรรณา,ประชาธิปัตย์,1775,2.67,66505,,66505,,,270,94.73684,,285
นครราชสีมา,13,7,นายวิชัย ขอหมั่นกลาง,เพื่อบ้านเมือง,310,0.47,66505,,66505,,,270,94.73684,,285
นครราชสีมา,13,8,ถูกถอนชื่อ,กล้าธรรม,0,0.0,66505,,66505,,,270,94.73684,,285
นครราชสีมา,14,1,นายหนึ่ง ขัติยะนนท์,ประชาชน,29003,39.63,73189,,73189,,,228,95,,240
นครราชสีมา,14,2,นายวัชรากร เลิศด้วยลาภ,เพื่อไทย,28220,38.56,73189,,73189,,,228,95,,240
นครราชสีมา,14,3,นายศรัณยพงศ์ อนิวัตกูลชัย,ภูมิใจไทย,9673,13.22,73189,,73189,,,228,95,,240
นครราชสีมา,14,4,นายสิริพรชัย ฐิติเจริญวงศ์,เศรษฐกิจ,2150,2.94,73189,,73189,,,228,95,,240
นครราชสีมา,14,5,นายพิศณุพงศ์ สิทธิโชคแก้วมูล,รวมไทยสร้างชาติ,2079,2.84,73189,,73189,,,228,95,,240
นครราชสีมา,14,6,นายสุวรรณ เกษมทะเล,ประชาธิปัตย์,2064,2.82,73189,,73189,,,228,95,,240
นครราชสีมา,15,1,นายรชตะ ด่านกุล,เพื่อไทย,37242,39.12,95199,,95199,,,313,94.84848,,330
นครราชสีมา,15,2,นายเจษฎา พิทยาภรณ์,ภูมิใจไทย,26946,28.3,95199,,95199,,,313,94.84848,,330
นครราชสีมา,15,3,นายมารุต ชุ่มขุนทด,กล้าธรรม,15641,16.43,95199,,95199,,,313,94.84848,,330
นครราชสีมา,15,4,นายบรรดูลย์ พูนรัตนบัณฑิตย์,ประชาชน,12635,13.27,95199,,95199,,,313,94.84848,,330
นครราชสีมา,15,5,นายชมภู โสมกูล,เศรษฐกิจ,1283,1.35,95199,,95199,,,313,94.84848,,330
นครราชสีมา,15,6,นายพจน์ เจริญสันเทียะ,พลังประชารัฐ,549,0.58,95199,,95199,,,313,94.84848,,330
นครราชสีมา,15,7,นายประมวล หาดรักษกุล,ประชาธิปัตย์,491,0.52,95199,,95199,,,313,94.84848,,330
นครราชสีมา,15,8,นายชัยวัฒน์ บุญเอก,ไทยก้าวใหม่,286,0.3,95199,,95199,,,313,94.84848,,330
นครราชสีมา,15,9,จ่าสิบตำรวจเฉลิม เทียนขุนทด,ทางเลือกใหม่,126,0.13,95199,,95199,,,313,94.84848,,330
นครราชสีมา,16,1,นายตติรัฐ รัตนเศรษฐ,ภูมิใจไทย,32139,38.26,83999,,83999,,,323,95,,340
นครราชสีมา,16,2,นายพรเทพ ศิริโรจนกุล,เพื่อไทย,31496,37.5,83999,,83999,,,323,95,,340
นครราชสีมา,16,3,นายมาร์ค อุสมาน ปาทาน,ประชาชน,14870,17.7,83999,,83999,,,323,95,,340
นครราชสีมา,16,4,นายวีรวิทย์ เชื้อจันอัด,กล้าธรรม,1215,1.45,83999,,83999,,,323,95,,340
นครราชสีมา,16,5,นายสมชัย ฉัตรพัฒนศิริ,พลังประชารัฐ,1095,1.3,83999,,83999,,,323,95,,340
นครราชสีมา,16,6,เรือโทขุนณรงค์ นวลแก้ว,เศรษฐกิจ,982,1.17,83999,,83999,,,323,95,,340
นครราชสีมา,16,7,นายบุญเลิศ ประสิทธิ์นอก,เพื่อบ้านเมือง,916,1.09,83999,,83999,,,323,95,,340
นครราชสีมา,16,8,นายภานุมาศ แก้วนอก,ประชาธิปัตย์,586,0.7,83999,,83999,,,323,95,,340
นครราชสีมา,16,9,นายเอนก ปักนอก,ไทยธรรม,435,0.52,83999,,83999,,,323,95,,340
นครราชสีมา,16,10,นางสาวณันชนันท์ หลอกลาง,ไทยภักดี,265,0.32,83999,,83999,,,323,95,,340
นครศรีธรรมราช,1,1,นายทรงศักดิ์ มุสิกอง,ประชาธิปัตย์,39225,42.81,91623,,91623,,,211,94.61883,,223
นครศรีธรรมราช,1,2,นายราชิต สุดพุ่ม,ภูมิใจไทย,29583,32.29,91623,,91623,,,211,94.61883,,223
นครศรีธรรมราช,1,3,นายปกรณ์ อารีกุล,ประชาชน,18768,20.48,91623,,91623,,,211,94.61883,,223
นครศรีธรรมราช,1,4,นายมนตรี เฉียบแหลม,เพื่อไทย,1617,1.76,91623,,91623,,,211,94.61883,,223
นครศรีธรรมราช,1,5,นางสาวสุวรรณี ว่องชล,ไทยภักดี,1324,1.45,91623,,91623,,,211,94.61883,,223
นครศรีธรรมราช,1,6,นางสุภาพ ขุนศรี,พลังประชารัฐ,1106,1.21,91623,,91623,,,211,94.61883,,223
นครศรีธรรมราช,2,1,นางสาวนันทวัน วิเชียร,ภูมิใจไทย,45334,49.43,91714,,91714,,,249,94.67681,,263
นครศรีธรรมราช,2,2,นายเชาวน์วัศ เสนพงศ์,ประชาธิปัตย์,21111,23.02,91714,,91714,,,249,94.67681,,263
นครศรีธรรมราช,2,3,นายจรยุทธ มาศบำรุง,ประชาชน,11586,12.63,91714,,91714,,,249,94.67681,,263
นครศรีธรรมราช,2,4,นายเจริญ ชินวงศ์,กล้าธรรม,6989,7.62,91714,,91714,,,249,94.67681,,263
นครศรีธรรมราช,2,5,นายนนทิวรรธน์ นนทภักดิ์,รวมไทยสร้างชาติ,4157,4.53,91714,,91714,,,249,94.67681,,263
นครศรีธรรมราช,2,6,นายทศพร แซ่ชิ้น,เศรษฐกิจ,1077,1.17,91714,,91714,,,249,94.67681,,263
นครศรีธรรมราช,2,7,นางวิไลลักษณ์ คชพันธ์,เพื่อไทย,842,0.92,91714,,91714,,,249,94.67681,,263
นครศรีธรรมราช,2,8,นายปัญโน หวานนุรักษ์,พลวัต,307,0.33,91714,,91714,,,249,94.67681,,263
นครศรีธรรมราช,2,9,นายสิทธิพงศ์ ชูวงค์,สังคมประชาธิปไตยไทย,200,0.22,91714,,91714,,,249,94.67681,,263
นครศรีธรรมราช,2,10,นายนพดล กาญจนรักษ์,ไทยก้าวใหม่,111,0.12,91714,,91714,,,249,94.67681,,263
นครศรีธรรมราช,3,1,นายพิทักษ์เดช เดชเดโช,ประชาธิปัตย์,47554,51.11,93045,,93045,,,306,94.73684,,323
นครศรีธรรมราช,3,2,นายมานะ ยวงทอง,ภูมิใจไทย,35542,38.2,93045,,93045,,,306,94.73684,,323
นครศรีธรรมราช,3,3,นายชายประจักร์ ศิริพันธุ์,ประชาชน,6731,7.23,93045,,93045,,,306,94.73684,,323
นครศรีธรรมราช,3,4,นายสัณหพจน์ สุขศรีเมือง,โอกาสใหม่,1719,1.85,93045,,93045,,,306,94.73684,,323
นครศรีธรรมราช,3,5,นายอัศนัย แท่นแก้ว,กล้าธรรม,623,0.67,93045,,93045,,,306,94.73684,,323
นครศรีธรรมราช,3,6,นายทศภณ ศรีสุขช่วย,รวมไทยสร้างชาติ,588,0.63,93045,,93045,,,306,94.73684,,323
นครศรีธรรมราช,3,7,นายเกียรติศักดิ์ ภักดีเดโชชัย,ประชาธิปไตยใหม่,288,0.31,93045,,93045,,,306,94.73684,,323
นครศรีธรรมราช,4,1,นางกนกพร เดชเดโช,ประชาธิปัตย์,44890,46.26,97047,,97047,,,220,94.82759,,232
นครศรีธรรมราช,4,2,ว่าที่ ร.ท.ยุทธการ รัตนมาศ,กล้าธรรม,36790,37.91,97047,,97047,,,220,94.82759,,232
นครศรีธรรมราช,4,3,นายวัชระ เกตุชู,ประชาชน,7531,7.76,97047,,97047,,,220,94.82759,,232
นครศรีธรรมราช,4,4,ว่าที่ร้อยโท สนั่น พิบูลย์,ภูมิใจไทย,3705,3.82,97047,,97047,,,220,94.82759,,232
นครศรีธรรมราช,4,5,นายสิทธิรัก ทิพย์อักษร,โอกาสใหม่,2539,2.62,97047,,97047,,,220,94.82759,,232
นครศรีธรรมราช,4,6,นายกองตรี อาญาสิทธิ์ ศรีสุวรรณ,เพื่อไทย,798,0.82,97047,,97047,,,220,94.82759,,232
นครศรีธรรมราช,4,7,นายโอฬาร วังบุญคง,เศรษฐกิจ,505,0.52,97047,,97047,,,220,94.82759,,232
นครศรีธรรมราช,4,8,นายนิคม หนูแสง,ประชาธิปไตยใหม่,289,0.3,97047,,97047,,,220,94.82759,,232
นครศรีธรรมราช,5,1,นายสมศักดิ์ แสงอารยะกุล,กล้าธรรม,36801,36.69,100294,,100294,,,225,94.93671,,237
นครศรีธรรมราช,5,2,นายสุธรรม จริตงาม,ภูมิใจไทย,31394,31.3,100294,,100294,,,225,94.93671,,237
นครศรีธรรมราช,5,3,นายชนภัทร รัตนพันธ์,ประชาธิปัตย์,17704,17.65,100294,,100294,,,225,94.93671,,237
นครศรีธรรมราช,5,4,นายสมโชติ มีชนะ,ประชาชน,12019,11.98,100294,,100294,,,225,94.93671,,237
นครศรีธรรมราช,5,5,นายสมพงศ์ เสียงดี,เพื่อไทย,857,0.85,100294,,100294,,,225,94.93671,,237
นครศรีธรรมราช,5,6,นายสหธัญ กรุณา,รวมไทยสร้างชาติ,647,0.65,100294,,100294,,,225,94.93671,,237
นครศรีธรรมราช,5,7,นายมนัส พรหมเพศ,เศรษฐกิจ,384,0.38,100294,,100294,,,225,94.93671,,237
นครศรีธรรมราช,5,8,ว่าที่ ร.ต.อภิรัฐ รัตนพันธุ์,ไทยก้าวใหม่,263,0.26,100294,,100294,,,225,94.93671,,237
นครศรีธรรมราช,5,9,นายพล อิสระลักษณ์,พลวัต,225,0.22,100294,,100294,,,225,94.93671,,237
นครศรีธรรมราช,6,1,นายจอมไกร สวัสดิวงศ์,ประชาธิปัตย์,43293,43.28,100028,,100028,,,237,94.8,,250
นครศรีธรรมราช,6,2,นายสมเกียรติ ทรงสวัสดิ์,กล้าธรรม,22254,22.25,100028,,100028,,,237,94.8,,250
นครศรีธรรมราช,6,3,นายษฐา ขาวขำ,ภูมิใจไทย,21043,21.04,100028,,100028,,,237,94.8,,250
นครศรีธรรมราช,6,4,นายพุฒิพงศ์ ลุ่ยจิ๋ว,ประชาชน,10065,10.06,100028,,100028,,,237,94.8,,250
นครศรีธรรมราช,6,5,นายเอกนิติ ภูมา,ไทยก้าวใหม่,1037,1.04,100028,,100028,,,237,94.8,,250
นครศรีธรรมราช,6,6,นายวราโชติ มณีอ่อน,รวมไทยสร้างชาติ,958,0.96,100028,,100028,,,237,94.8,,250
นครศรีธรรมราช,6,7,นายปกป้อง ราชรักษ์,เพื่อไทย,758,0.76,100028,,100028,,,237,94.8,,250
นครศรีธรรมราช,6,8,ว่าที่ ร.ต.อ.วิรัตน์ บุญเชิด,ไทยภักดี,520,0.52,100028,,100028,,,237,94.8,,250
นครศรีธรรมราช,6,9,นางเกษศิรินทร์ ช่วยศรีทอง,ประชาธิปไตยใหม่,100,0.1,100028,,100028,,,237,94.8,,250
นครศรีธรรมราช,7,1,นายอภินันท์ สโมสร,ภูมิใจไทย,38684,46.75,82744,,82744,,,248,94.65649,,262
นครศรีธรรมราช,7,2,นายนิติศักดิ์ มีขวด,ประชาธิปัตย์,28913,34.94,82744,,82744,,,248,94.65649,,262
นครศรีธรรมราช,7,3,นางสาวฮาวา นุ้ยเจริญ,ประชาชน,8965,10.83,82744,,82744,,,248,94.65649,,262
นครศรีธรรมราช,7,4,นายไสว เลื่องสีนิล,โอกาสใหม่,3065,3.7,82744,,82744,,,248,94.65649,,262
นครศรีธรรมราช,7,5,นายปรีชานนท์ สรรพจิตต์,เพื่อไทย,1508,1.82,82744,,82744,,,248,94.65649,,262
นครศรีธรรมราช,7,6,นายธีวฤทธิ์ ธนากรรฐ์,รวมไทยสร้างชาติ,1011,1.22,82744,,82744,,,248,94.65649,,262
นครศรีธรรมราช,7,7,นายพลวรรฒน์ ธรรมโสภณ,เศรษฐกิจ,598,0.72,82744,,82744,,,248,94.65649,,262
นครศรีธรรมราช,8,1,นางอวยพรศรี เชาวลิต,ภูมิใจไทย,54040,58.2,92847,,92847,,,218,94.78261,,230
นครศรีธรรมราช,8,2,นายปฏิวัติ ยุติธรรม,ประชาธิปัตย์,22534,24.27,92847,,92847,,,218,94.78261,,230
นครศรีธรรมราช,8,3,นายธีรวัฒน์ บุญวรรณ,ประชาชน,12201,13.14,92847,,92847,,,218,94.78261,,230
นครศรีธรรมราช,8,4,นายอนุชิต พรหมจันทร์,พลังประชารัฐ,1630,1.76,92847,,92847,,,218,94.78261,,230
นครศรีธรรมราช,8,5,นางสาวรัตนาวดี ศรีนาคช,เพื่อไทย,860,0.93,92847,,92847,,,218,94.78261,,230
นครศรีธรรมราช,8,6,นายธีรพงศ์ สิทธา,รวมไทยสร้างชาติ,805,0.87,92847,,92847,,,218,94.78261,,230
นครศรีธรรมราช,8,7,นายสมบูรณ์ หัตถประดิษฐ์,พลวัต,487,0.52,92847,,92847,,,218,94.78261,,230
นครศรีธรรมราช,8,8,นาวาอากาศเอก สุรินทร์ เมฆาวรรณ,ทางเลือกใหม่,290,0.31,92847,,92847,,,218,94.78261,,230
นครศรีธรรมราช,9,1,นางสาวพิมพ์ภัทรา วิชัยกุล,ภูมิใจไทย,46473,48.37,96071,,96071,,,248,94.65649,,262
นครศรีธรรมราช,9,2,นายชาญวัฒนา อิสระวัฒนา,ประชาธิปัตย์,36536,38.03,96071,,96071,,,248,94.65649,,262
นครศรีธรรมราช,9,3,นายนาถวัฒน์ ทองทรัพย์,ประชาชน,9610,10.0,96071,,96071,,,248,94.65649,,262
นครศรีธรรมราช,9,4,นางสาวปรมาภรณ์ บริบูรณ์,เพื่อไทย,1530,1.59,96071,,96071,,,248,94.65649,,262
นครศรีธรรมราช,9,5,นางสาวนิรมล เพ็งจันทร์,รวมไทยสร้างชาติ,1060,1.1,96071,,96071,,,248,94.65649,,262
นครศรีธรรมราช,9,6,นายเทวกฤต อินทวงค์,พลังประชารัฐ,578,0.6,96071,,96071,,,248,94.65649,,262
นครศรีธรรมราช,9,7,นายภูริณัฐ ใจสนุก,ไทยก้าวใหม่,284,0.3,96071,,96071,,,248,94.65649,,262
นครสวรรค์,1,1,นางสาวภัทราวดี นิโรจน์,ภูมิใจไทย,48861,54.22,90110,,90110,,,221,94.84979,,233
นครสวรรค์,1,2,นายกฤษฐ์หิรัญ เลิศอุฤทธิ์ภักดี,ประชาชน,30685,34.05,90110,,90110,,,221,94.84979,,233
นครสวรรค์,1,3,นายกานตพงศ์ ใจแก้ว,เพื่อไทย,4072,4.52,90110,,90110,,,221,94.84979,,233
นครสวรรค์,1,4,นางสาวอรุณี ไพรสิงห์,ประชาธิปัตย์,3896,4.32,90110,,90110,,,221,94.84979,,233
นครสวรรค์,1,5,นางสาวเพ็ญแข คงเพชรศักดิ์,เศรษฐกิจ,1812,2.01,90110,,90110,,,221,94.84979,,233
นครสวรรค์,1,6,นางอาทิตย์ติญาภรณ์ จันทรตัน,กล้าธรรม,784,0.87,90110,,90110,,,221,94.84979,,233
นครสวรรค์,2,1,นายชานนท์ ไทยเศรษฐ์,ภูมิใจไทย,47296,48.77,96984,,96984,,,260,94.89051,,274
นครสวรรค์,2,2,นายทรงศักดิ์ ส่งเสริมอุดมชัย,เพื่อไทย,28624,29.51,96984,,96984,,,260,94.89051,,274
นครสวรรค์,2,3,นายพิสิษฐ์ เนียมสุ่ม,ประชาชน,16325,16.83,96984,,96984,,,260,94.89051,,274
นครสวรรค์,2,4,นายนัยศาลิน ถนอมมิตรวัฒนา,ประชาธิปัตย์,2932,3.02,96984,,96984,,,260,94.89051,,274
นครสวรรค์,2,5,นางณัฏฐณิชา เหลือกาฬ,เศรษฐกิจ,1060,1.09,96984,,96984,,,260,94.89051,,274
นครสวรรค์,2,6,นายสมเกียรติ สระแก้ว,กล้าธรรม,576,0.59,96984,,96984,,,260,94.89051,,274
นครสวรรค์,2,7,นายดนัย ดาวเรือง,ประชาธิปไตยใหม่,171,0.18,96984,,96984,,,260,94.89051,,274
นครสวรรค์,3,1,นายสัญญา นิลสุพรรณ,กล้าธรรม,53454,58.74,90997,,90997,,,294,94.83871,,310
นครสวรรค์,3,2,นายยุทธการ พลแสน,ประชาชน,21890,24.06,90997,,90997,,,294,94.83871,,310
นครสวรรค์,3,3,นายสัญชัย วงษ์สุนทร,เพื่อไทย,7059,7.76,90997,,90997,,,294,94.83871,,310
นครสวรรค์,3,4,นายมารุต โมราสุข,ประชาธิปัตย์,2981,3.28,90997,,90997,,,294,94.83871,,310
นครสวรรค์,3,5,นายอภิวัฒน์ เขม้นเขตกิจ,ภูมิใจไทย,2482,2.73,90997,,90997,,,294,94.83871,,310
นครสวรรค์,3,6,นายนิรุด เรื่องงาม,เศรษฐกิจ,2221,2.44,90997,,90997,,,294,94.83871,,310
นครสวรรค์,3,7,นางสาวปุญญ์ชญาณ์ ท้วมโพธิ์แก้ว,มิติใหม่,693,0.76,90997,,90997,,,294,94.83871,,310
นครสวรรค์,3,8,นายธงชัย ชัยธสุวรรณ,ประชาธิปไตยใหม่,217,0.24,90997,,90997,,,294,94.83871,,310
นครสวรรค์,4,1,นายมารุต ศรีผึ้ง,ภูมิใจไทย,55825,66.66,83748,,83748,,,269,94.71831,,284
นครสวรรค์,4,2,นางณัฏฐนันท์ ปอพาณิชกรณ์,ประชาชน,14884,17.77,83748,,83748,,,269,94.71831,,284
นครสวรรค์,4,3,นายรุ่งโรจน์ แสงศิริ,เพื่อไทย,6538,7.81,83748,,83748,,,269,94.71831,,284
นครสวรรค์,4,4,นางสาวนริศร์ชา ชัยสุกัญญาสันต์,เศรษฐกิจ,3203,3.82,83748,,83748,,,269,94.71831,,284
นครสวรรค์,4,5,นายประเสริฐ จรูญจิตรวีร์,กล้าทา,1582,1.89,83748,,83748,,,269,94.71831,,284
นครสวรรค์,4,6,นายกฤต ชูชาติ,ประชาธิปัตย์,1510,1.8,83748,,83748,,,269,94.71831,,284
นครสวรรค์,4,7,ร.ต.อ.ธงชัย มหาโพธิ์,ประชาธิปไตยใหม่,206,0.25,83748,,83748,,,269,94.71831,,284
นครสวรรค์,5,1,นายพีระเดช ศิริวันสาณฑ์,ภูมิใจไทย,61430,70.42,87228,,87228,,,277,94.86301,,292
นครสวรรค์,5,2,นายนพสิทธิ์ ฐิติพัฒนธราวุฒิ,ประชาชน,15839,18.16,87228,,87228,,,277,94.86301,,292
นครสวรรค์,5,3,พันตำรวจโทนุกูล แสงศิริ,เพื่อไทย,6481,7.43,87228,,87228,,,277,94.86301,,292
นครสวรรค์,5,4,นางคณิฏฐ์ษา ทองวงศ์พิทักษ์,ประชาธิปัตย์,1677,1.92,87228,,87228,,,277,94.86301,,292
นครสวรรค์,5,5,นายณัฐสิทธิ์ เหลือกาฬ,เศรษฐกิจ,1041,1.19,87228,,87228,,,277,94.86301,,292
นครสวรรค์,5,6,นายทรงธรรม ขจรชัยธนัง,กล้าธรรม,510,0.58,87228,,87228,,,277,94.86301,,292
นครสวรรค์,5,7,นางสาวนัยนา วชิรวัฒน์,ประชาธิปไตยใหม่,250,0.29,87228,,87228,,,277,94.86301,,292
นครสวรรค์,6,1,นายประสาท ตันประเสริฐ,ภูมิใจไทย,36543,42.86,85258,,85258,,,248,94.65649,,262
นครสวรรค์,6,2,นายนิโรธ สุนทรเลขา,กล้าธรรม,32307,37.89,85258,,85258,,,248,94.65649,,262
นครสวรรค์,6,3,นายสพลเชษฐ์ ก้อนจันทร์เทศ,ประชาชน,11628,13.64,85258,,85258,,,248,94.65649,,262
นครสวรรค์,6,4,นางสาวชุติมา เสรีรัฐ,เพื่อไทย,2985,3.5,85258,,85258,,,248,94.65649,,262
นครสวรรค์,6,5,นางสาวสิริรักษ์ บัณฑิตศิละศักดิ์,ประชาธิปัตย์,951,1.12,85258,,85258,,,248,94.65649,,262
นครสวรรค์,6,6,นางเตือนใจ หงส์เวียงจันทร์,เศรษฐกิจ,643,0.75,85258,,85258,,,248,94.65649,,262
นครสวรรค์,6,7,นางสุริวัสสา เพชรสวัสดิ์,ประชาธิปไตยใหม่,123,0.14,85258,,85258,,,248,94.65649,,262
นครสวรรค์,6,8,พันตำรวจเอกสนองเดช เดชวัชรนนท์,พลังประชารัฐ,78,0.09,85258,,85258,,,248,94.65649,,262
นนทบุรี,1,1,นายวุฒากร นุตยกุล,ประชาชน,42123,44.87,93883,,93883,,,167,94.88636,,176
นนทบุรี,1,2,นางสาวกัญญาพร แก้วทิพย์,ภูมิใจไทย,19861,21.16,93883,,93883,,,167,94.88636,,176
นนทบุรี,1,3,นายวิรัตน์ เกียรติสันติกุล,เพื่อไทย,9587,10.21,93883,,93883,,,167,94.88636,,176
นนทบุรี,1,4,นายธีรวงศ์ สรรค์พิพัฒน์,กล้าธรรม,8706,9.27,93883,,93883,,,167,94.88636,,176
นนทบุรี,1,5,นายนันทิน พานิชกุล,ประชาธิปัตย์,6573,7.0,93883,,93883,,,167,94.88636,,176
นนทบุรี,1,6,นายสหภาพ พ่อค้าทอง,เศรษฐกิจ,2230,2.38,93883,,93883,,,167,94.88636,,176
นนทบุรี,1,7,ร้อยโทภาคย์ธณิศ นุชน้อย,รวมไทยสร้างชาติ,2034,2.17,93883,,93883,,,167,94.88636,,176
นนทบุรี,1,8,นายธนบดี อินทวีโร,เสรีรวมไทย,1184,1.26,93883,,93883,,,167,94.88636,,176
นนทบุรี,1,9,นายสุรพันธ์ ไวยากรณ์,พลวัต,791,0.84,93883,,93883,,,167,94.88636,,176
นนทบุรี,1,10,นายวิชยุตม์ รอดศิลป์,ฟิวชัน,403,0.43,93883,,93883,,,167,94.88636,,176
นนทบุรี,1,11,นายศรราม ภูมิไชย,พลังประชารัฐ,391,0.42,93883,,93883,,,167,94.88636,,176
นนทบุรี,2,1,นางปัญญารัตน์ นันทภูษิตานนท์,ประชาชน,38013,46.86,81123,,81123,,,166,94.85714,,175
นนทบุรี,2,2,นายเฉลิมพล นิยมสินธุ์,ภูมิใจไทย,20126,24.81,81123,,81123,,,166,94.85714,,175
นนทบุรี,2,3,นายภาณุพงศ์ ทรงวัชราภรณ์,เพื่อไทย,10730,13.23,81123,,81123,,,166,94.85714,,175
นนทบุรี,2,4,นางสาวสุพรรษา เย็นเพ็ชร,ประชาธิปัตย์,5756,7.1,81123,,81123,,,166,94.85714,,175
นนทบุรี,2,5,นางสาวกาญจนา ยงเสมอ,เศรษฐกิจ,1667,2.05,81123,,81123,,,166,94.85714,,175
นนทบุรี,2,6,นายปราโมทย์ พันธุเกตุ,รวมไทยสร้างชาติ,1210,1.49,81123,,81123,,,166,94.85714,,175
นนทบุรี,2,7,นางสาวพกาวรรณ ทิมดี,ไทยภักดี,1047,1.29,81123,,81123,,,166,94.85714,,175
นนทบุรี,2,8,นางสาวสมบูรณ์วรรณ ตรีสินธุ์ไชย,พลังประชารัฐ,906,1.12,81123,,81123,,,166,94.85714,,175
นนทบุรี,2,9,นางสาวภควรรณ กุลปัญญาพินิจ,กล้าธรรม,563,0.69,81123,,81123,,,166,94.85714,,175
นนทบุรี,2,10,นายตฤณ สุวรรณศร,ทางเลือกใหม่,518,0.64,81123,,81123,,,166,94.85714,,175
นนทบุรี,2,11,นายกิตติ เพ็ญภาคกุล,พลวัต,386,0.48,81123,,81123,,,166,94.85714,,175
นนทบุรี,2,12,นายธนาชัย จิรัตถิติกุล,ฟิวชัน,201,0.25,81123,,81123,,,166,94.85714,,175
นนทบุรี,3,1,นายอนุสรณ์ แก้ววิเชียร,ประชาชน,47405,49.11,96521,,96521,,,158,77.07317,,205
นนทบุรี,3,2,นาวสาวดาราวรรณ อัจฉริยะประสิทธิ์,เพื่อไทย,17748,18.39,96521,,96521,,,158,77.07317,,205
นนทบุรี,3,3,ผศ.สิริภิญญ์ อินทรประเสริฐ,ภูมิใจไทย,15854,16.43,96521,,96521,,,158,77.07317,,205
นนทบุรี,3,4,นายเอิบ พงบุหงอ,ประชาธิปัตย์,7291,7.55,96521,,96521,,,158,77.07317,,205
นนทบุรี,3,5,นายเอกชัย แสงวิจิตร,เศรษฐกิจ,2207,2.29,96521,,96521,,,158,77.07317,,205
นนทบุรี,3,6,นายประชา มีเหม็ง,รวมไทยสร้างชาติ,1873,1.94,96521,,96521,,,158,77.07317,,205
นนทบุรี,3,7,นายวุฒิบูรณ์ วิ่งวน,กล้าธรรม,1160,1.2,96521,,96521,,,158,77.07317,,205
นนทบุรี,3,8,นายปัญญา สุขขจีธำรง,ทางเลือกใหม่,957,0.99,96521,,96521,,,158,77.07317,,205
นนทบุรี,3,9,นายศุภวัฒน์ กุลสังคหะ,เสรีรวมไทย,778,0.81,96521,,96521,,,158,77.07317,,205
นนทบุรี,3,10,นางสาวสิรินาถ พิณประไพวงศ์,พลวัต,774,0.8,96521,,96521,,,158,77.07317,,205
นนทบุรี,3,11,นายอิทธิพล คงพสิษฐ์พร,พลังประชารัฐ,474,0.49,96521,,96521,,,158,77.07317,,205
นนทบุรี,4,1,นายกรณ์ มีดี,ประชาชน,33461,39.27,85203,,85203,,,168,94.91525,,177
นนทบุรี,4,2,ว่าที่ร้อยตรีภาณุพงศ์ บรรดาศักดิ์,ภูมิใจไทย,27997,32.86,85203,,85203,,,168,94.91525,,177
นนทบุรี,4,3,นายมนตรี ตั้งเจริญถาวร,เพื่อไทย,14692,17.24,85203,,85203,,,168,94.91525,,177
นนทบุรี,4,4,นายธิติธร เลิศเกียรติมงคล,ประชาธิปัตย์,4054,4.76,85203,,85203,,,168,94.91525,,177
นนทบุรี,4,5,นายนนทพันธ์ อัครเจริญรัตน์,เศรษฐกิจ,1501,1.76,85203,,85203,,,168,94.91525,,177
นนทบุรี,4,6,นางสาวณัฐปัณฑ์ ดาวเรือง,รวมไทยสร้างชาติ,1279,1.5,85203,,85203,,,168,94.91525,,177
นนทบุรี,4,7,นางสาวปุญชรัสมิ์ บุญมา,พลวัต,868,1.02,85203,,85203,,,168,94.91525,,177
นนทบุรี,4,8,นายติณณ์ ธณกรณ์,ทางเลือกใหม่,646,0.76,85203,,85203,,,168,94.91525,,177
นนทบุรี,4,9,นางดุษฎี เจริญสุข,ไทยพิทักษ์ธรรม,359,0.42,85203,,85203,,,168,94.91525,,177
นนทบุรี,4,10,นายสุรเชษฐ ทองคำ,กล้าธรรม,346,0.41,85203,,85203,,,168,94.91525,,177
นนทบุรี,5,1,นายปรีติ เจริญศิลป์,ประชาชน,41888,43.58,96107,,96107,,,188,94.94949,,198
นนทบุรี,5,2,นายประยูร อรัญญิก,ภูมิใจไทย,31985,33.28,96107,,96107,,,188,94.94949,,198
นนทบุรี,5,3,นายวัชธนันท์ อัศวนิโครธร,เพื่อไทย,8802,9.16,96107,,96107,,,188,94.94949,,198
นนทบุรี,5,4,นายธนินท์ธร ภูมราช,ประชาธิปัตย์,5854,6.09,96107,,96107,,,188,94.94949,,198
นนทบุรี,5,5,นายสุวิศิษฎ์ พงศ์ภรณ์ปภาณ,รวมไทยสร้างชาติ,2424,2.52,96107,,96107,,,188,94.94949,,198
นนทบุรี,5,6,นายประสงค์ เต็งทอง,เศรษฐกิจ,1689,1.76,96107,,96107,,,188,94.94949,,198
นนทบุรี,5,7,นายพลวัตร บรรดาศักดิ์,พลังประชารัฐ,1507,1.57,96107,,96107,,,188,94.94949,,198
นนทบุรี,5,8,นายอภิษิต งามบุษบงโสภี,กล้าธรรม,1237,1.29,96107,,96107,,,188,94.94949,,198
นนทบุรี,5,9,นางสาวสุจจาธินี ลักษมน์ศิริชาต,ทางเลือกใหม่,520,0.54,96107,,96107,,,188,94.94949,,198
นนทบุรี,5,10,นายทวีชัย พงศาทองโฉม,ฟิวชัน,201,0.21,96107,,96107,,,188,94.94949,,198
นนทบุรี,6,1,นายสุทัศน์ มีศิริ,ประชาชน,44405,44.84,110023,,99026,3607,7390,202,94.83568,,213
นนทบุรี,6,2,นางสาวศศิประภา ดีรอด,ภูมิใจไทย,25218,25.47,110023,,99026,3607,7390,202,94.83568,,213
นนทบุรี,6,3,นายประถมการ อ่วมอ่อง,เพื่อไทย,17968,18.14,110023,,99026,3607,7390,202,94.83568,,213
นนทบุรี,6,4,นายพงศกร นกทรัพย์,ประชาธิปัตย์,6595,6.66,110023,,99026,3607,7390,202,94.83568,,213
นนทบุรี,6,5,นายเกริกหิรัญ แปลกประเสริฐ,เศรษฐกิจ,1741,1.76,110023,,99026,3607,7390,202,94.83568,,213
นนทบุรี,6,6,นายชานนท์ พงษ์เจริญ,ทางเลือกใหม่,1389,1.4,110023,,99026,3607,7390,202,94.83568,,213
นนทบุรี,6,7,นายธีรวัจน์ ดารามาศ,พลวัต,887,0.9,110023,,99026,3607,7390,202,94.83568,,213
นนทบุรี,6,8,นายคุณากร มั่นนทีรัย,กล้าธรรม,823,0.83,110023,,99026,3607,7390,202,94.83568,,213
นนทบุรี,7,1,นายเกียรติคุณ ต้นยาง,ประชาชน,41267,43.9,93993,,93993,,,199,94.7619,,210
นนทบุรี,7,2,นายวิเชียร เจริญนนทสิทธิ์,กล้าธรรม,18873,20.08,93993,,93993,,,199,94.7619,,210
นนทบุรี,7,3,นายซุ้น ณัฐเดช กังสุกุล,ภูมิใจไทย,13141,13.98,93993,,93993,,,199,94.7619,,210
นนทบุรี,7,4,นายภณณัฏฐ์ ศรีอินทร์สุทธิ์,เพื่อไทย,9933,10.57,93993,,93993,,,199,94.7619,,210
นนทบุรี,7,5,นายพิศิษฐ์ ทิมดี,ประชาธิปัตย์,4932,5.25,93993,,93993,,,199,94.7619,,210
นนทบุรี,7,6,นายปรีชา ฉอสุวรรณชาติ,รวมไทยสร้างชาติ,2686,2.86,93993,,93993,,,199,94.7619,,210
นนทบุรี,7,7,นายมาณัษฐ์ จตุระบุล,เศรษฐกิจ,1683,1.79,93993,,93993,,,199,94.7619,,210
นนทบุรี,7,8,สิบตำรวจโท สมชาย ศรีเย็น,ทางเลือกใหม่,1006,1.07,93993,,93993,,,199,94.7619,,210
นนทบุรี,7,9,นายธนัท สุขเกษม,พลวัต,472,0.5,93993,,93993,,,199,94.7619,,210
นนทบุรี,8,1,นายนนท์ ไพศาลลิ้มเจริญกิจ,ประชาชน,36631,41.22,88860,,88860,,,194,94.63415,,205
นนทบุรี,8,2,นายอดุล จันทร์แก้ว,ภูมิใจไทย,26846,30.21,88860,,88860,,,194,94.63415,,205
นนทบุรี,8,3,นายจำลอง ขำสา,เพื่อไทย,9038,10.17,88860,,88860,,,194,94.63415,,205
นนทบุรี,8,4,นายวัชรพล เจริญนนทสิทธิ์,กล้าธรรม,5349,6.02,88860,,88860,,,194,94.63415,,205
นนทบุรี,8,5,นายเดชาวัจน์ รดีฉัตรภิรมย์,ประชาธิปัตย์,4255,4.79,88860,,88860,,,194,94.63415,,205
นนทบุรี,8,6,นายสุธี ทองสวัสดิ์,รวมไทยสร้างชาติ,2172,2.44,88860,,88860,,,194,94.63415,,205
นนทบุรี,8,7,พ.ต.อ. ประเสริฐ พ่วงสุด,เศรษฐกิจ,1957,2.2,88860,,88860,,,194,94.63415,,205
นนทบุรี,8,8,นายณัฐชโนดม แห่งวงศ์งาม,ประชากรไทย,969,1.09,88860,,88860,,,194,94.63415,,205
นนทบุรี,8,9,นายมนูญ พรหมลักษณ์,พลังประชารัฐ,852,0.96,88860,,88860,,,194,94.63415,,205
นนทบุรี,8,10,นายธีร์วริศ ธรรมนารักษ์,ฟิวชัน,460,0.52,88860,,88860,,,194,94.63415,,205
นนทบุรี,8,11,นางสาวสุธาพร จีนสุข,ทางเลือกใหม่,331,0.37,88860,,88860,,,194,94.63415,,205
นราธิวาส,1,1,นายลุตฟี หะยีอีแต,กล้าธรรม,40637,43.31,93825,,93825,,,216,94.73684,,228
นราธิวาส,1,2,นายวัชระ ยาวอหะซัน,ภูมิใจไทย,35026,37.33,93825,,93825,,,216,94.73684,,228
นราธิวาส,1,3,นางสาวอามีเน๊าะ อารง,ประชาชน,10071,10.73,93825,,93825,,,216,94.73684,,228
นราธิวาส,1,4,นายอับดุลการีม อัสมะแอ,ประชาชาติ,5260,5.61,93825,,93825,,,216,94.73684,,228
นราธิวาส,1,5,นายรุสลัน โต๊ะปาเก,ประชาธิปัตย์,1382,1.47,93825,,93825,,,216,94.73684,,228
นราธิวาส,1,6,นายปารมี พิมานแมน,รวมไทยสร้างชาติ,1030,1.1,93825,,93825,,,216,94.73684,,228
นราธิวาส,1,7,นายเจ๊ะอิสมาแอล เบญเจ๊ะอาลี,เพื่อไทย,419,0.45,93825,,93825,,,216,94.73684,,228
นราธิวาส,2,1,นายอามินทร์ มะยูโต๊ะ,กล้าธรรม,43594,61.72,70635,,70635,,,190,94.52736,,201
นราธิวาส,2,2,นายมูฮัมหมัดรุสดี เชคฮารูณ,ประชาชาติ,11389,16.12,70635,,70635,,,190,94.52736,,201
นราธิวาส,2,3,นายฮัมรัน เทพลักษณ์,ประชาชน,8377,11.86,70635,,70635,,,190,94.52736,,201
นราธิวาส,2,4,นายชัยวัฒน์ จันทรการ,ประชาธิปัตย์,2954,4.18,70635,,70635,,,190,94.52736,,201
นราธิวาส,2,5,นางสาวสุคนธ์ทิพย์ ศรีสุวรรณ์,เพื่อไทย,1559,2.21,70635,,70635,,,190,94.52736,,201
นราธิวาส,2,6,นายมูยำหมัด มามะ,ภูมิใจไทย,1348,1.91,70635,,70635,,,190,94.52736,,201
นราธิวาส,2,7,นายเจ๊ะซู ตาเหยีบ,พลังประชารัฐ,1054,1.49,70635,,70635,,,190,94.52736,,201
นราธิวาส,2,8,นายอุสมาน ดาโอะ,พลวัต,360,0.51,70635,,70635,,,190,94.52736,,201
นราธิวาส,3,1,นายสัมพันธ์ มะยูโซะ,กล้าธรรม,36480,46.0,79299,,79299,,,196,94.68599,,207
นราธิวาส,3,2,นายแวรุสลัน มะสาและ,ภูมิใจไทย,36214,45.67,79299,,79299,,,196,94.68599,,207
นราธิวาส,3,3,นายมูฮัมหมัดอัสมัน โดยสมาน,ประชาชน,4529,5.71,79299,,79299,,,196,94.68599,,207
นราธิวาส,3,4,นายสูเต็ง ตอเฮ,ประชาชาติ,1329,1.68,79299,,79299,,,196,94.68599,,207
นราธิวาส,3,5,นายภูวเดช เจ๊ฮูเซ็ง,ประชาธิปัตย์,409,0.52,79299,,79299,,,196,94.68599,,207
นราธิวาส,3,6,นายประดิษฐ์ คลานุรักษ์,เพื่อไทย,200,0.25,79299,,79299,,,196,94.68599,,207
นราธิวาส,3,7,นายคือรอนิง เจ๊ะเด๊ะ,ประชากรไทย,138,0.17,79299,,79299,,,196,94.68599,,207
นราธิวาส,4,1,นายซาการียา สะอิ,ภูมิใจไทย,42262,50.65,83440,,83440,,,206,94.93088,,217
นราธิวาส,4,2,นายกูเฮง ยาวอหะซัน,ประชาชาติ,35031,41.98,83440,,83440,,,206,94.93088,,217
นราธิวาส,4,3,นายอักบัร เชราลี,ประชาชน,3772,4.52,83440,,83440,,,206,94.93088,,217
นราธิวาส,4,4,นายอดิศร อาแวเต๊ะ,กล้าธรรม,1279,1.53,83440,,83440,,,206,94.93088,,217
นราธิวาส,4,5,นายกอเซ็ง มะเซ็ง,ประชาธิปัตย์,717,0.86,83440,,83440,,,206,94.93088,,217
นราธิวาส,4,6,นายมาร์วาน บินบีดี,เพื่อไทย,274,0.33,83440,,83440,,,206,94.93088,,217
นราธิวาส,4,7,นายใซดี เจ๊ะหามะ,พลังประชารัฐ,60,0.07,83440,,83440,,,206,94.93088,,217
นราธิวาส,4,8,นางสาวชาลีฮะห์ เจ๊ะหามะ,ประชากรไทย,45,0.05,83440,,83440,,,206,94.93088,,217
นราธิวาส,5,1,นายกมลศักดิ์ ลีวาเมาะ,ประชาชาติ,47012,52.96,88775,,88775,,,221,94.84979,,233
นราธิวาส,5,2,นายกอเซ็ง แซมะซู,กล้าธรรม,33134,37.32,88775,,88775,,,221,94.84979,,233
นราธิวาส,5,3,นายลุกมาน มูซอ,ประชาชน,5474,6.17,88775,,88775,,,221,94.84979,,233
นราธิวาส,5,4,นายมะสกรี สาและ,ภูมิใจไทย,1689,1.9,88775,,88775,,,221,94.84979,,233
นราธิวาส,5,5,นายอดิศร เย็ง,ประชาธิปัตย์,1025,1.15,88775,,88775,,,221,94.84979,,233
นราธิวาส,5,6,นายบาสรี มะเซ็ง,เพื่อไทย,441,0.5,88775,,88775,,,221,94.84979,,233
น่าน,2,1,นายประสิทธิ์ โนทะ,กล้าธรรม,38228,42.25,90486,,90486,,,334,94.88636,,352
น่าน,2,2,นางสาวปาริชาติ ยาน้อย,ประชาชน,28888,31.93,90486,,90486,,,334,94.88636,,352
น่าน,2,3,นายชลน่าน ศรีแก้ว,เพื่อไทย,14002,15.47,90486,,90486,,,334,94.88636,,352
น่าน,2,4,นายชัยวุฒิ คูอาริยะกุล,พลังประชารัฐ,2332,2.58,90486,,90486,,,334,94.88636,,352
น่าน,2,5,นายนฤบดินทร์ เทพสิทธิ์,ภูมิใจไทย,1982,2.19,90486,,90486,,,334,94.88636,,352
น่าน,2,6,นางจรวยพร อินสาค,ประชาธิปัตย์,1784,1.97,90486,,90486,,,334,94.88636,,352
น่าน,2,7,พันโทธีร์วัฒน์ เตชะบุญ,เศรษฐกิจ,1650,1.82,90486,,90486,,,334,94.88636,,352
น่าน,2,8,นายสิริไพศาล แสงประจักษ์,ปวงชนไทย,953,1.05,90486,,90486,,,334,94.88636,,352
น่าน,2,9,นายอดิเรก กองแก้ว,รวมไทยสร้างชาติ,667,0.74,90486,,90486,,,334,94.88636,,352
น่าน,3,1,นายเจริญ อภิภัทรโกศล,ประชาชน,26189,33.05,79242,,79242,,,286,94.70199,,302
น่าน,3,2,นายณัฐพงษ์ สุปริยศิลป์,เพื่อไทย,16170,20.41,79242,,79242,,,286,94.70199,,302
น่าน,3,3,นายรัฐภูมิ ขันสลี,กล้าธรรม,11813,14.91,79242,,79242,,,286,94.70199,,302
น่าน,3,4,นางสาวปกินพิทย์ พงศ์ศิริเมธี,ภูมิใจไทย,6935,8.75,79242,,79242,,,286,94.70199,,302
น่าน,3,5,พันโทสุชิน ชยศักดิ์,ไทยก้าวใหม่,5738,7.24,79242,,79242,,,286,94.70199,,302
น่าน,3,6,นายฉัตรชัย จิตตรง,พลังประชารัฐ,5331,6.73,79242,,79242,,,286,94.70199,,302
น่าน,3,7,นายมงคล วงศ์วรัณ,ไทยภักดี,2889,3.65,79242,,79242,,,286,94.70199,,302
น่าน,3,8,นายเรืองเดช จอมเมือง,ประชาธิปัตย์,1560,1.97,79242,,79242,,,286,94.70199,,302
น่าน,3,9,นายณัฐพงษ์ ไชยศิลป์,โอกาสใหม่,1338,1.69,79242,,79242,,,286,94.70199,,302
น่าน,3,10,นายสัมฤทธิ์ คำรังษี,รวมไทยสร้างชาติ,1279,1.61,79242,,79242,,,286,94.70199,,302
บึงกาฬ,1,1,นายสยาม เพ็งทอง,ภูมิใจไทย,37182,53.4,69624,,69624,,,207,94.95413,,218
บึงกาฬ,1,2,ว่าที่ร้อยตรีภูมิพันธ์ บุญมาตุ่น,เพื่อไทย,17532,25.18,69624,,69624,,,207,94.95413,,218
บึงกาฬ,1,3,นายสมชาย โสดากุล,ประชาชน,10986,15.78,69624,,69624,,,207,94.95413,,218
บึงกาฬ,1,4,นายณัฐพงศ์ เข็มศิริ,กล้าธรรม,2765,3.97,69624,,69624,,,207,94.95413,,218
บึงกาฬ,1,5,นายวิพนธ์ จิตรจักร,ประชาธิปัตย์,619,0.89,69624,,69624,,,207,94.95413,,218
บึงกาฬ,1,6,นายรชนิศ นามวงค์,รวมไทยสร้างชาติ,231,0.33,69624,,69624,,,207,94.95413,,218
บึงกาฬ,1,7,ว่าที่ร้อยตรีสุเทพ บุพศิริ,ปวงชนไทย,192,0.28,69624,,69624,,,207,94.95413,,218
บึงกาฬ,1,8,นายบุญฮง ภูแซ่มโชติ,ประชาธิปไตยใหม่,117,0.17,69624,,69624,,,207,94.95413,,218
บึงกาฬ,2,1,นายสุริยา แป้นสุขา,ภูมิใจไทย,26482,36.74,72072,,72072,,,244,91.38577,,267
บึงกาฬ,2,2,นางอรอุมา บุญศิริ,กล้าธรรม,19981,27.72,72072,,72072,,,244,91.38577,,267
บึงกาฬ,2,3,นางสาวมลฤดี จันทร์แดง,เพื่อไทย,14693,20.39,72072,,72072,,,244,91.38577,,267
บึงกาฬ,2,4,นายราชภูมิ ภูยี่หวา,ประชาชน,8486,11.77,72072,,72072,,,244,91.38577,,267
บึงกาฬ,2,5,นางจิรารักษ์ ห้องจำปา,รวมไทยสร้างชาติ,929,1.29,72072,,72072,,,244,91.38577,,267
บึงกาฬ,2,6,นายวัฒนชัย ติธรรม,พลังประชารัฐ,497,0.69,72072,,72072,,,244,91.38577,,267
บึงกาฬ,2,7,นายพรชัย ลมงาม,ประชาไทย,428,0.59,72072,,72072,,,244,91.38577,,267
บึงกาฬ,2,8,นายปังทอง สีม่วง,ปวงชนไทย,219,0.3,72072,,72072,,,244,91.38577,,267
บึงกาฬ,2,9,นายวินัย ติยะบุตร,ประชาธิปัตย์,169,0.23,72072,,72072,,,244,91.38577,,267
บึงกาฬ,2,10,นายเทพปัญชา ทุมโยมา,ไทยก้าวใหม่,130,0.18,72072,,72072,,,244,91.38577,,267
บึงกาฬ,2,11,นายสุนทร ปัญญาสิทธิ์,ประชาธิปไตยใหม่,58,0.08,72072,,72072,,,244,91.38577,,267
บึงกาฬ,3,1,นายวิโรจน์ สาระวงศ์,ภูมิใจไทย,34041,48.61,70033,,70033,,,246,94.98069,,259
บึงกาฬ,3,2,นายณัฐพงษ์ ป้องปิ่น,ประชาชน,15049,21.49,70033,,70033,,,246,94.98069,,259
บึงกาฬ,3,3,นายนิพนธ์ คนขยัน,เพื่อไทย,14313,20.44,70033,,70033,,,246,94.98069,,259
บึงกาฬ,3,4,นายนพดล สิทธิฤทธิ์,กล้าธรรม,4098,5.85,70033,,70033,,,246,94.98069,,259
บึงกาฬ,3,5,นายพิทักษ์ สุระพร,ปวงชนไทย,882,1.26,70033,,70033,,,246,94.98069,,259
บึงกาฬ,3,6,นางสาวเพ็ญพิชชา ติยะบุตร,ประชาธิปัตย์,697,1.0,70033,,70033,,,246,94.98069,,259
บึงกาฬ,3,7,ร.ต.อ.สุดใจ ผดาเวช,รวมไทยสร้างชาติ,666,0.95,70033,,70033,,,246,94.98069,,259
บึงกาฬ,3,8,นายสมดี ผาอาจ,ประชาธิปไตยใหม่,287,0.41,70033,,70033,,,246,94.98069,,259
บุรีรัมย์,1,1,ผู้สมัครหมายเลข 5,,57074,72.35,78889,,78889,,,261,94.90909,,275
บุรีรัมย์,1,2,ผู้สมัครหมายเลข 3,,14995,19.01,78889,,78889,,,261,94.90909,,275
บุรีรัมย์,1,3,ผู้สมัครหมายเลข 2,,3301,4.18,78889,,78889,,,261,94.90909,,275
บุรีรัมย์,1,4,ผู้สมัครหมายเลข 1,,1052,1.33,78889,,78889,,,261,94.90909,,275
บุรีรัมย์,1,5,ผู้สมัครหมายเลข 8,,754,0.96,78889,,78889,,,261,94.90909,,275
บุรีรัมย์,1,6,ผู้สมัครหมายเลข 4,,722,0.92,78889,,78889,,,261,94.90909,,275
บุรีรัมย์,1,7,ผู้สมัครหมายเลข 6,,501,0.64,78889,,78889,,,261,94.90909,,275
บุรีรัมย์,1,8,ผู้สมัครหมายเลข 7,,490,0.62,78889,,78889,,,261,94.90909,,275
บุรีรัมย์,2,1,ผู้สมัครหมายเลข 5,,56479,75.25,75055,,75055,,,263,94.94585,,277
บุรีรัมย์,2,2,ผู้สมัครหมายเลข 2,,11395,15.18,75055,,75055,,,263,94.94585,,277
บุรีรัมย์,2,3,ผู้สมัครหมายเลข 3,,3555,4.74,75055,,75055,,,263,94.94585,,277
บุรีรัมย์,2,4,ผู้สมัครหมายเลข 9,,1043,1.39,75055,,75055,,,263,94.94585,,277
บุรีรัมย์,2,5,ผู้สมัครหมายเลข 1,,691,0.92,75055,,75055,,,263,94.94585,,277
บุรีรัมย์,2,6,ผู้สมัครหมายเลข 6,,653,0.87,75055,,75055,,,263,94.94585,,277
บุรีรัมย์,2,7,ผู้สมัครหมายเลข 4,,549,0.73,75055,,75055,,,263,94.94585,,277
บุรีรัมย์,2,8,ผู้สมัครหมายเลข 7,,491,0.65,75055,,75055,,,263,94.94585,,277
บุรีรัมย์,2,9,ผู้สมัครหมายเลข 8,,199,0.27,75055,,75055,,,263,94.94585,,277
บุรีรัมย์,3,1,ผู้สมัครหมายเลข 1,,56210,77.88,72175,,72175,,,266,94.66192,,281
บุรีรัมย์,3,2,ผู้สมัครหมายเลข 6,,10630,14.73,72175,,72175,,,266,94.66192,,281
บุรีรัมย์,3,3,ผู้สมัครหมายเลข 5,,3054,4.23,72175,,72175,,,266,94.66192,,281
บุรีรัมย์,3,4,ผู้สมัครหมายเลข 2,,725,1.0,72175,,72175,,,266,94.66192,,281
บุรีรัมย์,3,5,ผู้สมัครหมายเลข 7,,507,0.7,72175,,72175,,,266,94.66192,,281
บุรีรัมย์,3,6,ผู้สมัครหมายเลข 3,,459,0.64,72175,,72175,,,266,94.66192,,281
บุรีรัมย์,3,7,ผู้สมัครหมายเลข 4,,295,0.41,72175,,72175,,,266,94.66192,,281
บุรีรัมย์,3,8,ผู้สมัครหมายเลข 8,,295,0.41,72175,,72175,,,266,94.66192,,281
บุรีรัมย์,4,1,ผู้สมัครหมายเลข 3,,51536,74.21,69445,,69445,,,257,94.83395,,271
บุรีรัมย์,4,2,ผู้สมัครหมายเลข 2,,11667,16.8,69445,,69445,,,257,94.83395,,271
บุรีรัมย์,4,3,ผู้สมัครหมายเลข 5,,3699,5.33,69445,,69445,,,257,94.83395,,271
บุรีรัมย์,4,4,ผู้สมัครหมายเลข 1,,846,1.22,69445,,69445,,,257,94.83395,,271
บุรีรัมย์,4,5,ผู้สมัครหมายเลข 4,,683,0.98,69445,,69445,,,257,94.83395,,271
บุรีรัมย์,4,6,ผู้สมัครหมายเลข 7,,678,0.98,69445,,69445,,,257,94.83395,,271
บุรีรัมย์,4,7,ผู้สมัครหมายเลข 6,,336,0.48,69445,,69445,,,257,94.83395,,271
บุรีรัมย์,5,1,ผู้สมัครหมายเลข 6,,53732,70.1,76650,,76650,,,302,94.96855,,318
บุรีรัมย์,5,2,ผู้สมัครหมายเลข 4,,10694,13.95,76650,,76650,,,302,94.96855,,318
บุรีรัมย์,5,3,ผู้สมัครหมายเลข 1,,7914,10.32,76650,,76650,,,302,94.96855,,318
บุรีรัมย์,5,4,ผู้สมัครหมายเลข 9,,1238,1.62,76650,,76650,,,302,94.96855,,318
บุรีรัมย์,5,5,ผู้สมัครหมายเลข 3,,1052,1.37,76650,,76650,,,302,94.96855,,318
บุรีรัมย์,5,6,ผู้สมัครหมายเลข 5,,807,1.05,76650,,76650,,,302,94.96855,,318
บุรีรัมย์,5,7,ผู้สมัครหมายเลข 2,,714,0.93,76650,,76650,,,302,94.96855,,318
บุรีรัมย์,5,8,ผู้สมัครหมายเลข 7,,305,0.4,76650,,76650,,,302,94.96855,,318
บุรีรัมย์,5,9,ผู้สมัครหมายเลข 8,,194,0.25,76650,,76650,,,302,94.96855,,318
บุรีรัมย์,6,1,ผู้สมัครหมายเลข 4,,51523,70.03,73608,,73608,,,294,94.83871,,310
บุรีรัมย์,6,2,ผู้สมัครหมายเลข 2,,11511,15.65,73608,,73608,,,294,94.83871,,310
บุรีรัมย์,6,3,ผู้สมัครหมายเลข 1,,5419,7.37,73608,,73608,,,294,94.83871,,310
บุรีรัมย์,6,4,ผู้สมัครหมายเลข 3,,1239,1.68,73608,,73608,,,294,94.83871,,310
บุรีรัมย์,6,5,ผู้สมัครหมายเลข 6,,1211,1.65,73608,,73608,,,294,94.83871,,310
บุรีรัมย์,6,6,ผู้สมัครหมายเลข 10,,851,1.16,73608,,73608,,,294,94.83871,,310
บุรีรัมย์,6,7,ผู้สมัครหมายเลข 9,,682,0.93,73608,,73608,,,294,94.83871,,310
บุรีรัมย์,6,8,ผู้สมัครหมายเลข 5,,462,0.63,73608,,73608,,,294,94.83871,,310
บุรีรัมย์,6,9,ผู้สมัครหมายเลข 7,,433,0.59,73608,,73608,,,294,94.83871,,310
บุรีรัมย์,6,10,ผู้สมัครหมายเลข 8,,237,0.32,73608,,73608,,,294,94.83871,,310
บุรีรัมย์,7,1,ผู้สมัครหมายเลข 5,,45919,61.61,74537,,74537,,,257,94.83395,,271
บุรีรัมย์,7,2,ผู้สมัครหมายเลข 3,,13982,18.76,74537,,74537,,,257,94.83395,,271
บุรีรัมย์,7,3,ผู้สมัครหมายเลข 1,,11091,14.88,74537,,74537,,,257,94.83395,,271
บุรีรัมย์,7,4,ผู้สมัครหมายเลข 8,,880,1.18,74537,,74537,,,257,94.83395,,271
บุรีรัมย์,7,5,ผู้สมัครหมายเลข 9,,734,0.98,74537,,74537,,,257,94.83395,,271
บุรีรัมย์,7,6,ผู้สมัครหมายเลข 2,,621,0.83,74537,,74537,,,257,94.83395,,271
บุรีรัมย์,7,7,ผู้สมัครหมายเลข 4,,522,0.7,74537,,74537,,,257,94.83395,,271
บุรีรัมย์,7,8,ผู้สมัครหมายเลข 7,,406,0.54,74537,,74537,,,257,94.83395,,271
บุรีรัมย์,7,9,ผู้สมัครหมายเลข 6,,382,0.51,74537,,74537,,,257,94.83395,,271
บุรีรัมย์,8,1,ผู้สมัครหมายเลข 5,,53217,67.85,78428,,78428,,,266,95,,280
บุรีรัมย์,8,2,ผู้สมัครหมายเลข 1,,15367,19.59,78428,,78428,,,266,95,,280
บุรีรัมย์,8,3,ผู้สมัครหมายเลข 7,,4664,5.95,78428,,78428,,,266,95,,280
บุรีรัมย์,8,4,ผู้สมัครหมายเลข 4,,1396,1.78,78428,,78428,,,266,95,,280
บุรีรัมย์,8,5,ผู้สมัครหมายเลข 6,,1050,1.34,78428,,78428,,,266,95,,280
บุรีรัมย์,8,6,ผู้สมัครหมายเลข 9,,742,0.95,78428,,78428,,,266,95,,280
บุรีรัมย์,8,7,ผู้สมัครหมายเลข 2,,647,0.82,78428,,78428,,,266,95,,280
บุรีรัมย์,8,8,ผู้สมัครหมายเลข 8,,584,0.74,78428,,78428,,,266,95,,280
บุรีรัมย์,8,9,ผู้สมัครหมายเลข 3,,484,0.62,78428,,78428,,,266,95,,280
บุรีรัมย์,8,10,ผู้สมัครหมายเลข 10,,277,0.35,78428,,78428,,,266,95,,280
บุรีรัมย์,9,1,ผู้สมัครหมายเลข 5,,57197,77.61,73695,,73695,,,239,94.84127,,252
บุรีรัมย์,9,2,ผู้สมัครหมายเลข 3,,8695,11.8,73695,,73695,,,239,94.84127,,252
บุรีรัมย์,9,3,ผู้สมัครหมายเลข 6,,4068,5.52,73695,,73695,,,239,94.84127,,252
บุรีรัมย์,9,4,ผู้สมัครหมายเลข 1,,1393,1.89,73695,,73695,,,239,94.84127,,252
บุรีรัมย์,9,5,ผู้สมัครหมายเลข 9,,887,1.2,73695,,73695,,,239,94.84127,,252
บุรีรัมย์,9,6,ผู้สมัครหมายเลข 4,,513,0.7,73695,,73695,,,239,94.84127,,252
บุรีรัมย์,9,7,ผู้สมัครหมายเลข 2,,491,0.67,73695,,73695,,,239,94.84127,,252
บุรีรัมย์,9,8,ผู้สมัครหมายเลข 7,,299,0.41,73695,,73695,,,239,94.84127,,252
บุรีรัมย์,9,9,ผู้สมัครหมายเลข 8,,152,0.21,73695,,73695,,,239,94.84127,,252
บุรีรัมย์,10,1,ผู้สมัครหมายเลข 2,,52091,75.3,69176,,69176,,,211,94.61883,,223
บุรีรัมย์,10,2,ผู้สมัครหมายเลข 7,,9229,13.34,69176,,69176,,,211,94.61883,,223
บุรีรัมย์,10,3,ผู้สมัครหมายเลข 1,,4221,6.1,69176,,69176,,,211,94.61883,,223
บุรีรัมย์,10,4,ผู้สมัครหมายเลข 3,,1489,2.15,69176,,69176,,,211,94.61883,,223
บุรีรัมย์,10,5,ผู้สมัครหมายเลข 6,,852,1.23,69176,,69176,,,211,94.61883,,223
บุรีรัมย์,10,6,ผู้สมัครหมายเลข 5,,485,0.7,69176,,69176,,,211,94.61883,,223
บุรีรัมย์,10,7,ผู้สมัครหมายเลข 9,,469,0.68,69176,,69176,,,211,94.61883,,223
บุรีรัมย์,10,8,ผู้สมัครหมายเลข 4,,226,0.33,69176,,69176,,,211,94.61883,,223
บุรีรัมย์,10,9,ผู้สมัครหมายเลข 8,,114,0.16,69176,,69176,,,211,94.61883,,223
ปทุมธานี,1,1,นายเจษฎา ดนตรีเสนาะ,ประชาชน,32835,34.49,95201,,95201,,,191,94.55446,,202
ปทุมธานี,1,2,นายสุรพงษ์ อึ้งอัมพรวิไล,เพื่อไทย,24558,25.8,95201,,95201,,,191,94.55446,,202
ปทุมธานี,1,3,นายนพพร ขาวขำ,กล้าธรรม,24365,25.59,95201,,95201,,,191,94.55446,,202
ปทุมธานี,1,4,นายสุรศักดิ์ สุทัตโชต,ภูมิใจไทย,6562,6.89,95201,,95201,,,191,94.55446,,202
ปทุมธานี,1,5,นายคิว อรุโณรส,ประชาธิปัตย์,3508,3.68,95201,,95201,,,191,94.55446,,202
ปทุมธานี,1,6,นางสาวสาวิตรี กองรัตน์,รวมไทยสร้างชาติ,1586,1.67,95201,,95201,,,191,94.55446,,202
ปทุมธานี,1,7,นายวิชยุทธ์ พึ่งสายธนโชติ,เศรษฐกิจ,1487,1.56,95201,,95201,,,191,94.55446,,202
ปทุมธานี,1,8,นายเทพพิทักษ์ กุลมงคลชัยศรี,พลังประชารัฐ,300,0.32,95201,,95201,,,191,94.55446,,202
ปทุมธานี,2,1,นายศุภชัย นพขำ,เพื่อไทย,36340,37.45,97032,,97032,,,185,94.87179,,195
ปทุมธานี,2,2,นายวรชิต จันทร์แบบ,ประชาชน,31579,32.54,97032,,97032,,,185,94.87179,,195
ปทุมธานี,2,3,นางสาวชิดชนก พวงเพ็ชร์,ภูมิใจไทย,23496,24.21,97032,,97032,,,185,94.87179,,195
ปทุมธานี,2,4,นายปราโมทย์ อัศวมานะศักดิ์,ประชาธิปัตย์,1651,1.7,97032,,97032,,,185,94.87179,,195
ปทุมธานี,2,5,นายนิวัฒน์ บุปผามาโล,เศรษฐกิจ,1037,1.07,97032,,97032,,,185,94.87179,,195
ปทุมธานี,2,6,นายวิชัย แก้วทอง,รวมไทยสร้างชาติ,991,1.02,97032,,97032,,,185,94.87179,,195
ปทุมธานี,2,7,นางสาวปิยาภรณ์ ไตลังคะ,รักชาติ,773,0.8,97032,,97032,,,185,94.87179,,195
ปทุมธานี,2,8,นายชัยอนันต์ สิริเบญสานนท์,กล้าธรรม,727,0.75,97032,,97032,,,185,94.87179,,195
ปทุมธานี,2,9,นายสมัย รามัญอุดม,พลังประชารัฐ,438,0.45,97032,,97032,,,185,94.87179,,195
ปทุมธานี,3,1,นายเอกศักดิ์ หอมชื่น,ประชาชน,42004,49.91,84153,,84153,,,171,95,,180
ปทุมธานี,3,2,นายคุณานนท์ ชูประเสริฐ,ภูมิใจไทย,22852,27.16,84153,,84153,,,171,95,,180
ปทุมธานี,3,3,นายภัทรพล ฐิติภวัตสกุล,เพื่อไทย,8637,10.26,84153,,84153,,,171,95,,180
ปทุมธานี,3,4,นายณฤทธิ์ นาควงษม์,ประชาธิปัตย์,3891,4.62,84153,,84153,,,171,95,,180
ปทุมธานี,3,5,นายศักดิ์ปรินทร์ เกษมธนพัฒน์,เศรษฐกิจ,3108,3.69,84153,,84153,,,171,95,,180
ปทุมธานี,3,6,นายชัยพร จันทนา,รวมไทยสร้างชาติ,1499,1.78,84153,,84153,,,171,95,,180
ปทุมธานี,3,7,นายอธิวัฒน์ ภูริศรี,ไทยก้าวใหม่,1155,1.37,84153,,84153,,,171,95,,180
ปทุมธานี,3,8,นายอนุสรณ์ อัตพุฒ,พลังประชารัฐ,1007,1.2,84153,,84153,,,171,95,,180
ปทุมธานี,4,1,นายสกล สุนทรวาณิชย์กิจ,ประชาชน,41039,45.18,90836,,90836,,,169,94.94382,,178
ปทุมธานี,4,2,นายสุทิน นพขำ,เพื่อไทย,17512,19.28,90836,,90836,,,169,94.94382,,178
ปทุมธานี,4,3,นายชยุต สินพูนภักดิ์,กล้าธรรม,15222,16.76,90836,,90836,,,169,94.94382,,178
ปทุมธานี,4,4,นายจำลอง เงินยวง,ภูมิใจไทย,8216,9.04,90836,,90836,,,169,94.94382,,178
ปทุมธานี,4,5,นางสาวหงสรัชต์ ภูริสิทธิสีห์,ประชาธิปัตย์,3900,4.29,90836,,90836,,,169,94.94382,,178
ปทุมธานี,4,6,นายสดใส โรจนวิชัย,เศรษฐกิจ,1903,2.09,90836,,90836,,,169,94.94382,,178
ปทุมธานี,4,7,นายจำเริญ ปิ่นภู่,รวมไทยสร้างชาติ,1495,1.65,90836,,90836,,,169,94.94382,,178
ปทุมธานี,4,8,นางประเสริฐศรี ฮ้อแสงชัย,พลังประชารัฐ,1150,1.27,90836,,90836,,,169,94.94382,,178
ปทุมธานี,4,9,นายสุกฤษฎ์ ดุลยกนิษฐ,รักชาติ,399,0.44,90836,,90836,,,169,94.94382,,178
ปทุมธานี,5,1,นายเชตวัน เตือประโคน,ประชาชน,35383,42.88,82519,,82519,,,201,94.81132,,212
ปทุมธานี,5,2,นางสาวอัยรินทร์ พันธุ์ฤทธิ์,กล้าธรรม,12941,15.68,82519,,82519,,,201,94.81132,,212
ปทุมธานี,5,3,นายภานุวัฒน์ ณ ระนอง,เพื่อไทย,12043,14.59,82519,,82519,,,201,94.81132,,212
ปทุมธานี,5,4,นายชัยยันต์ ผลสุวรรณ์,ภูมิใจไทย,10418,12.62,82519,,82519,,,201,94.81132,,212
ปทุมธานี,5,5,นายพันธุ์เทพ พัฒนณรงค์กรณ์,ประชาธิปัตย์,4424,5.36,82519,,82519,,,201,94.81132,,212
ปทุมธานี,5,6,นายชาญชัย ฉายบุ,เศรษฐกิจ,2063,2.5,82519,,82519,,,201,94.81132,,212
ปทุมธานี,5,7,นายสุรเดช กองรัตน์,รวมไทยสร้างชาติ,1559,1.89,82519,,82519,,,201,94.81132,,212
ปทุมธานี,5,8,นายศุภลักษณ์ สายยงค์,ประชาธิปไตยใหม่,1185,1.44,82519,,82519,,,201,94.81132,,212
ปทุมธานี,5,9,นายอดิศร แจ้งจันทร์,ไทยก้าวใหม่,930,1.13,82519,,82519,,,201,94.81132,,212
ปทุมธานี,5,10,นายผดุง หน่องพงษ์,พลังประชารัฐ,899,1.09,82519,,82519,,,201,94.81132,,212
ปทุมธานี,5,11,นายเทพนิมิตร จิตรนคร,รักชาติ,674,0.82,82519,,82519,,,201,94.81132,,212
ปทุมธานี,6,1,นายธนภัทร ตระกูลภูชัย,ประชาชน,42684,50.58,84382,,84382,,,145,94.77124,,153
ปทุมธานี,6,2,นายอธิวัฒน์ สอนเนย,เพื่อไทย,10079,11.94,84382,,84382,,,145,94.77124,,153
ปทุมธานี,6,3,นายวรากร เครือทองศรี,ภูมิใจไทย,9739,11.54,84382,,84382,,,145,94.77124,,153
ปทุมธานี,6,4,นางสาวพัชร์ชิสา พชิระธารีรัตน์,กล้าธรรม,8530,10.11,84382,,84382,,,145,94.77124,,153
ปทุมธานี,6,5,ว่าที่ร้อยตรีเกียรติศักดิ์ คงเขียว,ประชาธิปัตย์,6809,8.07,84382,,84382,,,145,94.77124,,153
ปทุมธานี,6,6,นายสรวีย์ ศุภปณิตา,เศรษฐกิจ,2767,3.28,84382,,84382,,,145,94.77124,,153
ปทุมธานี,6,7,นายบุญเลิศ สงบจิตร์,รวมไทยสร้างชาติ,2017,2.39,84382,,84382,,,145,94.77124,,153
ปทุมธานี,6,8,นางสาววิภาวดี ชนะชัย,ไทยก้าวใหม่,689,0.82,84382,,84382,,,145,94.77124,,153
ปทุมธานี,6,9,นายภรภัทร มานิตเมธากิจ,พลังประชารัฐ,564,0.67,84382,,84382,,,145,94.77124,,153
ปทุมธานี,6,10,นายพลวัฒน์ จันทะเอ,เสรีรวมไทย,504,0.6,84382,,84382,,,145,94.77124,,153
ปทุมธานี,7,1,นายพิษณุ พลธี,ภูมิใจไทย,46202,53.68,86075,,86075,,,176,94.62366,,186
ปทุมธานี,7,2,นางสาวธันยนันท์ ไพบูลย์สุข,ประชาชน,27814,32.31,86075,,86075,,,176,94.62366,,186
ปทุมธานี,7,3,นายบุญเริ่ม อรชุน,เพื่อไทย,5324,6.19,86075,,86075,,,176,94.62366,,186
ปทุมธานี,7,4,ว่าที่ร้อยเอก ปัญญา ชัยรัตนพานิช,เศรษฐกิจ,2488,2.89,86075,,86075,,,176,94.62366,,186
ปทุมธานี,7,5,นางสาวดวงดารา นภาคเวช,ประชาธิปัตย์,1538,1.79,86075,,86075,,,176,94.62366,,186
ปทุมธานี,7,6,นางสาวปัญจรัศม์ ภคภณธนวัจน์,รวมไทยสร้างชาติ,999,1.16,86075,,86075,,,176,94.62366,,186
ปทุมธานี,7,7,นายเอกธนัช เจริญรูป,ไทยก้าวใหม่,806,0.94,86075,,86075,,,176,94.62366,,186
ปทุมธานี,7,8,นางสาวศวิตา แสนสวาท,รักชาติ,489,0.57,86075,,86075,,,176,94.62366,,186
ปทุมธานี,7,9,นางสิริกัญญา เสาะแสวง,พลังประชารัฐ,415,0.48,86075,,86075,,,176,94.62366,,186
ปทุมธานี,8,1,นางสาวพรพิมล ธรรมสาร,ภูมิใจไทย,42730,50.07,85346,,85346,,,177,94.65241,,187
ปทุมธานี,8,2,นายประสิทธิ์ ปัทมผดุงศักดิ์,ประชาชน,26551,31.11,85346,,85346,,,177,94.65241,,187
ปทุมธานี,8,3,นายยงยุทธ มั่นบุปผชาติ,เพื่อไทย,10865,12.73,85346,,85346,,,177,94.65241,,187
ปทุมธานี,8,4,นายพนพ เกษามา,ประชาธิปัตย์,1978,2.32,85346,,85346,,,177,94.65241,,187
ปทุมธานี,8,5,นายปิยพล อัครกิติพัฒน์,รวมไทยสร้างชาติ,1276,1.5,85346,,85346,,,177,94.65241,,187
ปทุมธานี,8,6,นายปรีชา ชื่นชนกพิบูล,พลังประชารัฐ,663,0.78,85346,,85346,,,177,94.65241,,187
ปทุมธานี,8,7,นางสาวนารีรัตน์ แสนสวาท,รักชาติ,655,0.77,85346,,85346,,,177,94.65241,,187
ปทุมธานี,8,8,นางสาวณัฏฐ์พิชา ปธาชญ์เทียนทอง,ประชาธิปไตยใหม่,628,0.74,85346,,85346,,,177,94.65241,,187
ประจวบคีรีขันธ์,1,1,นายสังคม แดงโชติ,ภูมิใจไทย,51582,45.95,112249,,112249,,,244,94.94163,,257
ประจวบคีรีขันธ์,1,2,นายธิตินัย ตั้งบูรพาจิตร์,กล้าธรรม,43544,38.79,112249,,112249,,,244,94.94163,,257
ประจวบคีรีขันธ์,1,3,นายมรกต โอ่เอี่ยม,ประชาชน,13063,11.64,112249,,112249,,,244,94.94163,,257
ประจวบคีรีขันธ์,1,4,นายไชยวัฒน์ วงศ์วรรณ,ประชาธิปัตย์,2477,2.21,112249,,112249,,,244,94.94163,,257
ประจวบคีรีขันธ์,1,5,นายอุดร โพธิ์พ่วง,เพื่อไทย,1002,0.89,112249,,112249,,,244,94.94163,,257
ประจวบคีรีขันธ์,1,6,นายสรานนท์ ใยบำรุง,ไทยก้าวใหม่,581,0.52,112249,,112249,,,244,94.94163,,257
ประจวบคีรีขันธ์,2,1,นายจักพันธ์ ปิยพรไพบูลย์,กล้าธรรม,43420,45.02,96454,,96454,,,215,94.71366,,227
ประจวบคีรีขันธ์,2,2,นางสาวนักษา กาญจนคีรีรัตน์,ประชาชน,22778,23.62,96454,,96454,,,215,94.71366,,227
ประจวบคีรีขันธ์,2,3,นายอำนวย สุดกระแสร์,ภูมิใจไทย,16535,17.14,96454,,96454,,,215,94.71366,,227
ประจวบคีรีขันธ์,2,4,นายศิรพันธ์ กมลปราโมทย์,โอกาสใหม่,5335,5.53,96454,,96454,,,215,94.71366,,227
ประจวบคีรีขันธ์,2,5,นายเอกธิปป์ ตนประเสริฐ,ประชาธิปัตย์,4627,4.8,96454,,96454,,,215,94.71366,,227
ประจวบคีรีขันธ์,2,6,นายกฤษณะ พุกดำ,เพื่อไทย,2240,2.32,96454,,96454,,,215,94.71366,,227
ประจวบคีรีขันธ์,2,7,นายจรูญ เจริญศักดิ์,มิติใหม่,617,0.64,96454,,96454,,,215,94.71366,,227
ประจวบคีรีขันธ์,2,8,นางสาวมิ่งขวัญ น่วมทอง,ไทยก้าวใหม่,580,0.6,96454,,96454,,,215,94.71366,,227
ประจวบคีรีขันธ์,2,9,นายสายันต์ รักเมือง,ไทยสร้างไทย,322,0.33,96454,,96454,,,215,94.71366,,227
ประจวบคีรีขันธ์,3,1,นายพงษ์พันธ์ เผ่าประทาน,ภูมิใจไทย,33978,34.53,98409,,98409,,,244,94.94163,,257
ประจวบคีรีขันธ์,3,2,นายประมวล พงศ์ถาวราเดช,กล้าธรรม,25444,25.86,98409,,98409,,,244,94.94163,,257
ประจวบคีรีขันธ์,3,3,นายนิติ ปลั่งศรีสกุล,ประชาธิปัตย์,13335,13.55,98409,,98409,,,244,94.94163,,257
ประจวบคีรีขันธ์,3,4,นายปณิธาน ประจวบเหมาะ,ไทยสร้างไทย,12135,12.33,98409,,98409,,,244,94.94163,,257
ประจวบคีรีขันธ์,3,5,นางสาววรรณอนงค์ หาญพงษ์ธรรม,ประชาชน,11596,11.78,98409,,98409,,,244,94.94163,,257
ประจวบคีรีขันธ์,3,6,พ.ต.อ.เอกราช หุ่นงาม,ไทยก้าวใหม่,1125,1.14,98409,,98409,,,244,94.94163,,257
ประจวบคีรีขันธ์,3,7,นายศุภวิท กำเนิดแสง,เพื่อไทย,796,0.81,98409,,98409,,,244,94.94163,,257
ปราจีนบุรี,1,1,นายอำนาจ วิลาวัลย์,ภูมิใจไทย,42309,51.02,82923,,82923,,,228,94.60581,,241
ปราจีนบุรี,1,2,นายชนกานต์ ศรีเอียด,ประชาชน,28549,34.43,82923,,82923,,,228,94.60581,,241
ปราจีนบุรี,1,3,นายจิตร์จา สังข์สี,เพื่อไทย,6144,7.41,82923,,82923,,,228,94.60581,,241
ปราจีนบุรี,1,4,นายไพทูรย์ นาคหิรัญ,กล้าธรรม,2124,2.56,82923,,82923,,,228,94.60581,,241
ปราจีนบุรี,1,5,นางพรจรัส สงวนศิลป์,ประชาธิปัตย์,1661,2.0,82923,,82923,,,228,94.60581,,241
ปราจีนบุรี,1,6,พันตำรวจเอกสมศักดิ์ นารอด,โอกาสใหม่,1413,1.7,82923,,82923,,,228,94.60581,,241
ปราจีนบุรี,1,7,นางสาวนิภาพร บุญช่วยนางเดี่ยว,ไทยภักดี,723,0.87,82923,,82923,,,228,94.60581,,241
ปราจีนบุรี,2,1,นายชยุต ภุมมะกาญจนะ,ภูมิใจไทย,44037,43.84,108244,,100450,3515,4279,281,94.93243,,296
ปราจีนบุรี,2,2,นางสาวศิริรัตน์ ศิริรักษ์,ประชาชน,33650,33.5,108244,,100450,3515,4279,281,94.93243,,296
ปราจีนบุรี,2,3,นายสมเกียรติ คำดำ,เพื่อไทย,19484,19.4,108244,,100450,3515,4279,281,94.93243,,296
ปราจีนบุรี,2,4,นางสาวพรทิพย์พา ฤทธิ์ประเสริฐ,ประชาธิปัตย์,1441,1.43,108244,,100450,3515,4279,281,94.93243,,296
ปราจีนบุรี,2,5,นายกันพิเชฐษ์ มลิเกตุ,ไทยภักดี,1102,1.1,108244,,100450,3515,4279,281,94.93243,,296
ปราจีนบุรี,2,6,นายสุรศักดิ์ หร่ำเดช,เสรีรวมไทย,736,0.73,108244,,100450,3515,4279,281,94.93243,,296
ปราจีนบุรี,3,1,นายสฤษดิ์ บุตรเนียร,ภูมิใจไทย,45193,53.58,84347,,84347,,,248,94.65649,,262
ปราจีนบุรี,3,2,นายสุนทร คมคาย,ประชาชน,24795,29.4,84347,,84347,,,248,94.65649,,262
ปราจีนบุรี,3,3,นายคงกฤช หงษ์วิไล,เพื่อไทย,10575,12.54,84347,,84347,,,248,94.65649,,262
ปราจีนบุรี,3,4,พันจ่าอากาศ เอนก พรมที,ประชาธิปัตย์,2724,3.23,84347,,84347,,,248,94.65649,,262
ปราจีนบุรี,3,5,นางสาวธนัญภัทร์ ชัญเจริญทรัพย์,ไทยภักดี,1060,1.26,84347,,84347,,,248,94.65649,,262
ปัตตานี,1,1,นายบาฮารุดดีน ยูโซะ,ภูมิใจไทย,24377,35.22,69214,,69214,,,151,94.96855,,159
ปัตตานี,1,2,นางสาวเพชรดาว โต๊ะมีนา,กล้าธรรม,16415,23.72,69214,,69214,,,151,94.96855,,159
ปัตตานี,1,3,ผศ.วรวิทย์ บารู,ประชาชาติ,13994,20.22,69214,,69214,,,151,94.96855,,159
ปัตตานี,1,4,นายไวชิต อุดมวนิช,ประชาชน,10859,15.69,69214,,69214,,,151,94.96855,,159
ปัตตานี,1,5,นายชารีฟุดดีน สารีมิง,ประชาธิปัตย์,2718,3.93,69214,,69214,,,151,94.96855,,159
ปัตตานี,1,6,นายมานต์ เบ็ญนา,รวมไทยสร้างชาติ,471,0.68,69214,,69214,,,151,94.96855,,159
ปัตตานี,1,7,นายสมบูรณ์ สีแก้ว,เพื่อไทย,380,0.55,69214,,69214,,,151,94.96855,,159
ปัตตานี,2,1,นายคอซีย์ มามุ,ภูมิใจไทย,38541,50.76,75926,,75926,,,204,94.88372,,215
ปัตตานี,2,2,นายอับดุลบาซิม อาบู,กล้าธรรม,14082,18.55,75926,,75926,,,204,94.88372,,215
ปัตตานี,2,3,นายอรุณ เบ็ญจลักษณ์,ประชาชาติ,13920,18.33,75926,,75926,,,204,94.88372,,215
ปัตตานี,2,4,นายอับดุลเราะมัน สายาดะ,ประชาชน,7134,9.4,75926,,75926,,,204,94.88372,,215
ปัตตานี,2,5,นายเจะนิ สะนิ,ประชาธิปัตย์,1975,2.6,75926,,75926,,,204,94.88372,,215
ปัตตานี,2,6,นายอับดุลการิม ยูโซะ,เพื่อไทย,274,0.36,75926,,75926,,,204,94.88372,,215
ปัตตานี,3,1,นายบูรฮันธ์ สาเม๊าะ,ภูมิใจไทย,30337,46.1,65804,,65804,,,164,94.79769,,173
ปัตตานี,3,2,นายสมมุติ เบ็ญจลักษณ์,ประชาชาติ,24253,36.86,65804,,65804,,,164,94.79769,,173
ปัตตานี,3,3,นายพิมาน แม้นมินทร์,ประชาชน,6626,10.07,65804,,65804,,,164,94.79769,,173
ปัตตานี,3,4,นายมะรูดิง ยาโงะ,กล้าธรรม,2601,3.95,65804,,65804,,,164,94.79769,,173
ปัตตานี,3,5,นายซาตา อาแวกือจิ,ประชาธิปัตย์,1341,2.04,65804,,65804,,,164,94.79769,,173
ปัตตานี,3,6,นายมูสำหมัดอามิน กอเดร์,เพื่อไทย,646,0.98,65804,,65804,,,164,94.79769,,173
ปัตตานี,4,1,นายยูนัยดี วาบา,กล้าธรรม,30170,37.52,80409,,80409,,,212,94.64286,,224
ปัตตานี,4,2,นายอริญชัย ซูสารอ,ภูมิใจไทย,25931,32.25,80409,,80409,,,212,94.64286,,224
ปัตตานี,4,3,นายอับดุลกอฮาร์ อาแวปูเตะ,ประชาชาติ,16390,20.38,80409,,80409,,,212,94.64286,,224
ปัตตานี,4,4,นายโมฮมัดรอฮมัด มามุ,ประชาชน,5423,6.74,80409,,80409,,,212,94.64286,,224
ปัตตานี,4,5,ว่าที่ร้อยตรี โมฮามัดยาสรี ยูชง,ประชาธิปัตย์,1647,2.05,80409,,80409,,,212,94.64286,,224
ปัตตานี,4,6,นายไซน์ดิง ยูโซะ,พลวัต,501,0.62,80409,,80409,,,212,94.64286,,224
ปัตตานี,4,7,นายอาหมัดบูรฮัน ติพอง,เพื่อไทย,347,0.43,80409,,80409,,,212,94.64286,,224
ปัตตานี,5,1,นายสาเหะมูหามัด อัลอิดรุส,ภูมิใจไทย,34313,46.83,73268,,73268,,,200,94.78673,,211
ปัตตานี,5,2,นายบัณฑิต อับดุลบุตร,ประชาชาติ,24059,32.84,73268,,73268,,,200,94.78673,,211
ปัตตานี,5,3,นายมูฮัมหมัดนาเซร์ สูหลง,ประชาชน,9283,12.67,73268,,73268,,,200,94.78673,,211
ปัตตานี,5,4,นายสนิท นาแว,กล้าธรรม,3250,4.44,73268,,73268,,,200,94.78673,,211
ปัตตานี,5,5,นายมุกตา สาและ,ประชาธิปัตย์,1495,2.04,73268,,73268,,,200,94.78673,,211
ปัตตานี,5,6,นายมะอำรัม อีดงอ,เพื่อไทย,640,0.87,73268,,73268,,,200,94.78673,,211
ปัตตานี,5,7,นายอูกูอัลฮาดีด อาแด,พลังประชารัฐ,228,0.31,73268,,73268,,,200,94.78673,,211
พระนครศรีอยุธยา,1,1,นายทรงพล สุขสมบูรณ์,ภูมิใจไทย,46696,47.87,97550,,97550,,,227,94.97908,,239
พระนครศรีอยุธยา,1,2,นายทวีวงศ์ โตทวิวงศ์,ประชาชน,37335,38.27,97550,,97550,,,227,94.97908,,239
พระนครศรีอยุธยา,1,3,นายอัณณพ อารีย์วงศ์สกุล,เพื่อไทย,5895,6.04,97550,,97550,,,227,94.97908,,239
พระนครศรีอยุธยา,1,4,นายวัชรพงศ์ ระดมสิทธิพัฒน์,ประชาธิปัตย์,3557,3.65,97550,,97550,,,227,94.97908,,239
พระนครศรีอยุธยา,1,5,นายชยพัทธ์ รัตนกสิกร,เศรษฐกิจ,1556,1.6,97550,,97550,,,227,94.97908,,239
พระนครศรีอยุธยา,1,6,พ.ต.ท.ชำนาญ โตวงษ์,รวมไทยสร้างชาติ,1512,1.55,97550,,97550,,,227,94.97908,,239
พระนครศรีอยุธยา,1,7,พ.ต.อ.พงศ์พล พงษ์พิลา,เสรีรวมไทย,673,0.69,97550,,97550,,,227,94.97908,,239
พระนครศรีอยุธยา,1,8,นายปมุข ภาคย์สุภาพ,ไทยสร้างชาติ,326,0.33,97550,,97550,,,227,94.97908,,239
พระนครศรีอยุธยา,2,1,นายนพ ชีวานันท์,ภูมิใจไทย,53474,56.65,94398,,94398,,,222,94.87179,,234
พระนครศรีอยุธยา,2,2,นายชริน วงศ์พันธ์เที่ยง,ประชาชน,25836,27.37,94398,,94398,,,222,94.87179,,234
พระนครศรีอยุธยา,2,3,นายวุฒิพงษ์ พวงทอง,เพื่อไทย,9030,9.57,94398,,94398,,,222,94.87179,,234
พระนครศรีอยุธยา,2,4,นายปฐมรัตน์ ขวนขวายทรัพย์,เศรษฐกิจ,1953,2.07,94398,,94398,,,222,94.87179,,234
พระนครศรีอยุธยา,2,5,นายทรงศักดิ์ อยู่ยืน,รวมไทยสร้างชาติ,1356,1.44,94398,,94398,,,222,94.87179,,234
พระนครศรีอยุธยา,2,6,นางสาวฉวี พงษ์พนัศ,ประชาธิปัตย์,1144,1.21,94398,,94398,,,222,94.87179,,234
พระนครศรีอยุธยา,2,7,นายภาสพล โตหอมบุตร,ไทยก้าวใหม่,699,0.74,94398,,94398,,,222,94.87179,,234
พระนครศรีอยุธยา,2,8,นายปัญญา พุกราชวงศ์,กล้าธรรม,662,0.7,94398,,94398,,,222,94.87179,,234
พระนครศรีอยุธยา,2,9,นางสาวธนภรณ์ ผลยาม,พลังประชารัฐ,244,0.26,94398,,94398,,,222,94.87179,,234
พระนครศรีอยุธยา,3,1,นางสาวพิมพฤดา ตันจรารักษ์,ภูมิใจไทย,58072,57.88,100331,,100331,,,206,94.93088,,217
พระนครศรีอยุธยา,3,2,นายวีระยุทธ ใยวังหน้า,ประชาชน,31983,31.88,100331,,100331,,,206,94.93088,,217
พระนครศรีอยุธยา,3,3,นางสาวธนภร โสมทองแดง,เพื่อไทย,5768,5.75,100331,,100331,,,206,94.93088,,217
พระนครศรีอยุธยา,3,4,นายภาคภูมิสุข พวงกูลสมบัติ,เศรษฐกิจ,2104,2.1,100331,,100331,,,206,94.93088,,217
พระนครศรีอยุธยา,3,5,นายเอกราช ใกล้สว่าง,ประชาธิปัตย์,1489,1.48,100331,,100331,,,206,94.93088,,217
พระนครศรีอยุธยา,3,6,นายวิเชษฐ์ รุณเจริญ,รวมไทยสร้างชาติ,915,0.91,100331,,100331,,,206,94.93088,,217
พระนครศรีอยุธยา,4,1,นายคงกฤช รามศักดิ์,ภูมิใจไทย,51469,48.14,106913,,106913,,,219,94.80519,,231
พระนครศรีอยุธยา,4,2,นางสาวเพ็ญศิริรักษ์ ปลื้มสุข,ประชาชน,31956,29.89,106913,,106913,,,219,94.80519,,231
พระนครศรีอยุธยา,4,3,นายวีระชัย นาคมาศ,โอกาสใหม่,13512,12.64,106913,,106913,,,219,94.80519,,231
พระนครศรีอยุธยา,4,4,นางสาวณัฐณิชา บุรณศิริ,เพื่อไทย,5682,5.31,106913,,106913,,,219,94.80519,,231
พระนครศรีอยุธยา,4,5,นายสฤษดิ์ เอี่ยมศิริ,เศรษฐกิจ,1547,1.45,106913,,106913,,,219,94.80519,,231
พระนครศรีอยุธยา,4,6,นายปวริศฐ์ ปิยศรีขจรศิริ,รวมไทยสร้างชาติ,1104,1.03,106913,,106913,,,219,94.80519,,231
พระนครศรีอยุธยา,4,7,นายเกรียงไกร จี้ที่น,ประชาธิปัตย์,1034,0.97,106913,,106913,,,219,94.80519,,231
พระนครศรีอยุธยา,4,8,นายนพดล อมรเวช,พลังประชารัฐ,609,0.57,106913,,106913,,,219,94.80519,,231
พระนครศรีอยุธยา,5,1,นายปะดิธ สังขจาย,ภูมิใจไทย,46623,47.39,98383,,98383,,,227,94.97908,,239
พระนครศรีอยุธยา,5,2,นายจิรทัศ ไกรเดชา,เพื่อไทย,27374,27.82,98383,,98383,,,227,94.97908,,239
พระนครศรีอยุธยา,5,3,นางสาวภิญญาพัชญ์ ภิญเดช เสน่ห์สังคม,ประชาชน,21135,21.48,98383,,98383,,,227,94.97908,,239
พระนครศรีอยุธยา,5,4,นายเอกธำรง ธนะเมธีวิทย์,ประชาธิปัตย์,1048,1.07,98383,,98383,,,227,94.97908,,239
พระนครศรีอยุธยา,5,5,นางสาวฐิติฉัตร รูปสว่างกุลพงษ์,ไทยสร้างชาติ,905,0.92,98383,,98383,,,227,94.97908,,239
พระนครศรีอยุธยา,5,6,นายธนฤกษ์ โคตรประทุม,เศรษฐกิจ,795,0.81,98383,,98383,,,227,94.97908,,239
พระนครศรีอยุธยา,5,7,นายเสรภณ การสมพรต,ไทยสร้างไทย,503,0.51,98383,,98383,,,227,94.97908,,239
พะเยา,1,1,นายอัครา พรหมเผ่า,กล้าธรรม,66739,72.85,91616,,91616,,,266,94.66192,,281
พะเยา,1,2,นายวิสา บุญนัดดา,ประชาชน,18907,20.64,91616,,91616,,,266,94.66192,,281
พะเยา,1,3,นางทัศนีย์ สมธิ,รวมไทยสร้างชาติ,2790,3.05,91616,,91616,,,266,94.66192,,281
พะเยา,1,4,นายวิชัย ไชยมงคล,เพื่อไทย,1228,1.34,91616,,91616,,,266,94.66192,,281
พะเยา,1,5,นายชยุต จิตธำรงสุนทร,ภูมิใจไทย,1054,1.15,91616,,91616,,,266,94.66192,,281
พะเยา,1,6,นายฉัตรชัย ใจเย็น,ประชาธิปัตย์,898,0.98,91616,,91616,,,266,94.66192,,281
พะเยา,2,1,นายอนุรัตน์ ตันบรรจง,กล้าธรรม,55400,62.59,88518,,88518,,,279,94.89796,,294
พะเยา,2,2,นายวิทวัส รัชตาจ้าย,ประชาชน,20496,23.15,88518,,88518,,,279,94.89796,,294
พะเยา,2,3,นายเกษียร ศรีจันทร์,เพื่อไทย,10843,12.25,88518,,88518,,,279,94.89796,,294
พะเยา,2,4,นายเสมอ วงค์พุฒ,ภูมิใจไทย,1054,1.19,88518,,88518,,,279,94.89796,,294
พะเยา,2,5,นายคมสันต์ เมืองอินทร์,ประชาธิปัตย์,466,0.53,88518,,88518,,,279,94.89796,,294
พะเยา,2,6,นายอนุชา มุสิกะ,พลังประชารัฐ,259,0.29,88518,,88518,,,279,94.89796,,294
พะเยา,3,1,นายจีรเดช ศรีวิราช,กล้าธรรม,59470,66.34,89651,,89651,,,286,94.70199,,302
พะเยา,3,2,นายรุ่งวิกรัย ครุฑธิยัง,ประชาชน,16950,18.91,89651,,89651,,,286,94.70199,,302
พะเยา,3,3,นายอำนาจ วิชัย,เพื่อไทย,11518,12.85,89651,,89651,,,286,94.70199,,302
พะเยา,3,4,นายศรายุทธ หน่อแก้ว,ภูมิใจไทย,979,1.09,89651,,89651,,,286,94.70199,,302
พะเยา,3,5,นายสุรพล เต็มสวัสดิ์,ประชาธิปัตย์,734,0.82,89651,,89651,,,286,94.70199,,302
พังงา,1,1,นายอรรถพล ไตรศรี,ภูมิใจไทย,36274,54.67,66345,,66345,,,194,94.63415,,205
พังงา,1,2,นายสรรเพชร ทิพย์มณเฑียร,ประชาธิปัตย์,15654,23.59,66345,,66345,,,194,94.63415,,205
พังงา,1,3,นายอมรศักดิ์ หอมจันทร์,ประชาชน,9019,13.59,66345,,66345,,,194,94.63415,,205
พังงา,1,4,นายธราธิป ทองเจิม,กล้าธรรม,4171,6.29,66345,,66345,,,194,94.63415,,205
พังงา,1,5,นายชนัญ เรื่องผล,เพื่อไทย,1227,1.85,66345,,66345,,,194,94.63415,,205
พังงา,2,1,นายฉกาจ พัฒนกิจวิบูลย์,ภูมิใจไทย,26513,35.12,75502,,75502,,,181,94.7644,,191
พังงา,2,2,นายสมควร จันทร์แดง,กล้าธรรม,23308,30.87,75502,,75502,,,181,94.7644,,191
พังงา,2,3,นายกุศล ทนังผล,ประชาธิปัตย์,12604,16.69,75502,,75502,,,181,94.7644,,191
พังงา,2,4,นายธีรุตม์ สันหวัง,ประชาชน,11249,14.9,75502,,75502,,,181,94.7644,,191
พังงา,2,5,นางสาวพิจิกา อุราวรรณ,เพื่อไทย,1828,2.42,75502,,75502,,,181,94.7644,,191
พัทลุง,1,1,นาวาอากาศเอกอธิคุณ คงมี,ภูมิใจไทย,42209,38.8,108788,,108788,,,248,94.65649,,262
พัทลุง,1,2,นางสุพัชรี ธรรมเพชร,กล้าธรรม,39873,36.65,108788,,108788,,,248,94.65649,,262
พัทลุง,1,3,นางสาวฉัตรธิษณ์ชา เหตุทอง,ประชาธิปัตย์,15029,13.81,108788,,108788,,,248,94.65649,,262
พัทลุง,1,4,นายกิตติวุฒิ สัมพันธ์สกุล,ประชาชน,10141,9.32,108788,,108788,,,248,94.65649,,262
พัทลุง,1,5,นางสาวนรากาญจน์ บุญนวล,รวมไทยสร้างชาติ,589,0.54,108788,,108788,,,248,94.65649,,262
พัทลุง,1,6,นายกู้ชาติ ชายเกตุ,เพื่อไทย,536,0.49,108788,,108788,,,248,94.65649,,262
พัทลุง,1,7,นายศุภนัฐ สำอางค์,ไทยก้าวใหม่,217,0.2,108788,,108788,,,248,94.65649,,262
พัทลุง,1,8,นายภรท ชุมช่วย,เศรษฐกิจ,194,0.18,108788,,108788,,,248,94.65649,,262
พัทลุง,2,1,นายวรท เทอดวีระพงศ์,ภูมิใจไทย,58926,50.33,117079,,117079,,,266,94.66192,,281
พัทลุง,2,2,นายนิติศักดิ์ ธรรมเพชร,เพื่อไทย,35813,30.59,117079,,117079,,,266,94.66192,,281
พัทลุง,2,3,นายภพเอกอัคร อินทรโม,ประชาธิปัตย์,11831,10.11,117079,,117079,,,266,94.66192,,281
พัทลุง,2,4,นายศุภกร ขุนชิต,ประชาชน,8752,7.48,117079,,117079,,,266,94.66192,,281
พัทลุง,2,5,พ.ต.อ.พงศ์พสิษฐ์ ทองด้วง,กล้าธรรม,995,0.85,117079,,117079,,,266,94.66192,,281
พัทลุง,2,6,นายอธิคม ขุนแก้ว,ไทยก้าวใหม่,465,0.4,117079,,117079,,,266,94.66192,,281
พัทลุง,2,7,นายสมเสริม ชูรักษ์,พลวัต,297,0.25,117079,,117079,,,266,94.66192,,281
พัทลุง,3,1,นายจรัญ จันทร์แก้ว,กล้าธรรม,47653,43.78,108849,,108849,,,249,94.67681,,263
พัทลุง,3,2,นายเขมพล อุ้ยตยะกุล,ภูมิใจไทย,31894,29.3,108849,,108849,,,249,94.67681,,263
พัทลุง,3,3,นายสุนัย คงแก้ว,ประชาธิปัตย์,16493,15.15,108849,,108849,,,249,94.67681,,263
พัทลุง,3,4,พันตรีธีรวัฒน์ พรหมสะอาด,ประชาชน,8864,8.14,108849,,108849,,,249,94.67681,,263
พัทลุง,3,5,นายชาญวิทย์ หมาดโสะ,เพื่อไทย,1676,1.54,108849,,108849,,,249,94.67681,,263
พัทลุง,3,6,นางสาวโฉมพิไล เพิ่มพูลธนทรัพย์,พลวัต,896,0.82,108849,,108849,,,249,94.67681,,263
พัทลุง,3,7,นายปราโมทย์ หนูเลิศ,ประชาธิปไตยใหม่,541,0.5,108849,,108849,,,249,94.67681,,263
พัทลุง,3,8,ร้อยตรีพงศภัค จุลพันธ์,เศรษฐกิจ,453,0.42,108849,,108849,,,249,94.67681,,263
พัทลุง,3,9,นายปิยะวุฒิ เคว็จดำ,ไทยก้าวใหม่,379,0.35,108849,,108849,,,249,94.67681,,263
พิจิตร,1,1,นายภัทรพงศ์ ภัทรประสิทธิ์,ภูมิใจไทย,53293,58.52,100830,,91069,5082,4679,292,94.80519,,308
พิจิตร,1,2,นายไกรรินทร์ ทั่งทอง,ประชาชน,23172,25.44,100830,,91069,5082,4679,292,94.80519,,308
พิจิตร,1,3,นายพงษ์ศักดิ์ เหลืองวิจิตร,เพื่อไทย,6318,6.94,100830,,91069,5082,4679,292,94.80519,,308
พิจิตร,1,4,นายพรชัย อินทร์สุข,กล้าธรรม,3446,3.78,100830,,91069,5082,4679,292,94.80519,,308
พิจิตร,1,5,นายเกรียงไกร เดชอุปการ,รวมไทยสร้างชาติ,1590,1.75,100830,,91069,5082,4679,292,94.80519,,308
พิจิตร,1,6,นางกมลพิชญ์ เหลียวสุวรรณ,เศรษฐกิจ,1560,1.71,100830,,91069,5082,4679,292,94.80519,,308
พิจิตร,1,7,นายชนกฤติ โหมอ่อน,ประชาธิปัตย์,1395,1.53,100830,,91069,5082,4679,292,94.80519,,308
พิจิตร,1,8,นายอาดิษฐ์ กัลยาณมิตร,พลังประชารัฐ,295,0.32,100830,,91069,5082,4679,292,94.80519,,308
พิจิตร,2,1,นายวินัย ภัทรประสิทธิ์,ภูมิใจไทย,46639,56.07,83178,,83178,,,338,94.94382,,356
พิจิตร,2,2,นายชัยณรงค์ คล้ายเนียม,ประชาชน,20167,24.25,83178,,83178,,,338,94.94382,,356
พิจิตร,2,3,นายภูดิท อินสุวรรณ์,เพื่อไทย,12757,15.34,83178,,83178,,,338,94.94382,,356
พิจิตร,2,4,นายวัชรินทร์ แทนจำรัส,รวมไทยสร้างชาติ,1240,1.49,83178,,83178,,,338,94.94382,,356
พิจิตร,2,5,นางบัวลอย โพธิ์หลาย,ประชาธิปัตย์,991,1.19,83178,,83178,,,338,94.94382,,356
พิจิตร,2,6,นายนิทัศน์ จันทเดช,เศรษฐกิจ,921,1.11,83178,,83178,,,338,94.94382,,356
พิจิตร,2,7,นายวชรพล เดชอ่อน,กล้าธรรม,463,0.56,83178,,83178,,,338,94.94382,,356
พิจิตร,3,1,นายศิริวัฒน์ ขจรประศาสน์,ภูมิใจไทย,39021,41.22,94660,,94660,,,340,94.97207,,358
พิจิตร,3,2,นายสุรชาติ ศรีบุศกร,กล้าธรรม,32805,34.66,94660,,94660,,,340,94.97207,,358
พิจิตร,3,3,นายภัทรกัปป์ ด่านรุ่งโรจน์,ประชาชน,15026,15.87,94660,,94660,,,340,94.97207,,358
พิจิตร,3,4,นายวิทยา มาลา,เพื่อไทย,5449,5.76,94660,,94660,,,340,94.97207,,358
พิจิตร,3,5,นายลิขิต มุกดา,ประชาธิปัตย์,1048,1.11,94660,,94660,,,340,94.97207,,358
พิจิตร,3,6,พันเอกมนู ชูจิตร,เศรษฐกิจ,850,0.9,94660,,94660,,,340,94.97207,,358
พิจิตร,3,7,นายศราวุธ ปลอดภัย,รวมไทยสร้างชาติ,461,0.49,94660,,94660,,,340,94.97207,,358
พิษณุโลก,1,1,นายณฐชนน ชนะบูรณาศักดิ์,ประชาชน,34692,38.64,89782,,89782,,,209,94.57014,,221
พิษณุโลก,1,2,นายจเด็ศ จันทรา,เพื่อไทย,33470,37.28,89782,,89782,,,209,94.57014,,221
พิษณุโลก,1,3,นายจักษ์ พันธ์ชูเพชร,ภูมิใจไทย,15241,16.98,89782,,89782,,,209,94.57014,,221
พิษณุโลก,1,4,นางสาวนิรัญ ดอนสุวรรณ,ประชาธิปัตย์,2610,2.91,89782,,89782,,,209,94.57014,,221
พิษณุโลก,1,5,นายจักรพรรดิ์ กาญจนธนานนท์,เศรษฐกิจ,2229,2.48,89782,,89782,,,209,94.57014,,221
พิษณุโลก,1,6,นายอารีฟ กุนนาบี,กล้าธรรม,844,0.94,89782,,89782,,,209,94.57014,,221
พิษณุโลก,1,7,นายณัฐกิตติ์ ฉัตราภรณ์ลักษมี,ไทยชนะ,696,0.78,89782,,89782,,,209,94.57014,,221
พิษณุโลก,2,1,นายนพพล เหลืองทองนารา,เพื่อไทย,40429,45.81,88246,,88246,,,270,94.73684,,285
พิษณุโลก,2,2,นายณชพล พลอาสา,ประชาชน,32070,36.34,88246,,88246,,,270,94.73684,,285
พิษณุโลก,2,3,นางสาวปรานอม หลิมประเสริฐ,ภูมิใจไทย,7084,8.03,88246,,88246,,,270,94.73684,,285
พิษณุโลก,2,4,นายธนกร ภักดิ์โต,ประชาธิปัตย์,4705,5.33,88246,,88246,,,270,94.73684,,285
พิษณุโลก,2,5,นายณัฐวุฒิ สุกคร,เศรษฐกิจ,2286,2.59,88246,,88246,,,270,94.73684,,285
พิษณุโลก,2,6,นายนคเรศ ฤทธิรอน,พลังประชารัฐ,1158,1.31,88246,,88246,,,270,94.73684,,285
พิษณุโลก,2,7,นายทนง มั่นนุช,เพื่อบ้านเมือง,514,0.58,88246,,88246,,,270,94.73684,,285
พิษณุโลก,3,1,นายพงษ์มนู ทองหนัก,ภูมิใจไทย,42353,48.24,87798,,87798,,,263,94.94585,,277
พิษณุโลก,3,2,นายเจนวิทย์ จันทรา,เพื่อไทย,21990,25.05,87798,,87798,,,263,94.94585,,277
พิษณุโลก,3,3,นายปุณณเมธ อ้นอารี,ประชาชน,18058,20.57,87798,,87798,,,263,94.94585,,277
พิษณุโลก,3,4,นายวิมล สารมะโน,ประชาธิปัตย์,2165,2.47,87798,,87798,,,263,94.94585,,277
พิษณุโลก,3,5,นายศิราวัฒน์ น้อยวงค์,กล้าธรรม,1494,1.7,87798,,87798,,,263,94.94585,,277
พิษณุโลก,3,6,นางสาวสปัณธ์หยก วีรบุญย์กฤช,เศรษฐกิจ,1443,1.64,87798,,87798,,,263,94.94585,,277
พิษณุโลก,3,7,นางสาวปุญชรัสมิ์ ศิริสวัสดิ์,พลังประชารัฐ,295,0.34,87798,,87798,,,263,94.94585,,277
พิษณุโลก,4,1,นายนิยม ช่างพินิจ,ภูมิใจไทย,42805,48.24,88736,,88736,,,269,94.71831,,284
พิษณุโลก,4,2,นางสาวพิมพ์พิชชา ชัยศุภกิจเจริญ,เพื่อไทย,29467,33.21,88736,,88736,,,269,94.71831,,284
พิษณุโลก,4,3,นายนิธิทนันท์ ก้าวศรีสุริยะธาดา,ประชาชน,14282,16.09,88736,,88736,,,269,94.71831,,284
พิษณุโลก,4,4,นายเฉลา บดีรัฐ,ประชาธิปัตย์,746,0.84,88736,,88736,,,269,94.71831,,284
พิษณุโลก,4,5,นางสาวณัฏฐปีญา แครบทรี,รวมไทยสร้างชาติ,731,0.82,88736,,88736,,,269,94.71831,,284
พิษณุโลก,4,6,นายปองภพ ณ สงขลา,กล้าธรรม,534,0.6,88736,,88736,,,269,94.71831,,284
พิษณุโลก,4,7,นายบรรจบ เมฆประดับ,เพื่อบ้านเมือง,171,0.19,88736,,88736,,,269,94.71831,,284
พิษณุโลก,5,1,นายจุติ ไกรฤกษ์,ภูมิใจไทย,34149,39.17,87172,,87172,,,280,94.91525,,295
พิษณุโลก,5,2,นายเอกพงษ์ กุลเจริญ,เพื่อไทย,30110,34.54,87172,,87172,,,280,94.91525,,295
พิษณุโลก,5,3,นายศุภปกรณ์ กิตยาธิคุณ,ประชาชน,19978,22.92,87172,,87172,,,280,94.91525,,295
พิษณุโลก,5,4,นายสมศักดิ์ ชุ่มกลัด,ประชาธิปัตย์,1745,2.0,87172,,87172,,,280,94.91525,,295
พิษณุโลก,5,5,นางสาวฉันทนา พุ่มพฤกษ์,อนาคตไทย,649,0.74,87172,,87172,,,280,94.91525,,295
พิษณุโลก,5,6,นายธนวิน โรจน์สุนทรกิตติ,กล้าธรรม,541,0.62,87172,,87172,,,280,94.91525,,295
ภูเก็ต,1,1,ว่าที่ร้อยตรีสมชาติ เตชถาวรเจริญ,ประชาชน,19458,29.32,66360,,66360,,,139,94.55782,,147
ภูเก็ต,1,2,นางสาวพลอยทะเล ลักษมีแสงจันทร์,ภูมิใจไทย,16875,25.43,66360,,66360,,,139,94.55782,,147
ภูเก็ต,1,3,นายทิวัตถ์ สีดอกบวบ,กล้าธรรม,15528,23.4,66360,,66360,,,139,94.55782,,147
ภูเก็ต,1,4,นายบุญศุภภะ ตัณฑัยย์,ประชาธิปัตย์,11001,16.58,66360,,66360,,,139,94.55782,,147
ภูเก็ต,1,5,นายศุภชัย ศรีสวัสดิ์,เศรษฐกิจ,1259,1.9,66360,,66360,,,139,94.55782,,147
ภูเก็ต,1,6,นายสรนันท์ เสน่ห์,เพื่อไทย,1187,1.79,66360,,66360,,,139,94.55782,,147
ภูเก็ต,1,7,นายวรพงศ์ ยูระหมาน,พลังประชารัฐ,1052,1.59,66360,,66360,,,139,94.55782,,147
ภูเก็ต,2,1,นายเฉลิมพงศ์ แสงดี,ประชาชน,24877,39.2,63459,,63459,,,142,94.66667,,150
ภูเก็ต,2,2,นายษณกร กี่สิ้น,ภูมิใจไทย,20405,32.15,63459,,63459,,,142,94.66667,,150
ภูเก็ต,2,3,นายสมชาติ สมนาม,ประชาธิปัตย์,13576,21.39,63459,,63459,,,142,94.66667,,150
ภูเก็ต,2,4,นางณัฐพร ผาณิตพิเชฐวงศ์,เพื่อไทย,2431,3.83,63459,,63459,,,142,94.66667,,150
ภูเก็ต,2,5,นายอินทร์ เพชรหิน,เศรษฐกิจ,2170,3.42,63459,,63459,,,142,94.66667,,150
ภูเก็ต,3,1,นางสาวอรทัย เกิดทรัพย์,กล้าธรรม,30360,40.41,75128,,75128,,,164,94.79769,,173
ภูเก็ต,3,2,นายฐิติกันต์ ฐิติพฤฒิกุล,ประชาชน,20277,26.99,75128,,75128,,,164,94.79769,,173
ภูเก็ต,3,3,นายวิวัฒน์ จินดาพล,ภูมิใจไทย,12339,16.42,75128,,75128,,,164,94.79769,,173
ภูเก็ต,3,4,นางสาวสิริเกศ ถั่วสกุล,ประชาธิปัตย์,8344,11.11,75128,,75128,,,164,94.79769,,173
ภูเก็ต,3,5,ด.ต.เดชาวัตร อุ่นสอน,เศรษฐกิจ,1685,2.24,75128,,75128,,,164,94.79769,,173
ภูเก็ต,3,6,นายศักดิ์ชาย เชาวน์ไวย,เพื่อไทย,1192,1.59,75128,,75128,,,164,94.79769,,173
ภูเก็ต,3,7,นายเกษม กาหรีมการ,ไทยภักดี,931,1.24,75128,,75128,,,164,94.79769,,173
มหาสารคาม,1,1,นายฤทธิรงค์ ภูมิสวัสดิ์,ภูมิใจไทย,32493,38.26,84916,,84916,,,225,94.93671,,237
มหาสารคาม,1,2,นายธีระวัฒน์ พรรณะ,ประชาชน,22794,26.84,84916,,84916,,,225,94.93671,,237
มหาสารคาม,1,3,นางสาวนงลักษณ์ ทุงจันทร์,เพื่อไทย,15504,18.26,84916,,84916,,,225,94.93671,,237
มหาสารคาม,1,4,นายทองหล่อ พลโคตร,กล้าธรรม,10178,11.99,84916,,84916,,,225,94.93671,,237
มหาสารคาม,1,5,นายเชวงศักดิ์ พลลาภ,ประชาธิปัตย์,1199,1.41,84916,,84916,,,225,94.93671,,237
มหาสารคาม,1,6,พันตำรวจเอกชัยสิทธิ์ ภความนตรี,พลังประชารัฐ,890,1.05,84916,,84916,,,225,94.93671,,237
มหาสารคาม,1,7,นายกิจอนันต์ วิริยะสุข,เศรษฐกิจ,718,0.85,84916,,84916,,,225,94.93671,,237
มหาสารคาม,1,8,นายปัญญา ประทุมชัย,รวมไทยสร้างชาติ,547,0.64,84916,,84916,,,225,94.93671,,237
มหาสารคาม,1,9,นายชยพล โบราณมูล,ไทยก้าวใหม่,503,0.59,84916,,84916,,,225,94.93671,,237
มหาสารคาม,1,10,นายณรงค์ ชารีคง,ประชาธิปไตยใหม่,90,0.11,84916,,84916,,,225,94.93671,,237
มหาสารคาม,2,1,นายประวัติ ทองสมบูรณ์,ภูมิใจไทย,32203,40.91,78715,,78715,,,317,94.91018,,334
มหาสารคาม,2,2,นายไชยวัฒนา ติณรัตน์,เพื่อไทย,20789,26.41,78715,,78715,,,317,94.91018,,334
มหาสารคาม,2,3,นายธงชัย เบอร์ไธสง,ประชาชน,13838,17.58,78715,,78715,,,317,94.91018,,334
มหาสารคาม,2,4,นางสาวขวัญอิสรา ศรีสังข์,พลังประชารัฐ,7793,9.9,78715,,78715,,,317,94.91018,,334
มหาสารคาม,2,5,นายสุทธิ์สวัสดิ์ บัวบาน,กล้าธรรม,1009,1.28,78715,,78715,,,317,94.91018,,334
มหาสารคาม,2,6,นายทวีศักดิ์ ปะหุปะไพ,ประชาธิปไตยใหม่,901,1.14,78715,,78715,,,317,94.91018,,334
มหาสารคาม,2,7,นายณัฐพัชร์ วงศ์พัฒนาธนเดช,ประชาธิปัตย์,676,0.86,78715,,78715,,,317,94.91018,,334
มหาสารคาม,2,8,นายสมพร คุ้มพงษ์พันธ์,รวมไทยสร้างชาติ,464,0.59,78715,,78715,,,317,94.91018,,334
มหาสารคาม,2,9,นายอำนาจธรรม ฮามคำไพ,เศรษฐกิจ,414,0.53,78715,,78715,,,317,94.91018,,334
มหาสารคาม,2,10,นายบัญชา บัณฑิตเสน,ไทยพร้อม,364,0.46,78715,,78715,,,317,94.91018,,334
มหาสารคาม,2,11,นายพิบูลย์ จันทศิลป์,ไทยก้าวใหม่,264,0.34,78715,,78715,,,317,94.91018,,334
มหาสารคาม,3,1,นายลัทธชัย โชคชัยวัฒนากร,ภูมิใจไทย,39612,46.72,84786,,84786,,,271,94.75524,,286
มหาสารคาม,3,2,นายยุทธพงศ์ จรัสเสถียร,เพื่อไทย,34638,40.85,84786,,84786,,,271,94.75524,,286
มหาสารคาม,3,3,นายจักรกริช ด่านแก้ว,ประชาชน,8115,9.57,84786,,84786,,,271,94.75524,,286
มหาสารคาม,3,4,เรือตรีกุลธร แก้ววิเศษ,เศรษฐกิจ,1307,1.54,84786,,84786,,,271,94.75524,,286
มหาสารคาม,3,5,นายภาสกร โยธะไชยสาร,ประชาธิปัตย์,255,0.3,84786,,84786,,,271,94.75524,,286
มหาสารคาม,3,6,นายปัญญา ภูเฮืองแก้ว,คลองไทย,227,0.27,84786,,84786,,,271,94.75524,,286
มหาสารคาม,3,7,นางสาวบังอร มุมกลาง,รวมไทยสร้างชาติ,224,0.26,84786,,84786,,,271,94.75524,,286
มหาสารคาม,3,8,นายประมวล พานมาตย์,ประชากรไทย,177,0.21,84786,,84786,,,271,94.75524,,286
มหาสารคาม,3,9,นางศิริพร หลิน,กล้าธรรม,118,0.14,84786,,84786,,,271,94.75524,,286
มหาสารคาม,3,10,นายธีราพัทธ์ พาณิชย์,ไทยก้าวใหม่,73,0.09,84786,,84786,,,271,94.75524,,286
มหาสารคาม,3,11,นายกิตติศักดิ์ พิมดา,ทางเลือกใหม่,40,0.05,84786,,84786,,,271,94.75524,,286
มหาสารคาม,4,1,นายวิเชียร จงชูวณิชย์,ภูมิใจไทย,30843,38.23,80681,,80681,,,277,94.86301,,292
มหาสารคาม,4,2,นายชนินทร์ มีนาสันติรักษ์,กล้าธรรม,21773,26.99,80681,,80681,,,277,94.86301,,292
มหาสารคาม,4,3,นายสรรพภัญญู ศิริไปล์,เพื่อไทย,15459,19.16,80681,,80681,,,277,94.86301,,292
มหาสารคาม,4,4,นายวันชนะ ชัยรุ่งเรือง,ประชาชน,11621,14.4,80681,,80681,,,277,94.86301,,292
มหาสารคาม,4,5,นายเกษม สิงพร,รวมไทยสร้างชาติ,318,0.39,80681,,80681,,,277,94.86301,,292
มหาสารคาม,4,6,นายอำนาจ ทบทอบ,ประชาธิปไตยใหม่,286,0.35,80681,,80681,,,277,94.86301,,292
มหาสารคาม,4,7,นายเนตร แก้วลาด,ประชาธิปัตย์,248,0.31,80681,,80681,,,277,94.86301,,292
มหาสารคาม,4,8,นายประสงค์ กันพล,พลังประชารัฐ,133,0.16,80681,,80681,,,277,94.86301,,292
มหาสารคาม,5,1,นายจิรวัฒน์ ศิริพานิชย์,เพื่อไทย,36149,46.57,77618,,77618,,,325,94.75219,,343
มหาสารคาม,5,2,นายปรัตธนกรณ์ โยธาราช,ประชาชน,19302,24.87,77618,,77618,,,325,94.75219,,343
มหาสารคาม,5,3,นางสาวพัชราศิณี ศิริโกมุท,เศรษฐกิจ,6125,7.89,77618,,77618,,,325,94.75219,,343
มหาสารคาม,5,4,นายโกศล คาดพันโน,พลังประชารัฐ,4627,5.96,77618,,77618,,,325,94.75219,,343
มหาสารคาม,5,5,ผู้ช่วยศาสตราจารย์ อวยชัย วะทา,ภูมิใจไทย,3545,4.57,77618,,77618,,,325,94.75219,,343
มหาสารคาม,5,6,นายเศรษฐวัฒน์ ศิริโกมุท,ไทยพร้อม,2565,3.3,77618,,77618,,,325,94.75219,,343
มหาสารคาม,5,7,นายคำดี แสงไพร,กล้าธรรม,2185,2.82,77618,,77618,,,325,94.75219,,343
มหาสารคาม,5,8,นางสาววิภาวี ลืออุติกุลวงศ์,ประชาธิปัตย์,930,1.2,77618,,77618,,,325,94.75219,,343
มหาสารคาม,5,9,นายกิตติ รัตนแสง,ประชาธิปไตยใหม่,864,1.11,77618,,77618,,,325,94.75219,,343
มหาสารคาม,5,10,นายประภาส เนื่องแก้ว,ไทยก้าวใหม่,739,0.95,77618,,77618,,,325,94.75219,,343
มหาสารคาม,5,11,นางสุภาพร ทองเจริญ,ทางเลือกใหม่,587,0.76,77618,,77618,,,325,94.75219,,343
มหาสารคาม,6,1,นางคมคาย อุดรพิมพ์,ภูมิใจไทย,38939,44.73,87058,,87058,,,289,94.7541,,305
มหาสารคาม,6,2,นายรัฐ คลังแสง,เพื่อไทย,30699,35.26,87058,,87058,,,289,94.7541,,305
มหาสารคาม,6,3,นางเพียงพิศ เดชมาลา,ประชาชน,14142,16.24,87058,,87058,,,289,94.7541,,305
มหาสารคาม,6,4,นายภาสกร สิทธิหาโคตร,เศรษฐกิจ,1626,1.87,87058,,87058,,,289,94.7541,,305
มหาสารคาม,6,5,นางสาวธัญลักษณ์ อุทัยจอม,ประชาธิปัตย์,611,0.7,87058,,87058,,,289,94.7541,,305
มหาสารคาม,6,6,นายบุรินทร์ นามโร,กล้าธรรม,419,0.48,87058,,87058,,,289,94.7541,,305
มหาสารคาม,6,7,นายวรเวช ศิริประเสริฐศรี,รวมไทยสร้างชาติ,292,0.34,87058,,87058,,,289,94.7541,,305
มหาสารคาม,6,8,นายจักริน แดนสมปัดสา,ไทยก้าวใหม่,227,0.26,87058,,87058,,,289,94.7541,,305
มหาสารคาม,6,9,นายสรเชษฐ์ โพธิรุกข์,ไทยก้าวหน้า,103,0.12,87058,,87058,,,289,94.7541,,305
มุกดาหาร,1,1,นายวิริยะ ทองผา,ภูมิใจไทย,31342,31.66,98985,,98985,,,272,94.77352,,287
มุกดาหาร,1,2,นายนนทภูมิ ตั้งปณิธานนท์,เพื่อไทย,23583,23.82,98985,,98985,,,272,94.77352,,287
มุกดาหาร,1,3,นายชายสิทธิ์ สุวรรณโชติ,ประชาชน,21369,21.59,98985,,98985,,,272,94.77352,,287
มุกดาหาร,1,4,นายพนมชัย พันธุ์พุทธ,กล้าธรรม,18053,18.24,98985,,98985,,,272,94.77352,,287
มุกดาหาร,1,5,ร.ต.ต.สมบูรณ์ ยงยุทธ,ประชาธิปไตยใหม่,1149,1.16,98985,,98985,,,272,94.77352,,287
มุกดาหาร,1,6,นางราตรี เจริญศรี,ประชาธิปัตย์,927,0.94,98985,,98985,,,272,94.77352,,287
มุกดาหาร,1,7,ร.ต.ต.สุเทียน ทองโสม,เสรีรวมไทย,720,0.73,98985,,98985,,,272,94.77352,,287
มุกดาหาร,1,8,พ.ต.ท.จิตต์ ศรีโยหะ มุกดาธนพงศ์,พลังประชารัฐ,660,0.67,98985,,98985,,,272,94.77352,,287
มุกดาหาร,1,9,นายชินกร ขวัญเมือง,เศรษฐกิจ,575,0.58,98985,,98985,,,272,94.77352,,287
มุกดาหาร,1,10,นายณัฐพล พรมวิชา,รวมไทยสร้างชาติ,462,0.47,98985,,98985,,,272,94.77352,,287
มุกดาหาร,1,11,นายสุนทร มีสิทธิ์,เพื่อบ้านเมือง,145,0.15,98985,,98985,,,272,94.77352,,287
มุกดาหาร,2,1,นายเลขาดำไตรสรณคมน์ หนองเรือง,กล้าธรรม,42393,44.99,94225,,94225,,,315,94.87952,,332
มุกดาหาร,2,2,นางสาวปิยธิดา บุตรกาล,เพื่อไทย,23462,24.9,94225,,94225,,,315,94.87952,,332
มุกดาหาร,2,3,นายณกร ชารีพันธ์,ประชาชน,15648,16.61,94225,,94225,,,315,94.87952,,332
มุกดาหาร,2,4,นายประพันธ์ คนหาญ,ภูมิใจไทย,7571,8.04,94225,,94225,,,315,94.87952,,332
มุกดาหาร,2,5,นางสาวปภาสิริ ประทุมลี,พลังประชารัฐ,4112,4.36,94225,,94225,,,315,94.87952,,332
มุกดาหาร,2,6,นางกิ่งฟ้า อรพันธ์,ประชาธิปัตย์,548,0.58,94225,,94225,,,315,94.87952,,332
มุกดาหาร,2,7,นายวรสิงฆ์ บับพาน,ทางเลือกใหม่,299,0.32,94225,,94225,,,315,94.87952,,332
มุกดาหาร,2,8,นายก้องบุญ ชาธิราช,เพื่อบ้านเมือง,192,0.2,94225,,94225,,,315,94.87952,,332
ยะลา,1,1,นายสุไลมาน บือแนปีแน,ประชาชาติ,31446,34.74,90522,,90522,,,209,94.57014,,221
ยะลา,1,2,นายอาดิลัน อาลีอิสเฮาะ,กล้าธรรม,20639,22.8,90522,,90522,,,209,94.57014,,221
ยะลา,1,3,นายประสิทธิชัย พงษ์สุวรรณศิริ,ภูมิใจไทย,16200,17.9,90522,,90522,,,209,94.57014,,221
ยะลา,1,4,นายอันวาร์ อุเซ็ง,ประชาชน,15216,16.81,90522,,90522,,,209,94.57014,,221
ยะลา,1,5,นายอับดุลการิม เด็งระกีนา,ประชาธิปัตย์,5182,5.72,90522,,90522,,,209,94.57014,,221
ยะลา,1,6,นายสมภพ สุภนรานนท์,ไทยก้าวใหม่,1136,1.25,90522,,90522,,,209,94.57014,,221
ยะลา,1,7,นายกูนรดินทร์ วงศ์วังษา,เพื่อไทย,490,0.54,90522,,90522,,,209,94.57014,,221
ยะลา,1,8,นายอับดุลลาเตะ ยากัด,พลังประชารัฐ,213,0.24,90522,,90522,,,209,94.57014,,221
ยะลา,2,1,นายซูการ์โน มะทา,ประชาชาติ,46972,53.6,87642,,87642,,,228,95,,240
ยะลา,2,2,นายสุกรี มะเต๊ะ,ภูมิใจไทย,24226,27.64,87642,,87642,,,228,95,,240
ยะลา,2,3,นางสาวนูรฮายาตี สาเมาะ,ประชาชน,9570,10.92,87642,,87642,,,228,95,,240
ยะลา,2,4,นายธรนินทร์ ยะมาแล,ประชาธิปัตย์,3060,3.49,87642,,87642,,,228,95,,240
ยะลา,2,5,ว่าที่ร้อยตรี อับดุลฮาฟิซ หิเล,กล้าธรรม,1406,1.6,87642,,87642,,,228,95,,240
ยะลา,2,6,นายสาการียา เลาะยะผา,เพื่อไทย,1105,1.26,87642,,87642,,,228,95,,240
ยะลา,2,7,นายไซด์นอน แวหามะ,ไทยก้าวใหม่,821,0.94,87642,,87642,,,228,95,,240
ยะลา,2,8,นายสะมาแอ มะดีเยาะ,ไทยพร้อม,482,0.55,87642,,87642,,,228,95,,240
ยะลา,3,1,นายอับดุลอายี สาแม็ง,ประชาชาติ,34910,40.18,86878,,86878,,,234,94.73684,,247
ยะลา,3,2,นายมูฮัมหมัดสุกกรี บุงา,กล้าธรรม,26180,30.13,86878,,86878,,,234,94.73684,,247
ยะลา,3,3,นายณรงค์ อาแว,ประชาชน,12123,13.95,86878,,86878,,,234,94.73684,,247
ยะลา,3,4,นายยุพราช เลิศลำยอง,ไทยก้าวใหม่,4781,5.5,86878,,86878,,,234,94.73684,,247
ยะลา,3,5,นายบดินทร์ กาโฮง,ประชาธิปัตย์,4072,4.69,86878,,86878,,,234,94.73684,,247
ยะลา,3,6,นายกามิน มุชิ,ภูมิใจไทย,3443,3.96,86878,,86878,,,234,94.73684,,247
ยะลา,3,7,นายซอและ มะสอลา,เพื่อไทย,1369,1.58,86878,,86878,,,234,94.73684,,247
ยโสธร,1,1,นางสุภาพร สลับศรี,ภูมิใจไทย,49334,48.97,100743,,100743,,,291,94.78827,,307
ยโสธร,1,2,นายวีระศักดิ์ โคตรสมบัติ,เพื่อไทย,36586,36.32,100743,,100743,,,291,94.78827,,307
ยโสธร,1,3,นางสาววชิราภรณ์ ชายทวีป,ประชาชน,12755,12.66,100743,,100743,,,291,94.78827,,307
ยโสธร,1,4,นายเนรมิต จันทร์ทอง,ประชาธิปัตย์,1258,1.25,100743,,100743,,,291,94.78827,,307
ยโสธร,1,5,นายหวาง วงษ์ศรีแก้ว,เศรษฐกิจ,417,0.41,100743,,100743,,,291,94.78827,,307
ยโสธร,1,6,นายสราวุธ จะกะนอง,ประชาธิปไตยใหม่,207,0.21,100743,,100743,,,291,94.78827,,307
ยโสธร,1,7,นายนิติธร จันทรบุตร,ไทยก้าวใหม่,186,0.18,100743,,100743,,,291,94.78827,,307
ยโสธร,2,1,นายวรายุทธ จงอักษร,ภูมิใจไทย,51233,56.36,90902,,90902,,,291,94.78827,,307
ยโสธร,2,2,นายบุญแก้ว สมวงศ์,เพื่อไทย,28880,31.77,90902,,90902,,,291,94.78827,,307
ยโสธร,2,3,นายพงศธร สุภโกศล,ประชาชน,8264,9.09,90902,,90902,,,291,94.78827,,307
ยโสธร,2,4,นายสิงห์มนี กุบแก้ว,เศรษฐกิจ,1031,1.13,90902,,90902,,,291,94.78827,,307
ยโสธร,2,5,นายธนู ว่องไวตระกูล,ท้องที่ไทย,735,0.81,90902,,90902,,,291,94.78827,,307
ยโสธร,2,6,นายอนันต์ หลอดคำ,ประชาธิปไตยใหม่,232,0.26,90902,,90902,,,291,94.78827,,307
ยโสธร,2,7,นางสาวชริสา แพงมี,ไทยก้าวใหม่,212,0.23,90902,,90902,,,291,94.78827,,307
ยโสธร,2,8,ดาบตำรวจสิทธิชัย ทองมูล,พลังประชารัฐ,163,0.18,90902,,90902,,,291,94.78827,,307
ยโสธร,2,9,นายกริชเพชร พลศรี,ประชาธิปัตย์,152,0.17,90902,,90902,,,291,94.78827,,307
ยโสธร,3,1,นายธนพัฒน์ ศรีชนะ,ภูมิใจไทย,44970,47.88,93914,,93914,,,296,94.87179,,312
ยโสธร,3,2,นายพิเชษฐ์ กุมารสิทธิ์,เพื่อไทย,30173,32.13,93914,,93914,,,296,94.87179,,312
ยโสธร,3,3,นายสรวิศ เดชเสน,ประชาชน,14424,15.36,93914,,93914,,,296,94.87179,,312
ยโสธร,3,4,นายมงคล ชื่นตา,กล้าธรรม,2399,2.55,93914,,93914,,,296,94.87179,,312
ยโสธร,3,5,นางสาวเสาวภาคย์ อินทนนท์,เศรษฐกิจ,661,0.7,93914,,93914,,,296,94.87179,,312
ยโสธร,3,6,นายธนกร ไชยกุล,พลังประชารัฐ,615,0.65,93914,,93914,,,296,94.87179,,312
ยโสธร,3,7,นางกฤตลดาณัช เศิกศิริ,ประชาธิปัตย์,415,0.44,93914,,93914,,,296,94.87179,,312
ยโสธร,3,8,นางวิภารัตย์ บุญกอง,ประชาธิปไตยใหม่,257,0.27,93914,,93914,,,296,94.87179,,312
ระนอง,1,1,นายคงกฤษ ฉัตรมาลีรัตน์,ภูมิใจไทย,59363,70.91,83719,,83719,,,233,94.71545,,246
ระนอง,1,2,นายสมพงษ์ สีหามาตร,ประชาชน,14434,17.24,83719,,83719,,,233,94.71545,,246
ระนอง,1,3,นายวิรัช ร่มเย็น,ประชาธิปัตย์,7436,8.88,83719,,83719,,,233,94.71545,,246
ระนอง,1,4,นายพิทยา แท่นแก้ว,เพื่อไทย,1573,1.88,83719,,83719,,,233,94.71545,,246
ระนอง,1,5,นายวรวุฒิ ขนอม,กล้าธรรม,913,1.09,83719,,83719,,,233,94.71545,,246
ระยอง,1,1,นางสาวกมนทรรศน์ กิตติสุนทรสกุล,ประชาชน,36934,43.41,85091,,85091,,,170,94.97207,,179
ระยอง,1,2,นายกฤษฎา เอกกำลังกุล,ภูมิใจไทย,27277,32.06,85091,,85091,,,170,94.97207,,179
ระยอง,1,3,นายไพศาล เรืองฤทธิ์,ประชาธิปัตย์,15357,18.05,85091,,85091,,,170,94.97207,,179
ระยอง,1,4,นายรัฐชานนท์ คาดหมายดี,เพื่อไทย,2917,3.43,85091,,85091,,,170,94.97207,,179
ระยอง,1,5,นายฉัตรชัย เล็กบุญแถม,รวมไทยสร้างชาติ,1093,1.28,85091,,85091,,,170,94.97207,,179
ระยอง,1,6,นางสาวรฎาศิริ ศิริคช,พลังประชารัฐ,664,0.78,85091,,85091,,,170,94.97207,,179
ระยอง,1,7,นางสาวพฤกษา พฤกษานิตย์,ไทยสร้างไทย,428,0.5,85091,,85091,,,170,94.97207,,179
ระยอง,1,8,นายพรทวี พูลกลาง,ไทยก้าวใหม่,421,0.49,85091,,85091,,,170,94.97207,,179
ระยอง,2,1,นายกฤช ศิลปชัย,ประชาชน,33687,49.14,68551,,68551,,,190,94.52736,,201
ระยอง,2,2,นายวีรยุทธ อนุจิตรอนันต์,ประชาธิปัตย์,26878,39.21,68551,,68551,,,190,94.52736,,201
ระยอง,2,3,นายภีมเดช อมรสุคนธ์,เพื่อไทย,4268,6.23,68551,,68551,,,190,94.52736,,201
ระยอง,2,4,นางสาวจิดาภา เจริญผล,ไทยสร้างไทย,1981,2.89,68551,,68551,,,190,94.52736,,201
ระยอง,2,5,ร้อยตำรวจตรีเรืองชัย สมบัติภูธร,ไทยก้าวใหม่,1737,2.53,68551,,68551,,,190,94.52736,,201
ระยอง,3,1,นายพศิน ปิตุเตชะ,ประชาธิปัตย์,26873,35.15,76463,,76463,,,232,94.69388,,245
ระยอง,3,2,นายพงศธร ศรเพชรนรินทร์,ประชาชน,24801,32.44,76463,,76463,,,232,94.69388,,245
ระยอง,3,3,นายบัญญัติ เจตนจันทร์,รวมไทยสร้างชาติ,15572,20.37,76463,,76463,,,232,94.69388,,245
ระยอง,3,4,นายชัยณรงค์ สันทัสนะโชค,เพื่อไทย,5580,7.3,76463,,76463,,,232,94.69388,,245
ระยอง,3,5,นางสาวณัชชารีย์ จิตรดล,ภูมิใจไทย,2454,3.21,76463,,76463,,,232,94.69388,,245
ระยอง,3,6,นายภิญโญ รัศมีประเสริฐสุข,ไทยสร้างไทย,788,1.03,76463,,76463,,,232,94.69388,,245
ระยอง,3,7,นายสหภูมิ เอกวรพงศ์,ไทยก้าวใหม่,395,0.52,76463,,76463,,,232,94.69388,,245
ระยอง,4,1,นายฉัตรชัย ปิตุเตชะ,ภูมิใจไทย,46134,52.71,87526,,87526,,,115,58.67347,,196
ระยอง,4,2,นายชุติพงศ์ พิภพภิญโญ,ประชาชน,32496,37.13,87526,,87526,,,115,58.67347,,196
ระยอง,4,3,นายศราวุธ หลำเจริญ,ประชาธิปัตย์,3744,4.28,87526,,87526,,,115,58.67347,,196
ระยอง,4,4,นายพิเชษฐ์ โพธิสาร,เพื่อไทย,3433,3.92,87526,,87526,,,115,58.67347,,196
ระยอง,4,5,นายพิชิต วงศา,รวมไทยสร้างชาติ,1036,1.18,87526,,87526,,,115,58.67347,,196
ระยอง,4,6,นางสาวสันต์นิสา รัตนโกเศศ,ไทยก้าวใหม่,366,0.42,87526,,87526,,,115,58.67347,,196
ระยอง,4,7,นายธนพงศ์พันธ์ ปิดกันภัย,กล้าธรรม,317,0.36,87526,,87526,,,115,58.67347,,196
ระยอง,5,1,นายวัชรพงษ์ ศิริรักษ์,ประชาชน,37569,46.22,81289,,81289,,,169,94.94382,,178
ระยอง,5,2,นายสมพงษ์ โสภณ,ภูมิใจไทย,29469,36.25,81289,,81289,,,169,94.94382,,178
ระยอง,5,3,นายมานิฏฐ์ เล็กโล่ง,ประชาธิปัตย์,6244,7.68,81289,,81289,,,169,94.94382,,178
ระยอง,5,4,นายธนชัย วสุอนันต์กุล,เพื่อไทย,5120,6.3,81289,,81289,,,169,94.94382,,178
ระยอง,5,5,ว่าที่เรืออากาศตรีสุรยุทธ์ มาลากุล,รวมไทยสร้างชาติ,1672,2.06,81289,,81289,,,169,94.94382,,178
ระยอง,5,6,นางสาวชนากาณ เหลืองประเสริฐ,ไทยสร้างไทย,1215,1.49,81289,,81289,,,169,94.94382,,178
ราชบุรี,1,1,นางสาวกุลวลี นพอมรบดี,ภูมิใจไทย,56407,57.63,97874,,97874,,,230,94.65021,,243
ราชบุรี,1,2,นายนรพนธ์ พลายสีนิล,ประชาชน,28931,29.56,97874,,97874,,,230,94.65021,,243
ราชบุรี,1,3,นายนพพล ภู่แย้ม,เพื่อไทย,7671,7.84,97874,,97874,,,230,94.65021,,243
ราชบุรี,1,4,นายทนงค์ศักดิ์ ศิรรัตน์ประภา,ประชาธิปัตย์,1886,1.93,97874,,97874,,,230,94.65021,,243
ราชบุรี,1,5,พ.ต.อ.สารสิทธิ์ นวมมณีรัตน์,เศรษฐกิจ,1611,1.65,97874,,97874,,,230,94.65021,,243
ราชบุรี,1,6,นางสาวยุวดี นิติธารากุล,รวมไทยสร้างชาติ,1368,1.4,97874,,97874,,,230,94.65021,,243
ราชบุรี,2,1,นางบุญยิ่ง นิติกาญจนา,กล้าธรรม,43510,48.44,89818,,89818,,,228,95,,240
ราชบุรี,2,2,นางสาวสิรีธร ธนะชัยศรี,ประชาชน,26956,30.01,89818,,89818,,,228,95,,240
ราชบุรี,2,3,นางสาวรดาภัค แก้วพรายตา,ภูมิใจไทย,6251,6.96,89818,,89818,,,228,95,,240
ราชบุรี,2,4,นายไก่ ห้องริ้ว,เพื่อไทย,5852,6.52,89818,,89818,,,228,95,,240
ราชบุรี,2,5,นางสาวถปนัท ชาติไทย,ประชาธิปัตย์,4524,5.04,89818,,89818,,,228,95,,240
ราชบุรี,2,6,นายศุภชัย พงษ์ทวี,รวมไทยสร้างชาติ,2725,3.03,89818,,89818,,,228,95,,240
ราชบุรี,3,1,นายจตุพร กมลพันธ์ทิพย์,กล้าธรรม,51702,53.71,96267,,96267,,,234,94.73684,,247
ราชบุรี,3,2,นางสาวปัญชญาภรณ์ ศักดิ์ปฐมพานิชย์,ประชาชน,26257,27.28,96267,,96267,,,234,94.73684,,247
ราชบุรี,3,3,นายกล้าหาญ เจริญธรรม,ภูมิใจไทย,5369,5.58,96267,,96267,,,234,94.73684,,247
ราชบุรี,3,4,นายอนุคม ศักดิ์อิสระพงศ์,ประชาธิปัตย์,4192,4.35,96267,,96267,,,234,94.73684,,247
ราชบุรี,3,5,นางสาวศิริลักษณ์ ตันงามตรง,พลังประชารัฐ,3365,3.5,96267,,96267,,,234,94.73684,,247
ราชบุรี,3,6,นายภิญโญศิลป์ สังวาลวงศ์,ไทยสร้างชาติ,3017,3.13,96267,,96267,,,234,94.73684,,247
ราชบุรี,3,7,นายอภิรักษ์ชัยชนะ ปันยารชุน,ไทยก้าวใหม่,2365,2.46,96267,,96267,,,234,94.73684,,247
ราชบุรี,4,1,นายอัครเดช วงษ์พิทักษ์โรจน์,ภูมิใจไทย,55778,51.85,107579,,107579,,,199,94.7619,,210
ราชบุรี,4,2,นายชยานันท์ กอจิตตวนิจ,ประชาชน,25938,24.11,107579,,107579,,,199,94.7619,,210
ราชบุรี,4,3,นางสาวชะวรลัทธิ์ ชินธรรมมิตร,กล้าธรรม,20627,19.17,107579,,107579,,,199,94.7619,,210
ราชบุรี,4,4,นางสาวสุรีย์วรรณ สิงห์อยู่,เพื่อไทย,3116,2.9,107579,,107579,,,199,94.7619,,210
ราชบุรี,4,5,นายสรวิชญ์ ขำเจริญ,ประชาธิปัตย์,855,0.79,107579,,107579,,,199,94.7619,,210
ราชบุรี,4,6,นายเอกพัฒน์ ถ้ำสุวรรณ,เศรษฐกิจ,639,0.59,107579,,107579,,,199,94.7619,,210
ราชบุรี,4,7,นายกฤชจ์พนธ์ อัฏฐาธนมงคล,รวมไทยสร้างชาติ,626,0.58,107579,,107579,,,199,94.7619,,210
ราชบุรี,5,1,นายบุญลือ ประเสริฐโสภา,ภูมิใจไทย,45150,41.59,108560,,108560,,,225,94.93671,,237
ราชบุรี,5,2,นายชัยทิพย์ กมลพันธ์ทิพย์,กล้าธรรม,39913,36.77,108560,,108560,,,225,94.93671,,237
ราชบุรี,5,3,นางสาวจิราภรณ์ จิตร์มั่น,ประชาชน,18091,16.66,108560,,108560,,,225,94.93671,,237
ราชบุรี,5,4,นางสาวปวันรัตน์ เอกอัครอัญธรณ์,เพื่อไทย,1810,1.67,108560,,108560,,,225,94.93671,,237
ราชบุรี,5,5,นายทศพล แก้วทิมา,ประชาธิปัตย์,1684,1.55,108560,,108560,,,225,94.93671,,237
ราชบุรี,5,6,นายปารเมษฐ์ อัศวพงศ์วาณิช,รวมไทยสร้างชาติ,985,0.91,108560,,108560,,,225,94.93671,,237
ราชบุรี,5,7,นางสาวชลชญา ชุ่มมงคล,เศรษฐกิจ,631,0.58,108560,,108560,,,225,94.93671,,237
ราชบุรี,5,8,นายตฤณฤทธ เทพประสิทธิ์,ไทยสร้างไทย,296,0.27,108560,,108560,,,225,94.93671,,237
ร้อยเอ็ด,1,1,นายอนุรักษ์ จุรีมาศ,ภูมิใจไทย,50238,56.2,89385,,89385,,,249,94.67681,,263
ร้อยเอ็ด,1,2,นายสถาพร ว่องสัธนพงษ์,เพื่อไทย,20122,22.51,89385,,89385,,,249,94.67681,,263
ร้อยเอ็ด,1,3,นายวีระธาร มาศเกษม,ประชาชน,17557,19.64,89385,,89385,,,249,94.67681,,263
ร้อยเอ็ด,1,4,นางสาวสุดารัตน์ วรรณพัฒน์,ประชาธิปปัตย์,827,0.93,89385,,89385,,,249,94.67681,,263
ร้อยเอ็ด,1,5,นางสาวเกตุวรินทร์ ไฮเนกเคอ,รวมไทยสร้างชาติ,641,0.72,89385,,89385,,,249,94.67681,,263
ร้อยเอ็ด,2,1,นายเอกรัฐ พลชื่อ,กล้าธรรม,43764,50.32,86974,,86974,,,347,94.80874,,366
ร้อยเอ็ด,2,2,นายฉลาด ขามช่วง,เพื่อไทย,23207,26.68,86974,,86974,,,347,94.80874,,366
ร้อยเอ็ด,2,3,นางสาวนริศรา ประเสริฐสังข์,ประชาชน,11879,13.66,86974,,86974,,,347,94.80874,,366
ร้อยเอ็ด,2,4,นายทินกร อ่อนประทุม,ภูมิใจไทย,7073,8.13,86974,,86974,,,347,94.80874,,366
ร้อยเอ็ด,2,5,นางสาวบุญยรัตน์ อาษาศึก,รวมไทยสร้างชาติ,467,0.54,86974,,86974,,,347,94.80874,,366
ร้อยเอ็ด,2,6,นายวิชัย เบ็ญชูสิทธิ์,ประชาธิปัตย์,228,0.26,86974,,86974,,,347,94.80874,,366
ร้อยเอ็ด,2,7,นางสาวสุรัสวดี ดวงสมศรี,พลวัต,227,0.26,86974,,86974,,,347,94.80874,,366
ร้อยเอ็ด,2,8,นางสาวจุฑามาศ ธานีวรรณ์,ประชาธิปัตย์ใหม่,129,0.15,86974,,86974,,,347,94.80874,,366
ร้อยเอ็ด,3,1,นางรัชนี พลชื่อ,กล้าธรรม,35999,44.04,81733,,81733,,,286,94.70199,,302
ร้อยเอ็ด,3,2,นายแทนรัฐ สุจารี,เพื่อไทย,30119,36.85,81733,,81733,,,286,94.70199,,302
ร้อยเอ็ด,3,3,นายกษิเดช แก้วภูมิแห่,ประชาชน,11133,13.62,81733,,81733,,,286,94.70199,,302
ร้อยเอ็ด,3,4,นางสาววาสินีพร พลเยี่ยม,ภูมิใจไทย,1488,1.82,81733,,81733,,,286,94.70199,,302
ร้อยเอ็ด,3,5,นายธนาภัทร แก้วอรุณ,เศรษฐกิจ,1345,1.65,81733,,81733,,,286,94.70199,,302
ร้อยเอ็ด,3,6,นางสาวสิวินีย์ ปากชำนิ,ประชาธิปัตย์,706,0.86,81733,,81733,,,286,94.70199,,302
ร้อยเอ็ด,3,7,นายร่วมภูมิศักดิ์ พลเยี่ยม,พลังประชารัฐ,620,0.76,81733,,81733,,,286,94.70199,,302
ร้อยเอ็ด,3,8,นางสาวสนัฏฐา ขัติยนนท์,รวมไทยสร้างชาติ,237,0.29,81733,,81733,,,286,94.70199,,302
ร้อยเอ็ด,3,9,นายพงษ์ศักดิ์ เสียงใส,พลังธรรมใหม่,86,0.11,81733,,81733,,,286,94.70199,,302
ร้อยเอ็ด,4,1,นายศุภศิษย์ กอเจริญยศ,เพื่อไทย,22302,27.74,80404,,80404,,,316,94.89489,,333
ร้อยเอ็ด,4,2,นายนีโอ พลซื่อ,กล้าธรรม,21829,27.15,80404,,80404,,,316,94.89489,,333
ร้อยเอ็ด,4,3,นายนรากร นาเมืองรักษ์,ภูมิใจไทย,16270,20.24,80404,,80404,,,316,94.89489,,333
ร้อยเอ็ด,4,4,นายวัจน์คมกริช ศรีวะรมย์,ประชาชน,10958,13.63,80404,,80404,,,316,94.89489,,333
ร้อยเอ็ด,4,5,นางสาวสุทธิกานต์ สิทธิ์ประภากูล,โอกาสใหม่,4826,6.0,80404,,80404,,,316,94.89489,,333
ร้อยเอ็ด,4,6,นางสาวกัญจน์พร วงศ์เวไนย,พลังประชารัฐ,2030,2.52,80404,,80404,,,316,94.89489,,333
ร้อยเอ็ด,4,7,นายชัยชนะ รัตนชัยฤทธิ์,รวมไทยสร้างชาติ,1106,1.38,80404,,80404,,,316,94.89489,,333
ร้อยเอ็ด,4,8,นางสาวมารยาท มานัส,ประชาธิปัตย์,687,0.85,80404,,80404,,,316,94.89489,,333
ร้อยเอ็ด,4,9,นางสาวดนิตา มาบุญธรรม,ไทยก้าวใหม่,335,0.42,80404,,80404,,,316,94.89489,,333
ร้อยเอ็ด,4,10,นายเกียรติศักดิ์ วรรณพาด,พลวัต,61,0.08,80404,,80404,,,316,94.89489,,333
ร้อยเอ็ด,5,1,นางสาวจิราพร สินธุไพร,เพื่อไทย,43787,60.78,72043,,72043,,,328,94.79769,,346
ร้อยเอ็ด,5,2,นายสนิท กล้าหาญ,ประชาชน,14428,20.03,72043,,72043,,,328,94.79769,,346
ร้อยเอ็ด,5,3,นายชัยวุฒิ เอี่ยมรัศมีกุล,ภูมิใจไทย,9584,13.3,72043,,72043,,,328,94.79769,,346
ร้อยเอ็ด,5,4,นายวีระชัย จารย์รัตน์,ไทยภักดี,1210,1.68,72043,,72043,,,328,94.79769,,346
ร้อยเอ็ด,5,5,นางสาวรวินดา วรกาญจนบุญ,กล้าธรรม,1014,1.41,72043,,72043,,,328,94.79769,,346
ร้อยเอ็ด,5,6,นายจิรายุ มณีพันธ์,ประชาธิปัตย์,785,1.09,72043,,72043,,,328,94.79769,,346
ร้อยเอ็ด,5,7,นายเผด็จ สลักศิลป์,รวมไทยสร้างชาติ,766,1.06,72043,,72043,,,328,94.79769,,346
ร้อยเอ็ด,5,8,นางสาวสุนิดสา เวฎสุวัณ,พลังประชารัฐ,469,0.65,72043,,72043,,,328,94.79769,,346
ร้อยเอ็ด,6,1,นายทองลี มีหินกอง,เพื่อไทย,33696,44.02,76554,,76554,,,285,95,,300
ร้อยเอ็ด,6,2,นายกิตติ สมทรัพย์,ภูมิใจไทย,20825,27.2,76554,,76554,,,285,95,,300
ร้อยเอ็ด,6,3,นางสาววรานันท์ พิมพ์ดี,ประชาชน,11282,14.74,76554,,76554,,,285,95,,300
ร้อยเอ็ด,6,4,นายคารม พลพรกลาง,พลังประชารัฐ,5862,7.66,76554,,76554,,,285,95,,300
ร้อยเอ็ด,6,5,นายประทีป โสดา,ไทยสร้างไทย,3129,4.09,76554,,76554,,,285,95,,300
ร้อยเอ็ด,6,6,นายกันตภณ โชคกลางเดือน,รวมไทยสร้างชาติ,752,0.98,76554,,76554,,,285,95,,300
ร้อยเอ็ด,6,7,นายพิชัย น้ำกระจาย,กล้าธรรม,620,0.81,76554,,76554,,,285,95,,300
ร้อยเอ็ด,6,8,นายสมบัติ ขันโมลี,ประชาธิปัตย์,388,0.51,76554,,76554,,,285,95,,300
ร้อยเอ็ด,7,1,นายชัชวาล แพทยาไทย,ไทยสร้างไทย,44414,54.62,81314,,81314,,,304,95,,320
ร้อยเอ็ด,7,2,นางนวรัตน์ พาโคกทม,เพื่อไทย,29794,36.64,81314,,81314,,,304,95,,320
ร้อยเอ็ด,7,3,นายฐาปนา กาสิงห์,ประชาชน,6138,7.55,81314,,81314,,,304,95,,320
ร้อยเอ็ด,7,4,นายสีดา บุตรนาแพง,เศรษฐกิจ,408,0.5,81314,,81314,,,304,95,,320
ร้อยเอ็ด,7,5,นายสุชาติ บุรีรัตน์,ประชาธิปัตย์,355,0.44,81314,,81314,,,304,95,,320
ร้อยเอ็ด,7,6,นายจิระณัฏฐ์ ไชยวารี,รวมไทยสร้างชาติ,205,0.25,81314,,81314,,,304,95,,320
ร้อยเอ็ด,8,1,นางสาวชญาภา สินธุไพร,เพื่อไทย,26860,31.44,85433,,85433,,,323,94.72141,,341
ร้อยเอ็ด,8,2,นายธนชัย สินธุไพร,ภูมิใจไทย,25106,29.39,85433,,85433,,,323,94.72141,,341
ร้อยเอ็ด,8,3,นายนราเอก คำสนาม,ไทยสร้างไทย,20056,23.48,85433,,85433,,,323,94.72141,,341
ร้อยเอ็ด,8,4,นายพัฒนา พระไชยบุญ,ประชาชน,11351,13.29,85433,,85433,,,323,94.72141,,341
ร้อยเอ็ด,8,5,พันเอกสุพล พละสุ,เศรษฐกิจ,689,0.81,85433,,85433,,,323,94.72141,,341
ร้อยเอ็ด,8,6,นายฐิติพงศ์ พันธุ์พาณิชย์,รวมไทยสร้างชาติ,379,0.44,85433,,85433,,,323,94.72141,,341
ร้อยเอ็ด,8,7,นางสาวอรุณทิพย์ สุวรรณนันท์,พลังประชารัฐ,290,0.34,85433,,85433,,,323,94.72141,,341
ร้อยเอ็ด,8,8,นางสาวสุดาวรรณ์ ดาวเรือง,ประชาธิปัตย์,264,0.31,85433,,85433,,,323,94.72141,,341
ร้อยเอ็ด,8,9,นายพัฒนพงศ์ แก้วแสงใส,พลวัต,253,0.3,85433,,85433,,,323,94.72141,,341
ร้อยเอ็ด,8,10,นายศักดิ์ชัย ราชาวงค์,เสรีรวมไทย,185,0.22,85433,,85433,,,323,94.72141,,341
ลพบุรี,1,1,นายนรินทร์ คลังผา,ภูมิใจไทย,38126,38.08,100109,,100109,,,246,94.98069,,259
ลพบุรี,1,2,นายสาธิต ทวีผล,ประชาชน,25593,25.57,100109,,100109,,,246,94.98069,,259
ลพบุรี,1,3,พลโท สิทธิชัย คัตตะพันธ์,โอกาสใหม่,15617,15.6,100109,,100109,,,246,94.98069,,259
ลพบุรี,1,4,นายอุบลศักดิ์ บัวหลวงงาม,เพื่อไทย,9992,9.98,100109,,100109,,,246,94.98069,,259
ลพบุรี,1,5,นายประทวน สุทธิอำนวยเดช,เศรษฐกิจ,2172,2.17,100109,,100109,,,246,94.98069,,259
ลพบุรี,1,6,นางปวีณา วัชราวรกุล,กล้าธรรม,1842,1.84,100109,,100109,,,246,94.98069,,259
ลพบุรี,1,7,นายพิชัย เกียรติวินัยสกุล,พลังประชารัฐ,1666,1.66,100109,,100109,,,246,94.98069,,259
ลพบุรี,1,8,นายยุวภพ กระเป๋าทอง,ประชาธิปัตย์,1571,1.57,100109,,100109,,,246,94.98069,,259
ลพบุรี,1,9,นายเจตน์สฤษฎ์ ปัญญาอัศวนิรัญ,รวมไทยสร้างชาติ,1498,1.5,100109,,100109,,,246,94.98069,,259
ลพบุรี,1,10,นางสาวศิริรัตน์ ฤกษ์พิชัย,ไทยสร้างไทย,1379,1.38,100109,,100109,,,246,94.98069,,259
ลพบุรี,1,11,นางสาวภัทรฤทัย วรปัญญา,ปวงชนไทย,653,0.65,100109,,100109,,,246,94.98069,,259
ลพบุรี,2,1,นางสาวมัลลิกา จิระพันธุ์วานิช,ภูมิใจไทย,58141,52.83,110045,,110045,,,254,94.77612,,268
ลพบุรี,2,2,นายณัฐดนัย ชนิตร์วัฒน์,ประชาชน,24499,22.26,110045,,110045,,,254,94.77612,,268
ลพบุรี,2,3,นายสิทธิชัย หล่อประสงค์สุข,เพื่อไทย,21604,19.63,110045,,110045,,,254,94.77612,,268
ลพบุรี,2,4,นายพีรพัฒน์ เกิดเอี่ยม,ประชาธิปัตย์,1650,1.5,110045,,110045,,,254,94.77612,,268
ลพบุรี,2,5,นายณฐพงศ์ นรสิงห์,เศรษฐกิจ,1216,1.11,110045,,110045,,,254,94.77612,,268
ลพบุรี,2,6,นายรุ่งวิทย์ แจ้งสว่าง,รวมไทยสร้างชาติ,962,0.87,110045,,110045,,,254,94.77612,,268
ลพบุรี,2,7,นายปัณณทัต มากผล,พลังประชารัฐ,833,0.76,110045,,110045,,,254,94.77612,,268
ลพบุรี,2,8,นายธันว์ยากร คำวงษ์,ไทยสร้างชาติ,823,0.75,110045,,110045,,,254,94.77612,,268
ลพบุรี,2,9,นายธนกฤต หงษ์ยนต์,ปวงชนชาวไทย,317,0.29,110045,,110045,,,254,94.77612,,268
ลพบุรี,3,1,นางสาวกาญจนาพร จิระพันธุ์วาณิช,ภูมิใจไทย,49264,49.65,99225,,99225,,,272,94.77352,,287
ลพบุรี,3,2,นายพหล วรปัญญา,เพื่อไทย,27504,27.72,99225,,99225,,,272,94.77352,,287
ลพบุรี,3,3,นายประดิษฐ์ บวรกิติอนันต์,ประชาชน,15294,15.41,99225,,99225,,,272,94.77352,,287
ลพบุรี,3,4,นายสุชาติ ลายน้ำเงิน,พลังประชารัฐ,2527,2.55,99225,,99225,,,272,94.77352,,287
ลพบุรี,3,5,นายเอนก สนามทอง,เศรษฐกิจ,1816,1.83,99225,,99225,,,272,94.77352,,287
ลพบุรี,3,6,นายชัยอนันต์ มานะกุล,รวมไทยสร้างชาติ,882,0.89,99225,,99225,,,272,94.77352,,287
ลพบุรี,3,7,นางสาวกัญญาภัค กอกัน,ปวงชนไทย,801,0.81,99225,,99225,,,272,94.77352,,287
ลพบุรี,3,8,นายพรอนันต์ ไชยชาติ,ประชาธิปัตย์,670,0.68,99225,,99225,,,272,94.77352,,287
ลพบุรี,3,9,พันเอกสุชาติ คัดสูงเนิน,กล้าธรรม,467,0.47,99225,,99225,,,272,94.77352,,287
ลพบุรี,4,1,นายวรวงศ์ วรปัญญา,เพื่อไทย,50031,46.21,108277,,108277,,,266,94.66192,,281
ลพบุรี,4,2,นายเทียนชัย สุขมั่น,กล้าธรรม,33738,31.16,108277,,108277,,,266,94.66192,,281
ลพบุรี,4,3,นายสงกรานต์ รังสรรค์,ประชาชน,18256,16.86,108277,,108277,,,266,94.66192,,281
ลพบุรี,4,4,นายณรงค์ศักดิ์ ตาลช่วง,ภูมิใจไทย,2318,2.14,108277,,108277,,,266,94.66192,,281
ลพบุรี,4,5,นางสาวพรรณี บัวรักษา,ประชาธิปัตย์,1354,1.25,108277,,108277,,,266,94.66192,,281
ลพบุรี,4,6,นายพบพล แสงสกุล,รวมไทยสร้างชาติ,1279,1.18,108277,,108277,,,266,94.66192,,281
ลพบุรี,4,7,นางสาวศิริทิพย์ ผกามาศ,เศรษฐกิจ,1079,1.0,108277,,108277,,,266,94.66192,,281
ลพบุรี,4,8,นายสนั่น พรหมสุข,พลังประชารัฐ,222,0.21,108277,,108277,,,266,94.66192,,281
ลำปาง,1,1,นางทิพา ปวีณาเสถียร,ประชาชน,47614,48.36,98457,,98457,,,278,94.88055,,293
ลำปาง,1,2,นายกิตติกร โล่ห์สุนทร,เพื่อไทย,23642,24.01,98457,,98457,,,278,94.88055,,293
ลำปาง,1,3,นายชวนิต จันทรสุรินทร์,ภูมิใจไทย,9189,9.33,98457,,98457,,,278,94.88055,,293
ลำปาง,1,4,นางสาวอมลยา เจนตวนิชย์,ประชาธิปัตย์,4951,5.03,98457,,98457,,,278,94.88055,,293
ลำปาง,1,5,นายก้องเกียรติ มาทา,รวมไทยสร้างชาติ,3490,3.54,98457,,98457,,,278,94.88055,,293
ลำปาง,1,6,ร้อยตำรวจเอกประสิทธิ์ ทิวงศ์ษา,เศรษฐกิจ,2983,3.03,98457,,98457,,,278,94.88055,,293
ลำปาง,1,7,นายบุญเชิด พรมศร,โอกาสใหม่,2883,2.93,98457,,98457,,,278,94.88055,,293
ลำปาง,1,8,นายอธิวัฒน์ ศรีไชยยานุพันธ์,กล้าธรรม,2314,2.35,98457,,98457,,,278,94.88055,,293
ลำปาง,1,9,นายนริศ แสงบุญเรือง,ไทยก้าวใหม่,1391,1.41,98457,,98457,,,278,94.88055,,293
ลำปาง,2,1,นายดาชัย เอกปฐพี,กล้าธรรม,35828,36.42,98377,,98377,,,328,94.79769,,346
ลำปาง,2,2,นางสาวสุวิภา กุศลจูง,ประชาชน,33581,34.14,98377,,98377,,,328,94.79769,,346
ลำปาง,2,3,นายธนาธร โล่ห์สุนทร,เพื่อไทย,19485,19.81,98377,,98377,,,328,94.79769,,346
ลำปาง,2,4,นางสาววิชุดา ว่องวัฒนวิโรจน์,ประชาธิปัตย์,3291,3.35,98377,,98377,,,328,94.79769,,346
ลำปาง,2,5,นายศรีพรหม หอมยก,ภูมิใจไทย,2370,2.41,98377,,98377,,,328,94.79769,,346
ลำปาง,2,6,นายสันทัด ภัทรกิตตินนท์,พลังประชารัฐ,2217,2.25,98377,,98377,,,328,94.79769,,346
ลำปาง,2,7,นายสมบูรณ์ รูปสะอาด,โอกาสใหม่,1605,1.63,98377,,98377,,,328,94.79769,,346
ลำปาง,3,1,นายชลธานี เชื้อน้อย,ประชาชน,41016,40.75,100661,,100661,,,264,94.96403,,278
ลำปาง,3,2,นางระพีพรรณ โพธิ์ทอง,กล้าธรรม,26924,26.75,100661,,100661,,,264,94.96403,,278
ลำปาง,3,3,นายบุญเลิศ แสนเทพ,เพื่อไทย,16581,16.47,100661,,100661,,,264,94.96403,,278
ลำปาง,3,4,นายจรัสฤทธิ์ จันทรสุรินทร์,ภูมิใจไทย,7193,7.15,100661,,100661,,,264,94.96403,,278
ลำปาง,3,5,นายประยูร เศรษฐกิจ,เศรษฐกิจ,2339,2.32,100661,,100661,,,264,94.96403,,278
ลำปาง,3,6,นายธนภัทร ศรีปินตา,ประชาธิปัตย์,1836,1.82,100661,,100661,,,264,94.96403,,278
ลำปาง,3,7,นายอรุณรัตน์ พลอยจันทร์กูล,รวมไทยสร้างชาติ,1707,1.7,100661,,100661,,,264,94.96403,,278
ลำปาง,3,8,นายวิชัย หมื่นประจักร์,ประชากรไทย,1705,1.69,100661,,100661,,,264,94.96403,,278
ลำปาง,3,9,นายชาญณรงค์ มาเรียน,พลังประชารัฐ,1360,1.35,100661,,100661,,,264,94.96403,,278
ลำปาง,4,1,นางสาวเพ็ญภัค รัตนคำฟู,กล้าธรรม,38171,36.55,104442,,104442,,,320,94.95549,,337
ลำปาง,4,2,นายบอนด์ สุริยะ,ประชาชน,29656,28.39,104442,,104442,,,320,94.95549,,337
ลำปาง,4,3,นางสาวณฐอร ชมภูรัตน์,พลังประชารัฐ,16237,15.55,104442,,104442,,,320,94.95549,,337
ลำปาง,4,4,"นางสาวรภัสสรณ์, นิยะโมสถ",เพื่อไทย,13288,12.72,104442,,104442,,,320,94.95549,,337
ลำปาง,4,5,นางภุมรา จันทรสุรินทร์,ภูมิใจไทย,4107,3.93,104442,,104442,,,320,94.95549,,337
ลำปาง,4,6,นางสาวสรินทิพย์ วงศ์วรกุลกิจ,ประชาธิปัตย์,1548,1.48,104442,,104442,,,320,94.95549,,337
ลำปาง,4,7,นางสาวธัญญาทิพย์ ดาวเรือง,ไทยสร้างไทย,1435,1.37,104442,,104442,,,320,94.95549,,337
ลำพูน,1,1,นายวิทวิสิทธิ์ ปันสวนปลูก,ประชาชน,66093,52.74,125326,,125326,,,318,94.92537,,335
ลำพูน,1,2,นายชัยณรงค์ ภู่พิสิฐ,เพื่อไทย,29768,23.75,125326,,125326,,,318,94.92537,,335
ลำพูน,1,3,นายยุทธพงศ์ ไชยศร,ภูมิใจไทย,8919,7.12,125326,,125326,,,318,94.92537,,335
ลำพูน,1,4,นางสาวพัชราภรณ์ เอื้องฟ้า,ประชาธิปัตย์,7369,5.88,125326,,125326,,,318,94.92537,,335
ลำพูน,1,5,นายประกอบ ยอดยา,กล้าธรรม,4395,3.51,125326,,125326,,,318,94.92537,,335
ลำพูน,1,6,นายสุริยา บุญนาคค้า,เสรีรวมไทย,3352,2.67,125326,,125326,,,318,94.92537,,335
ลำพูน,1,7,นายสุวสันต์ จันทร์ตาธรรม,เศรษฐกิจ,2666,2.13,125326,,125326,,,318,94.92537,,335
ลำพูน,1,8,นายชวิน คำบุญเรือง,รวมไทยสร้างชาติ,1566,1.25,125326,,125326,,,318,94.92537,,335
ลำพูน,1,9,นายณัฏฐชัย วงค์ชัยรุ่งเรือง,ไทยก้าวใหม่,864,0.69,125326,,125326,,,318,94.92537,,335
ลำพูน,1,10,นายสมบัติ ใจแจ่ม,วิชชั่นใหม่,334,0.27,125326,,125326,,,318,94.92537,,335
ลำพูน,2,1,นายชัชพีร์ วรรณาพิรัชย์,ประชาชน,49316,42.19,116879,,116879,,,354,94.90617,,373
ลำพูน,2,2,นายรังสรรค์ มณีรัตน์,เพื่อไทย,34789,29.76,116879,,116879,,,354,94.90617,,373
ลำพูน,2,3,นายศิรศักดิ์ ทองยอด,ภูมิใจไทย,11016,9.43,116879,,116879,,,354,94.90617,,373
ลำพูน,2,4,ว่าที่ร้อยตรีหญิง ชนิสรา ขว้างทา,ประชาธิปัตย์,6259,5.36,116879,,116879,,,354,94.90617,,373
ลำพูน,2,5,นาวาเอก ณัฐพงศ์ คชเสนี,เศรษฐกิจ,5137,4.4,116879,,116879,,,354,94.90617,,373
ลำพูน,2,6,นายประเสริฐ เอวจักร,กล้าธรรม,2926,2.5,116879,,116879,,,354,94.90617,,373
ลำพูน,2,7,ว่าที่ร้อยตรี อภิชาติ เนตรผาบ,รวมไทยสร้างชาติ,2885,2.47,116879,,116879,,,354,94.90617,,373
ลำพูน,2,8,นายชินชัย แก้วเรือน,พลังประชารัฐ,2689,2.3,116879,,116879,,,354,94.90617,,373
ลำพูน,2,9,นายอดิศร แก้วเล็ก,โอกาสใหม่,1580,1.35,116879,,116879,,,354,94.90617,,373
ลำพูน,2,10,นายณัฐวิน โฉมศรี,วิชชั่นใหม่,282,0.24,116879,,116879,,,354,94.90617,,373
ศรีสะเกษ,1,1,นายสิริพงศ์ อังคสกุลเกียรติ,ภูมิใจไทย,53220,56.22,94666,,94666,,,274,94.80969,,289
ศรีสะเกษ,1,2,นายธเนศ เครือรัตน์,เพื่อไทย,25401,26.83,94666,,94666,,,274,94.80969,,289
ศรีสะเกษ,1,3,นายสุขเกษม เรืองนุช,ประชาชน,13456,14.21,94666,,94666,,,274,94.80969,,289
ศรีสะเกษ,1,4,นางสาวฉวี ปิ่นหอม,ปวงชนไทย,868,0.92,94666,,94666,,,274,94.80969,,289
ศรีสะเกษ,1,5,นายวีระชัย จันทร์ดวงศรี,ประชาธิปัตย์,460,0.49,94666,,94666,,,274,94.80969,,289
ศรีสะเกษ,1,6,นายคณิศร คำโสภา,เศรษฐกิจ,438,0.46,94666,,94666,,,274,94.80969,,289
ศรีสะเกษ,1,7,นายเนียม ผลบุญ,ประชาธิปไตยใหม่,394,0.42,94666,,94666,,,274,94.80969,,289
ศรีสะเกษ,1,8,นายสุรเดช นาจำปา,กล้าธรรม,222,0.23,94666,,94666,,,274,94.80969,,289
ศรีสะเกษ,1,9,นายกุลธวัช สาลี,รวมไทยสร้างชาติ,207,0.22,94666,,94666,,,274,94.80969,,289
ศรีสะเกษ,2,1,นายศุภกิจ สีหาภาค,ภูมิใจไทย,35712,44.24,80721,,80721,,,273,94.79167,,288
ศรีสะเกษ,2,2,นายสุรชาติ ชาญประดิษฐ์,เพื่อไทย,30103,37.29,80721,,80721,,,273,94.79167,,288
ศรีสะเกษ,2,3,นายสุทธิรักษ์ บุญศักดิ์,ประชาชน,10448,12.94,80721,,80721,,,273,94.79167,,288
ศรีสะเกษ,2,4,นายสายชล เคหะธรรม,รวมพลังประชาชน,1392,1.72,80721,,80721,,,273,94.79167,,288
ศรีสะเกษ,2,5,นายพิทยา บุญเฉลียว,กล้าธรรม,1166,1.44,80721,,80721,,,273,94.79167,,288
ศรีสะเกษ,2,6,นางพิสมัย กุลบุตร,เศรษฐกิจ,868,1.08,80721,,80721,,,273,94.79167,,288
ศรีสะเกษ,2,7,นายอภิสิทธิ์ ธานี,ทางเลือกใหม่,310,0.38,80721,,80721,,,273,94.79167,,288
ศรีสะเกษ,2,8,นายวันชัย บุญเสนอ,ประชาธิปัตย์,287,0.36,80721,,80721,,,273,94.79167,,288
ศรีสะเกษ,2,9,นายสุรมิตร ศรีสุรักษ์,ประชาธิปไตยใหม่,201,0.25,80721,,80721,,,273,94.79167,,288
ศรีสะเกษ,2,10,นางสาวขวัญชนก เจริญธนาธิป,ไทยก้าวใหม่,153,0.19,80721,,80721,,,273,94.79167,,288
ศรีสะเกษ,2,11,นายสมยศ อำไพ,ปวงชนไทย,81,0.1,80721,,80721,,,273,94.79167,,288
ศรีสะเกษ,3,1,นายธนา กิจไพบูลย์ชัย,ภูมิใจไทย,51942,67.82,76586,,76586,,,277,94.86301,,292
ศรีสะเกษ,3,2,นายจำลอง บุญชม,ประชาชน,9196,12.01,76586,,76586,,,277,94.86301,,292
ศรีสะเกษ,3,3,นายภีรวุฒิ บุญสุข,เพื่อไทย,8230,10.75,76586,,76586,,,277,94.86301,,292
ศรีสะเกษ,3,4,นายปัณณวิชญ์ โหตระไวศยะ,พลังประชารัฐ,2931,3.83,76586,,76586,,,277,94.86301,,292
ศรีสะเกษ,3,5,นายสมจิตร ช่วยพันธ์,เศรษฐกิจ,1611,2.1,76586,,76586,,,277,94.86301,,292
ศรีสะเกษ,3,6,นายสุรณัฐ แนบเนียม,กล้าธรรม,1059,1.38,76586,,76586,,,277,94.86301,,292
ศรีสะเกษ,3,7,นายธีรวัฒน์ คำศรี,ประชาธิปัตย์,1041,1.36,76586,,76586,,,277,94.86301,,292
ศรีสะเกษ,3,8,นายโดม ศรีศรุติกุล,ประชาธิปไตยใหม่,341,0.45,76586,,76586,,,277,94.86301,,292
ศรีสะเกษ,3,9,นายนครชัย โพธิ์ขาว,ประชากรไทย,122,0.16,76586,,76586,,,277,94.86301,,292
ศรีสะเกษ,3,10,นายนิพนธ์ บุษราคัมวงศ์,รวมพลัง,113,0.15,76586,,76586,,,277,94.86301,,292
ศรีสะเกษ,4,1,นายชิตพล ไตรสรณกุล,ภูมิใจไทย,43534,55.91,77864,,77864,,,230,94.65021,,243
ศรีสะเกษ,4,2,นายภูมินทร์ ลีธีระประเสริฐ,กล้าธรรม,20190,25.93,77864,,77864,,,230,94.65021,,243
ศรีสะเกษ,4,3,นายวัลลภ วันทมาตย์,ประชาชน,8100,10.4,77864,,77864,,,230,94.65021,,243
ศรีสะเกษ,4,4,นางสาวพิชิตา บุญมา,เพื่อไทย,3428,4.4,77864,,77864,,,230,94.65021,,243
ศรีสะเกษ,4,5,นายอนุบาล ขันทอง,เศรษฐกิจ,969,1.24,77864,,77864,,,230,94.65021,,243
ศรีสะเกษ,4,6,นายกิติศักดิ์ พ้นภัย,รวมไทยสร้างชาติ,789,1.01,77864,,77864,,,230,94.65021,,243
ศรีสะเกษ,4,7,นายสายัณห์ หล้าบุดดา,ประชากรไทย,372,0.48,77864,,77864,,,230,94.65021,,243
ศรีสะเกษ,4,8,นายปิยะนันท์ มั่นยืนยาว,ประชาธิปัตย์,293,0.38,77864,,77864,,,230,94.65021,,243
ศรีสะเกษ,4,9,นายอุทัย อุทธาธรณ์,พลังประชารัฐ,96,0.12,77864,,77864,,,230,94.65021,,243
ศรีสะเกษ,4,10,นายวาสิทธิ์ พวงสวัสดิ์,ปวงชนไทย,93,0.12,77864,,77864,,,230,94.65021,,243
ศรีสะเกษ,5,1,นางสาวจินณ์ตวรรณ ไตรสรณกุล,ภูมิใจไทย,39108,49.09,79671,,79671,,,232,94.69388,,245
ศรีสะเกษ,5,2,นางสาวภูริกา สมหมาย,เพื่อไทย,25755,32.33,79671,,79671,,,232,94.69388,,245
ศรีสะเกษ,5,3,นายพรสิทธิ์ รักษาทรัพย์,ประชาชน,11077,13.9,79671,,79671,,,232,94.69388,,245
ศรีสะเกษ,5,4,นายภูมินันท์ กัญญาบุตร,เศรษฐกิจ,1091,1.37,79671,,79671,,,232,94.69388,,245
ศรีสะเกษ,5,5,นายประไพย์ ศรีลาชัย,ประชากรไทย,887,1.11,79671,,79671,,,232,94.69388,,245
ศรีสะเกษ,5,6,นายสวัสดิ์ โพธิสาร,ประชาธิปัตย์,652,0.82,79671,,79671,,,232,94.69388,,245
ศรีสะเกษ,5,7,นายบุญเลี้ยง สว่างภพ,กล้าธรรม,619,0.78,79671,,79671,,,232,94.69388,,245
ศรีสะเกษ,5,8,นายธรรศ คำพันธุ์,รวมไทยสร้างชาติ,395,0.5,79671,,79671,,,232,94.69388,,245
ศรีสะเกษ,5,9,นางสาวนภาพร บุตรสอน,ปวงชนไทย,87,0.11,79671,,79671,,,232,94.69388,,245
ศรีสะเกษ,6,1,นายวีระพล จิตสัมฤทธิ์,เพื่อไทย,31345,39.65,79063,,79063,,,298,94.90446,,314
ศรีสะเกษ,6,2,นายคชศักดิ์ ศิริรัตน์มานะวงศ์,ภูมิใจไทย,31072,39.3,79063,,79063,,,298,94.90446,,314
ศรีสะเกษ,6,3,นายธรรมศักดิ์ เรืองชัยจตุพร,ประชาชน,13132,16.61,79063,,79063,,,298,94.90446,,314
ศรีสะเกษ,6,4,พันตำรวจเอกประเสริฐศักดิ์ ศรีไชย,เศรษฐกิจ,1724,2.18,79063,,79063,,,298,94.90446,,314
ศรีสะเกษ,6,5,นายนิธินันท์ ธนัทภพวรานนท์,กล้าธรรม,502,0.63,79063,,79063,,,298,94.90446,,314
ศรีสะเกษ,6,6,นายพงษ์ประณต บุญทศ,ประชาธิปไตยใหม่,438,0.55,79063,,79063,,,298,94.90446,,314
ศรีสะเกษ,6,7,นายนิมิตร จินาวัลย์,ประชาธิปัตย์,435,0.55,79063,,79063,,,298,94.90446,,314
ศรีสะเกษ,6,8,นายปืน นันทะเสน,รวมไทยสร้างชาติ,415,0.52,79063,,79063,,,298,94.90446,,314
ศรีสะเกษ,7,1,นางสาววิลดา อินฉัตร,เพื่อไทย,36190,46.03,78631,,78631,,,324,94.73684,,342
ศรีสะเกษ,7,2,นายวิสุทธิ์ชาติ ปัญญาทรงรุจิ,ภูมิใจไทย,31642,40.24,78631,,78631,,,324,94.73684,,342
ศรีสะเกษ,7,3,พันตรีสราวุธ ศรีวัง,ประชาชน,9181,11.68,78631,,78631,,,324,94.73684,,342
ศรีสะเกษ,7,4,นายวิวัฒน์ชัย โหตระไวศยะ,พลังประชารัฐ,544,0.69,78631,,78631,,,324,94.73684,,342
ศรีสะเกษ,7,5,นายบุญคง วิลัยเลิศ,ประชาธิปัตย์,441,0.56,78631,,78631,,,324,94.73684,,342
ศรีสะเกษ,7,6,นายสมชัย ค่องอ้อย,ประชาธิปไตยใหม่,278,0.35,78631,,78631,,,324,94.73684,,342
ศรีสะเกษ,7,7,นายเจนอนันต์ คำศรี,กล้าธรรม,263,0.33,78631,,78631,,,324,94.73684,,342
ศรีสะเกษ,7,8,นายชัยณรงค์ ทรงงาม,ประชากรไทย,92,0.12,78631,,78631,,,324,94.73684,,342
ศรีสะเกษ,8,1,นายอาสพลธ์ สรรณ์ไตรภพ,ภูมิใจไทย,59873,71.13,84175,,84175,,,361,95,,380
ศรีสะเกษ,8,2,นายบรรจบ ไชยสาร,ประชาชน,12268,14.57,84175,,84175,,,361,95,,380
ศรีสะเกษ,8,3,นายมานพ จรัสดำรงนิตย์,เพื่อไทย,10201,12.12,84175,,84175,,,361,95,,380
ศรีสะเกษ,8,4,บุญเทวี,เศรษฐกิจ,503,0.6,84175,,84175,,,361,95,,380
ศรีสะเกษ,8,5,นางกัญญ์พิดา เพียรกสิโภคิน,ปวงชนไทย,435,0.52,84175,,84175,,,361,95,,380
ศรีสะเกษ,8,6,นายองอาจ ศรีขาล,กล้าธรรม,415,0.49,84175,,84175,,,361,95,,380
ศรีสะเกษ,8,7,นายณชญาดา ศรีหาภาค,ประชาธิปัตย์,334,0.4,84175,,84175,,,361,95,,380
ศรีสะเกษ,8,8,นายเอกทรัพย์ มะโนรัตน์,ประชาธิปไตยใหม่,146,0.17,84175,,84175,,,361,95,,380
ศรีสะเกษ,9,1,นายวิทวัส ไตรสรณกุล,ภูมิใจไทย,39667,44.79,88566,,88566,,,402,94.81132,,424
ศรีสะเกษ,9,2,นายนฤชิต จารุรัชกุล,เพื่อไทย,19391,21.89,88566,,88566,,,402,94.81132,,424
ศรีสะเกษ,9,3,นายพงษ์เดช เดชกล้า,ประชาชน,14525,16.4,88566,,88566,,,402,94.81132,,424
ศรีสะเกษ,9,4,นางนุชนาถ จารุวงษ์เสถียร,กล้าธรรม,12281,13.87,88566,,88566,,,402,94.81132,,424
ศรีสะเกษ,9,5,นายพงศ์ภัค มงคลชัยพาณิชย์,พลังประชารัฐ,1069,1.21,88566,,88566,,,402,94.81132,,424
ศรีสะเกษ,9,6,นายคัมภีรพจน์ สายเพ็ชร,เศรษฐกิจ,555,0.63,88566,,88566,,,402,94.81132,,424
ศรีสะเกษ,9,7,นายรัตน์วิโรจน์ พรมขันธ์,ประชาธิปัตย์,368,0.42,88566,,88566,,,402,94.81132,,424
ศรีสะเกษ,9,8,นายอภิชาติ ศิริบุญญกาล,รวมไทยสร้างชาติ,359,0.41,88566,,88566,,,402,94.81132,,424
ศรีสะเกษ,9,9,นายวรวิทย์ ต๊ะกาบโค,ประชาธิปไตยใหม่,214,0.24,88566,,88566,,,402,94.81132,,424
ศรีสะเกษ,9,10,นางสาวเกศรา แซ่จิว,ปวงชนไทย,137,0.15,88566,,88566,,,402,94.81132,,424
สกลนคร,1,1,นายสิรภพ สมผล,กล้าธรรม,27337,30.34,90090,,90090,,,222,94.87179,,234
สกลนคร,1,2,นายพินิตเมธ ทีฆธนานนท์,ภูมิใจไทย,23434,26.01,90090,,90090,,,222,94.87179,,234
สกลนคร,1,3,นายตวงสิทธิ์ พงษ์พิศ,ประชาชน,18843,20.92,90090,,90090,,,222,94.87179,,234
สกลนคร,1,4,นายตวงภัทร ตีรสวัสดิชัย,เพื่อไทย,16905,18.76,90090,,90090,,,222,94.87179,,234
สกลนคร,1,5,นายวิชิต แก้วกัญญา,เศรษฐกิจ,1092,1.21,90090,,90090,,,222,94.87179,,234
สกลนคร,1,6,นายเสน่ห์ เพ็ชร์รุ่ง,รวมไทยสร้างชาติ,766,0.85,90090,,90090,,,222,94.87179,,234
สกลนคร,1,7,นางยุพาวรรณ จักรพิมพ์,ประชาธิปัตย์,763,0.85,90090,,90090,,,222,94.87179,,234
สกลนคร,1,8,นายบุญญามี วงค์ศรีดา,ทางเลือกใหม่,739,0.82,90090,,90090,,,222,94.87179,,234
สกลนคร,1,9,นายไชยสนิท พานาดา,เพื่อบ้านเมือง,113,0.13,90090,,90090,,,222,94.87179,,234
สกลนคร,1,10,นายอภิวัฒน์ มีชัย,พลังประชารัฐ,98,0.11,90090,,90090,,,222,94.87179,,234
สกลนคร,2,1,นายชาตรี หล้าพรหม,กล้าธรรม,25737,30.68,83880,,83880,,,246,94.98069,,259
สกลนคร,2,2,นางสาวณภัชชา ศิลปะรายะ,ภูมิใจไทย,20809,24.81,83880,,83880,,,246,94.98069,,259
สกลนคร,2,3,นายอภิชาติ ตีรสวัสดิชัย,เพื่อไทย,19074,22.74,83880,,83880,,,246,94.98069,,259
สกลนคร,2,4,นายภาสพล อุฬารกุล,ประชาชน,15466,18.44,83880,,83880,,,246,94.98069,,259
สกลนคร,2,5,นายนิยม เวชกามา,โอกาสใหม่,1298,1.55,83880,,83880,,,246,94.98069,,259
สกลนคร,2,6,นายวิชิต ม่อมพะเนาว์,เศรษฐกิจ,633,0.75,83880,,83880,,,246,94.98069,,259
สกลนคร,2,7,นางสาวเพชรา อัคราชศรี,รวมไทยสร้างชาติ,584,0.7,83880,,83880,,,246,94.98069,,259
สกลนคร,2,8,นางสาวนัฐภรณ์ วงค์ขาชม,ประชาธิปัตย์,279,0.33,83880,,83880,,,246,94.98069,,259
สกลนคร,3,1,นางสาวจิรัชยา สัพโส,เพื่อไทย,48088,61.28,78470,,78470,,,247,95,,260
สกลนคร,3,2,นายสิริวุฒิ ศุภวุฒิ,ประชาชน,13374,17.04,78470,,78470,,,247,95,,260
สกลนคร,3,3,นายอภิลักษณ์ เคนไชยวงศ์,ภูมิใจไทย,8568,10.92,78470,,78470,,,247,95,,260
สกลนคร,3,4,นายชูพงศ์ คำจวง,โอกาสใหม่,4783,6.1,78470,,78470,,,247,95,,260
สกลนคร,3,5,นางสาวศรีประไพ ประสงค์ใด,เศรษฐกิจ,1010,1.29,78470,,78470,,,247,95,,260
สกลนคร,3,6,นายครองโชค เฟือยงาราช,รวมไทยสร้างชาติ,968,1.23,78470,,78470,,,247,95,,260
สกลนคร,3,7,นายทนงศิลป์ วจีสิงห์,กล้าธรรม,908,1.16,78470,,78470,,,247,95,,260
สกลนคร,3,8,นายประเวศ จันทร์ตื้อ,ประชาธิปัตย์,771,0.98,78470,,78470,,,247,95,,260
สกลนคร,4,1,นายพัฒนา สัพโส,เพื่อไทย,29887,39.38,75903,,75903,,,242,94.90196,,255
สกลนคร,4,2,นายอครเดช ยังแสนภูม,รวมไทยสร้างชาติ,16643,21.93,75903,,75903,,,242,94.90196,,255
สกลนคร,4,3,นางปรานี วัฒนาประดิษฐ์ชัย,ประชาชน,15488,20.4,75903,,75903,,,242,94.90196,,255
สกลนคร,4,4,นายวีรศักดิ์ พรหมภักดี,กล้าธรรม,5463,7.2,75903,,75903,,,242,94.90196,,255
สกลนคร,4,5,ส.อ.ชัยวัน ราชชมภู,เศรษฐกิจ,3412,4.5,75903,,75903,,,242,94.90196,,255
สกลนคร,4,6,นายปริยัติ วงศ์ธิเบศร์,ภูมิใจไทย,2615,3.45,75903,,75903,,,242,94.90196,,255
สกลนคร,4,7,นายไพบูลย์ มาตยาคุณ,ปวงชนไทย,1414,1.86,75903,,75903,,,242,94.90196,,255
สกลนคร,4,8,นายสุวิทย์ สุดพุด,ประชาธิปัตย์,830,1.09,75903,,75903,,,242,94.90196,,255
สกลนคร,4,9,นายประยง บุญยอด,ประชาธิปไตยใหม่,151,0.2,75903,,75903,,,242,94.90196,,255
สกลนคร,5,1,นางสาววงศ์อะเกื้อ บุญศล,กล้าธรรม,27906,35.03,79654,,79654,,,215,94.71366,,227
สกลนคร,5,2,นายชัยมงคล ไชยรบ,ภูมิใจไทย,22054,27.69,79654,,79654,,,215,94.71366,,227
สกลนคร,5,3,นางสาวอภิญญา พันทะสา,เพื่อไทย,15164,19.04,79654,,79654,,,215,94.71366,,227
สกลนคร,5,4,นายบัญชา จันทศรี,ประชาชน,12318,15.46,79654,,79654,,,215,94.71366,,227
สกลนคร,5,5,นางเกศา พลข้อ,เศรษฐกิจ,1177,1.48,79654,,79654,,,215,94.71366,,227
สกลนคร,5,6,นายประยงค์ ไชยพร,รวมไทยสร้างชาติ,387,0.49,79654,,79654,,,215,94.71366,,227
สกลนคร,5,7,นายธีระชัย โสนาเรือ,พลวัต,351,0.44,79654,,79654,,,215,94.71366,,227
สกลนคร,5,8,นางสาวยุพวรรณ์ สิทธิคงศักดิ์,ประชาธิปัตย์,221,0.28,79654,,79654,,,215,94.71366,,227
สกลนคร,5,9,นางสมร เขียวเชย,ประชาธิปไตยใหม่,76,0.1,79654,,79654,,,215,94.71366,,227
สกลนคร,6,1,นายบรม เอ่งฉ้วน,ภูมิใจไทย,34892,46.48,75062,,75062,,,225,94.93671,,237
สกลนคร,6,2,นางสาวสกุณา สาระนันท์,เพื่อไทย,23101,30.78,75062,,75062,,,225,94.93671,,237
สกลนคร,6,3,นายธนชาติ ไชยทองพันธ์,ประชาชน,14243,18.97,75062,,75062,,,225,94.93671,,237
สกลนคร,6,4,นายธนัฐ จันทร์มาลา,เศรษฐกิจ,884,1.18,75062,,75062,,,225,94.93671,,237
สกลนคร,6,5,นางสาวธัญญ์ลภัสส์ โสรินทร์,รวมไทยสร้างชาติ,824,1.1,75062,,75062,,,225,94.93671,,237
สกลนคร,6,6,นายสุรศักดิ์ เดชโฮม,ประชาธิปัตย์,534,0.71,75062,,75062,,,225,94.93671,,237
สกลนคร,6,7,นายฉลอง สุวรรณโคตร,กล้าธรรม,353,0.47,75062,,75062,,,225,94.93671,,237
สกลนคร,6,8,นายรุ่งเรืองชัย โสภา,พลังประชารัฐ,231,0.31,75062,,75062,,,225,94.93671,,237
สกลนคร,7,1,นายอิสรพงษ์ อุประ,เพื่อไทย,23571,32.81,71830,,71830,,,239,94.84127,,252
สกลนคร,7,2,นายอภิชิต ถาบุตร,ประชาชน,17145,23.87,71830,,71830,,,239,94.84127,,252
สกลนคร,7,3,นางสาววนิดา พรหมชาติ,กล้าธรรม,16794,23.38,71830,,71830,,,239,94.84127,,252
สกลนคร,7,4,นายตี๋ธีระยุทธ รัศมี,ภูมิใจไทย,9433,13.13,71830,,71830,,,239,94.84127,,252
สกลนคร,7,5,นายจักรพงศ์ อินทลบ,เศรษฐกิจ,2359,3.28,71830,,71830,,,239,94.84127,,252
สกลนคร,7,6,นายสิงห์โต ฮกทวายทา,ประชาธิปัตย์,1058,1.47,71830,,71830,,,239,94.84127,,252
สกลนคร,7,7,นายพจนาถ ธานะราช,พลังประชารัฐ,711,0.99,71830,,71830,,,239,94.84127,,252
สกลนคร,7,8,นางทัศนีย์ ศรีถาพร,ปวงชนไทย,639,0.89,71830,,71830,,,239,94.84127,,252
สกลนคร,7,9,นายเพิ่มศักดิ์ จันทร์แดง,ไทยพร้อม,120,0.17,71830,,71830,,,239,94.84127,,252
สงขลา,1,1,นายสรรเพชญ บุญญามณี,ภูมิใจไทย,44252,50.89,86955,,86955,,,190,94.52736,,201
สงขลา,1,2,นายพิเชฎฐ พัฒนโชติ,ประชาธิปัตย์,21201,24.38,86955,,86955,,,190,94.52736,,201
สงขลา,1,3,นายสักกพันธุ์ อนันต์พงค์,ประชาชน,19158,22.03,86955,,86955,,,190,94.52736,,201
สงขลา,1,4,นายสำราญ บุญเส้ง,เพื่อไทย,1072,1.23,86955,,86955,,,190,94.52736,,201
สงขลา,1,5,นายเทพมณตรี พรมเมือง,เศรษฐกิจ,921,1.06,86955,,86955,,,190,94.52736,,201
สงขลา,1,6,ร.ต.อ.สมศักดิ์ แสงประดับ,ไทยก้าวใหม่,351,0.4,86955,,86955,,,190,94.52736,,201
สงขลา,2,1,นายจูรี นุ่มแก้ว,ประชาธิปัตย์,32205,40.94,78663,,78663,,,170,94.97207,,179
สงขลา,2,2,นายสุภัทร ฮาสุวรรณกิจ,ประชาชน,22288,28.33,78663,,78663,,,170,94.97207,,179
สงขลา,2,3,นายศาสตรา ศรีปาน,ภูมิใจไทย,18935,24.07,78663,,78663,,,170,94.97207,,179
สงขลา,2,4,พลตำรวจโทพัฒนวุธ อังคะนาวิน,เศรษฐกิจ,3133,3.98,78663,,78663,,,170,94.97207,,179
สงขลา,2,5,นายอรรถชาญ เชาวน์วานิชย์,เพื่อไทย,695,0.88,78663,,78663,,,170,94.97207,,179
สงขลา,2,6,นายมานพ เพ็งชุม,กล้าธรรม,545,0.69,78663,,78663,,,170,94.97207,,179
สงขลา,2,7,นายประกอบ ปลอด,รวมไทยสร้างชาติ,450,0.57,78663,,78663,,,170,94.97207,,179
สงขลา,2,8,นายธนพล มะโน,ไทยภักดี,233,0.3,78663,,78663,,,170,94.97207,,179
สงขลา,2,9,พ.ต.อ.วิชัย วิชยานฤพล,ไทยก้าวใหม่,96,0.12,78663,,78663,,,170,94.97207,,179
สงขลา,2,10,นายธาราดร พรหมสุทธิ์,พลังประชารัฐ,83,0.11,78663,,78663,,,170,94.97207,,179
สงขลา,3,1,นายสมยศ พลายด้วง,ภูมิใจไทย,36656,39.34,93176,,93176,,,202,94.83568,,213
สงขลา,3,2,นายทนายอาร์ม สุวรรณรักษา,ประชาธิปัตย์,27002,28.98,93176,,93176,,,202,94.83568,,213
สงขลา,3,3,นายนวมินทร์ ปิ่นปฐมรัฐ,ประชาชน,25124,26.96,93176,,93176,,,202,94.83568,,213
สงขลา,3,4,นายสุภณัฏฐ์ ชุมภูทอง,รวมไทยสร้างชาติ,2500,2.68,93176,,93176,,,202,94.83568,,213
สงขลา,3,5,นายจิรันธนิน ตาลทรัพย์คุณ,เพื่อไทย,973,1.04,93176,,93176,,,202,94.83568,,213
สงขลา,3,6,พลตรีนิพนธ์ รองสวัสดิ์,กล้าธรรม,921,0.99,93176,,93176,,,202,94.83568,,213
สงขลา,4,1,นายชนนพัฒฐ์ นาคสั้ว,กล้าธรรม,45863,47.85,95854,,95854,,,236,94.77912,,249
สงขลา,4,2,นายโยธิน ทองเนื้อแข็ง,ภูมิใจไทย,24612,25.68,95854,,95854,,,236,94.77912,,249
สงขลา,4,3,นายสิทธิพัฒน์ เสนเนียม,ประชาธิปัตย์,18187,18.97,95854,,95854,,,236,94.77912,,249
สงขลา,4,4,นายชัยวัฒน์ อินศรีไกร,ประชาชน,5868,6.12,95854,,95854,,,236,94.77912,,249
สงขลา,4,5,นายเนติศิลป์ พฤกษศรี,รวมไทยสร้างชาติ,494,0.52,95854,,95854,,,236,94.77912,,249
สงขลา,4,6,นายนุกูล อยู่ทอง,เพื่อไทย,492,0.51,95854,,95854,,,236,94.77912,,249
สงขลา,4,7,นายชนาเมธ อักโขสุวรรณ,เศรษฐกิจ,338,0.35,95854,,95854,,,236,94.77912,,249
สงขลา,5,1,นายวงศ์วชร ขาวทอง,กล้าธรรม,51130,54.5,104525,,93808,3913,6804,222,94.87179,,234
สงขลา,5,2,นายปรีชา สุขเกษม,ประชาธิปัตย์,25390,27.07,104525,,93808,3913,6804,222,94.87179,,234
สงขลา,5,3,นายสุวรรณ อ่อนรักษ์,ประชาชน,11192,11.93,104525,,93808,3913,6804,222,94.87179,,234
สงขลา,5,4,นายอภิชาติ ลาพินี,ภูมิใจไทย,2558,2.73,104525,,93808,3913,6804,222,94.87179,,234
สงขลา,5,5,นายสะหาก หมุดตะเหล็บ,เพื่อไทย,2233,2.38,104525,,93808,3913,6804,222,94.87179,,234
สงขลา,5,6,นายวันอับดุลเลาะฮ์ หลัะติหมะ,เศรษฐกิจ,1305,1.39,104525,,93808,3913,6804,222,94.87179,,234
สงขลา,6,1,นายอนุกูล พฤกษานุศักดิ์,ภูมิใจไทย,48391,54.4,88960,,88960,,,181,94.7644,,191
สงขลา,6,2,นายบารมี ขาวทอง,กล้าธรรม,25751,28.95,88960,,88960,,,181,94.7644,,191
สงขลา,6,3,ว่าที่ ร.ต.สมพร แซ่ลิ่ม,ประชาชน,9865,11.09,88960,,88960,,,181,94.7644,,191
สงขลา,6,4,นายพิพัณย์ เจือละออง,ประชาธิปัตย์,3568,4.01,88960,,88960,,,181,94.7644,,191
สงขลา,6,5,นางสาวจิรนาถ เหลาะเหม,เพื่อไทย,705,0.79,88960,,88960,,,181,94.7644,,191
สงขลา,6,6,นางภัทรวดี ศรีศักดา,รวมไทยสร้างชาติ,394,0.44,88960,,88960,,,181,94.7644,,191
สงขลา,6,7,นายสายัญ สวมทอง,ไทยก้าวใหม่,286,0.32,88960,,88960,,,181,94.7644,,191
สงขลา,7,1,นายณัฏฐ์ชนน ศรีก่อเกื้อ,ภูมิใจไทย,36128,38.8,93120,,93120,,,222,94.87179,,234
สงขลา,7,2,นายเพ็ชร อุ่นแดง,กล้าธรรม,26269,28.21,93120,,93120,,,222,94.87179,,234
สงขลา,7,3,นายศิริโชค โสภา,ประชาธิปัตย์,19025,20.43,93120,,93120,,,222,94.87179,,234
สงขลา,7,4,นายดัยลามี เบ็ญบาเห็ม,ประชาชน,8005,8.6,93120,,93120,,,222,94.87179,,234
สงขลา,7,5,นายดุลยรัตน์ บูยูโต๊ะ,ประชาชาติ,2694,2.89,93120,,93120,,,222,94.87179,,234
สงขลา,7,6,นายสนิท วัฒนสุข,รวมไทยสร้างชาติ,414,0.44,93120,,93120,,,222,94.87179,,234
สงขลา,7,7,นายสมาท สะอาดวารี,เพื่อไทย,350,0.38,93120,,93120,,,222,94.87179,,234
สงขลา,7,8,ร้อยตำรวจเอกสมพงค์ ทองบริบูรณ์,เศรษฐกิจ,235,0.25,93120,,93120,,,222,94.87179,,234
สงขลา,8,1,พล.ต.ต.สุรินทร์ ปาลาเร่,กล้าธรรม,43540,46.04,94569,,94569,,,224,94.91525,,236
สงขลา,8,2,นายฆอซาลี ดุสะเหม็ะ,ภูมิใจไทย,36216,38.3,94569,,94569,,,224,94.91525,,236
สงขลา,8,3,นายกรธัช พัชนี,ประชาชน,6707,7.09,94569,,94569,,,224,94.91525,,236
สงขลา,8,4,นายธีรพงศ์ ดนสวี,ประชาธิปัตย์,6217,6.57,94569,,94569,,,224,94.91525,,236
สงขลา,8,5,นายปรีชา แดงหลี,ประชาชาติ,995,1.05,94569,,94569,,,224,94.91525,,236
สงขลา,8,6,นายอธิวัตร ใบสะเม๊าะ,เพื่อไทย,447,0.47,94569,,94569,,,224,94.91525,,236
สงขลา,8,7,นายเกษม ขวัญแก้ว,รวมไทยสร้างชาติ,240,0.25,94569,,94569,,,224,94.91525,,236
สงขลา,8,8,นายอำนาจ คงเอียง,ไทยภักดี,207,0.22,94569,,94569,,,224,94.91525,,236
สงขลา,9,1,นายศักดิ์สิทธิ์ ขาวทอง,ประชาธิปัตย์,49475,49.24,100486,,100486,,,195,94.66019,,206
สงขลา,9,2,พันตำรวจเอกพิทักษ์ พุทธวิโร,ภูมิใจไทย,29715,29.57,100486,,100486,,,195,94.66019,,206
สงขลา,9,3,นายธนทร แก้วอนุรักษ์,ประชาชน,18986,18.89,100486,,100486,,,195,94.66019,,206
สงขลา,9,4,นายสงขลา พอกันที,รวมไทยสร้างชาติ,875,0.87,100486,,100486,,,195,94.66019,,206
สงขลา,9,5,พันเอกสนิท บุญราศรี,เพื่อไทย,763,0.76,100486,,100486,,,195,94.66019,,206
สงขลา,9,6,นายสุชาติ หลำเป็นหมุด,พลวัต,672,0.67,100486,,100486,,,195,94.66019,,206
สตูล,1,1,นายพีรพัฒน์ รัชกิจประการ,ภูมิใจไทย,38100,46.86,81311,,81311,,,191,94.55446,,202
สตูล,1,2,นายสุลต่าน อิสมาแอลชาห์,กล้าธรรม,17251,21.22,81311,,81311,,,191,94.55446,,202
สตูล,1,3,นายบุคอรีย์ สนูวงศ์,ประชาชน,17149,21.09,81311,,81311,,,191,94.55446,,202
สตูล,1,4,นายวัชรพงศ์ เกษา,ประชาธิปัตย์,6235,7.67,81311,,81311,,,191,94.55446,,202
สตูล,1,5,นายณัฐพล สาดอาหลี,เพื่อไทย,1582,1.95,81311,,81311,,,191,94.55446,,202
สตูล,1,6,นายธนาคม พจนาพิทักษ์,ไทยก้าวใหม่,535,0.66,81311,,81311,,,191,94.55446,,202
สตูล,1,7,นายนาวี พรหมทรัพย์,รวมไทยสร้างชาติ,459,0.56,81311,,81311,,,191,94.55446,,202
สตูล,2,1,นายวรศิษฎ์ เลียงประสิทธิ์,ภูมิใจไทย,56595,62.5,90555,,90555,,,222,94.87179,,234
สตูล,2,2,จ่าเอกกฤษ ศรีสน,ประชาชน,15947,17.61,90555,,90555,,,222,94.87179,,234
สตูล,2,3,นายสัญญา จงจิตร,ประชาธิปัตย์,11416,12.61,90555,,90555,,,222,94.87179,,234
สตูล,2,4,นางสาวสายพิณ ณ พัทลุง,เพื่อไทย,3272,3.61,90555,,90555,,,222,94.87179,,234
สตูล,2,5,นายอนุสรณ์ ชายเหตุ,รวมไทยสร้างชาติ,1388,1.53,90555,,90555,,,222,94.87179,,234
สตูล,2,6,นายณรงค์ องสารา,ไทยก้าวใหม่,1020,1.13,90555,,90555,,,222,94.87179,,234
สตูล,2,7,นายสุชาติ ใบมะหาด,กล้าธรรม,917,1.01,90555,,90555,,,222,94.87179,,234
สมุทรปราการ,1,1,นางสาวพนิดา มงคลสวัสดิ์,ประชาชน,43463,49.46,87879,,87879,,,197,94.71154,,208
สมุทรปราการ,1,2,นายอัครวัฒน์ อัศวเหม,เพื่อไทย,24150,27.48,87879,,87879,,,197,94.71154,,208
สมุทรปราการ,1,3,นางสาวแพรวพรรณ พุกพิบูลย์,ภูมิใจไทย,12409,14.12,87879,,87879,,,197,94.71154,,208
สมุทรปราการ,1,4,นายราเชน ศิริวงค์นาค,ประชาธิปัตย์,3159,3.59,87879,,87879,,,197,94.71154,,208
สมุทรปราการ,1,5,นางธนาวรรณ รุ่งเรือง,เศรษฐกิจ,2066,2.35,87879,,87879,,,197,94.71154,,208
สมุทรปราการ,1,6,นายสมลัษณ์ ควรสงวน,พลังประชารัฐ,1065,1.21,87879,,87879,,,197,94.71154,,208
สมุทรปราการ,1,7,นายจาตุรันต์ บุญเบ็ญจรัตน์,กล้าธรรม,805,0.92,87879,,87879,,,197,94.71154,,208
สมุทรปราการ,1,8,นางสาววชิราภรณ์ สุระหิรัญพล,ปวงชนไทย,762,0.87,87879,,87879,,,197,94.71154,,208
สมุทรปราการ,2,1,นางสาวรัชนก สุขประเสริฐ,ประชาชน,40979,45.97,89135,,89135,,,190,94.52736,,201
สมุทรปราการ,2,2,นายยงยุทธ สุวรรณบุตร,เพื่อไทย,29448,33.04,89135,,89135,,,190,94.52736,,201
สมุทรปราการ,2,3,นายนกเขา ท้วมกลัด,ภูมิใจไทย,7905,8.87,89135,,89135,,,190,94.52736,,201
สมุทรปราการ,2,4,นายดุสิต พันธุ์เสือ,ประชาธิปัตย์,2957,3.32,89135,,89135,,,190,94.52736,,201
สมุทรปราการ,2,5,นางสาวสรัณณรัตน์ ศุภอัครโภคิน,รวมไทยสร้างชาติ,2506,2.81,89135,,89135,,,190,94.52736,,201
สมุทรปราการ,2,6,ร้อยตำรวจเอกเธียรสิน จิตพงค์ศรี,เศรษฐกิจ,2135,2.4,89135,,89135,,,190,94.52736,,201
สมุทรปราการ,2,7,นายนภา วันดี,แรงงานสร้างชาติ,793,0.89,89135,,89135,,,190,94.52736,,201
สมุทรปราการ,2,8,นายมานิตย์ พรหมการีย์กุล,ปวงชนไทย,730,0.82,89135,,89135,,,190,94.52736,,201
สมุทรปราการ,2,9,นายธนชาติ ยังประภากร,พลังประชารัฐ,668,0.75,89135,,89135,,,190,94.52736,,201
สมุทรปราการ,2,10,นายณัฐพงษ์ โพธิ์เดช,กล้าธรรม,559,0.63,89135,,89135,,,190,94.52736,,201
สมุทรปราการ,2,11,นายกำพล สังขวดี,ไทยก้าวใหม่,455,0.51,89135,,89135,,,190,94.52736,,201
สมุทรปราการ,3,1,นายพิชัย แจ้งจรรยาวงศ์,ประชาชน,45335,51.23,88488,,88488,,,200,94.78673,,211
สมุทรปราการ,3,2,นางสาวสรชา วีรชาติวัฒนา,ประชาธิปัตย์,13276,15.0,88488,,88488,,,200,94.78673,,211
สมุทรปราการ,3,3,นางอภัสนันท์ ภัคนราธนเศรษฐ์,ภูมิใจไทย,11651,13.17,88488,,88488,,,200,94.78673,,211
สมุทรปราการ,3,4,นายภิญโญ กิจเลิศไพโรจน์,เพื่อไทย,11151,12.6,88488,,88488,,,200,94.78673,,211
สมุทรปราการ,3,5,นายประเสริฐ ชัยกิจเด่นนภาลัย,กล้าธรรม,1755,1.98,88488,,88488,,,200,94.78673,,211
สมุทรปราการ,3,6,นายนัฏทีธร จักรแก้ว,เศรษฐกิจ,1565,1.77,88488,,88488,,,200,94.78673,,211
สมุทรปราการ,3,7,นายชิตพล เชี่ยวอุดมทรัพย์,พลังประชารัฐ,1328,1.5,88488,,88488,,,200,94.78673,,211
สมุทรปราการ,3,8,นางสาวเปมิกา หงส์อาจ,ไทยภักดี,870,0.98,88488,,88488,,,200,94.78673,,211
สมุทรปราการ,3,9,นายธนพัต ธนัตเจริญ,แรงงานสร้างชาติ,849,0.96,88488,,88488,,,200,94.78673,,211
สมุทรปราการ,3,10,ว่าที่ร้อยตรีธเนศ พุ่มโพธิ์,ปวงชนไทย,708,0.8,88488,,88488,,,200,94.78673,,211
สมุทรปราการ,4,1,นายชนสิษฎ์ ยอดฉิม,ประชาชน,48876,52.77,92620,,92620,,,170,94.97207,,179
สมุทรปราการ,4,2,นายกรวัฒน์ หันประดิษฐ์,เพื่อไทย,15476,16.71,92620,,92620,,,170,94.97207,,179
สมุทรปราการ,4,3,นางสาวพิมพ์พรรณ พึ่งบุญ,ภูมิใจไทย,15300,16.52,92620,,92620,,,170,94.97207,,179
สมุทรปราการ,4,4,นายภูมเรศ จุลโสด,ประชาธิปัตย์,5904,6.37,92620,,92620,,,170,94.97207,,179
สมุทรปราการ,4,5,นายธนากร ผดาศรี,โอกาสใหม่,1977,2.13,92620,,92620,,,170,94.97207,,179
สมุทรปราการ,4,6,นายปรัชญา สมบูรณ์,รวมไทยสร้างชาติ,1717,1.85,92620,,92620,,,170,94.97207,,179
สมุทรปราการ,4,7,นางเบญจวรรณ์ จารุเพ็ญพูนผล,พลังประชารัฐ,1102,1.19,92620,,92620,,,170,94.97207,,179
สมุทรปราการ,4,8,นายฐาพล ณ น่าน,ไทยก้าวใหม่,706,0.76,92620,,92620,,,170,94.97207,,179
สมุทรปราการ,4,9,นายอดุลย์ สุนทราวงศ์,กล้าธรรม,686,0.74,92620,,92620,,,170,94.97207,,179
สมุทรปราการ,4,10,นายอภิชิต เสมศรี,ทางเลือกใหม่,461,0.5,92620,,92620,,,170,94.97207,,179
สมุทรปราการ,4,11,นายไพรัตน์ สำเภาทอง,ปวงชนไทย,415,0.45,92620,,92620,,,170,94.97207,,179
สมุทรปราการ,5,1,นางสาวนิตยา มีศรี,ประชาชน,57198,57.06,100245,,100245,,,218,94.78261,,230
สมุทรปราการ,5,2,นางยุคลฉัตร หลำวรรณะ,ภูมิใจไทย,15146,15.11,100245,,100245,,,218,94.78261,,230
สมุทรปราการ,5,3,นายปิยะพงศ์ เหมะ,เพื่อไทย,12323,12.29,100245,,100245,,,218,94.78261,,230
สมุทรปราการ,5,4,นายธวัชชัย ทรงพัฒนาศิลป์,ประชาธิปัตย์,4717,4.71,100245,,100245,,,218,94.78261,,230
สมุทรปราการ,5,5,นางสาวธนภรณ์ บุญประเสริฐ,พลังประชารัฐ,2410,2.4,100245,,100245,,,218,94.78261,,230
สมุทรปราการ,5,6,นายวาสนา แต้มพูดชา,รวมไทยสร้างชาติ,2237,2.23,100245,,100245,,,218,94.78261,,230
สมุทรปราการ,5,7,นายชวกร อุบลรัตน์,ไทยก้าวใหม่,1789,1.78,100245,,100245,,,218,94.78261,,230
สมุทรปราการ,5,8,นายมาโนช นุชนา,เสรีรวมไทย,1342,1.34,100245,,100245,,,218,94.78261,,230
สมุทรปราการ,5,9,นางสาวรังรอง เข็มทอง,โอกาสใหม่,1306,1.3,100245,,100245,,,218,94.78261,,230
สมุทรปราการ,5,10,นายสงกรานต์ แสงสุข,ปวงชนไทย,981,0.98,100245,,100245,,,218,94.78261,,230
สมุทรปราการ,5,11,นายชัยณรงค์ ชยานุคุณลิขิต,กล้าธรรม,796,0.79,100245,,100245,,,218,94.78261,,230
สมุทรปราการ,6,1,นายฐาปกรณ์ กุลเจริญ,ภูมิใจไทย,35571,42.09,84514,,84514,,,247,94.63602,,261
สมุทรปราการ,6,2,นายวีรภัทร คันธะ,ประชาชน,33018,39.07,84514,,84514,,,247,94.63602,,261
สมุทรปราการ,6,3,นางนฤมล ธารดำรงค์,เพื่อไทย,8020,9.49,84514,,84514,,,247,94.63602,,261
สมุทรปราการ,6,4,นายอุทัย เสน่หา,ประชาธิปัตย์,2246,2.66,84514,,84514,,,247,94.63602,,261
สมุทรปราการ,6,5,นายชนาวีร์ ชีววัฒนรัตน์,รวมไทยสร้างชาติ,1932,2.29,84514,,84514,,,247,94.63602,,261
สมุทรปราการ,6,6,นายกิตติศักดิ์ ศีลภูษิต,ปวงชนไทย,1289,1.53,84514,,84514,,,247,94.63602,,261
สมุทรปราการ,6,7,นายธนัชชวิน โกพัฒน์ตา,พลังประชารัฐ,889,1.05,84514,,84514,,,247,94.63602,,261
สมุทรปราการ,6,8,นายบุญธรรม มุกดาสนิท,เสรีรวมไทย,707,0.84,84514,,84514,,,247,94.63602,,261
สมุทรปราการ,6,9,นายณัฐกานต์ อภิสิทธิ์วัฒนกุล,ไทยก้าวใหม่,556,0.66,84514,,84514,,,247,94.63602,,261
สมุทรปราการ,6,10,นายศิววุฒิ ศรีอินทร์จันทร์,กล้าธรรม,286,0.34,84514,,84514,,,247,94.63602,,261
สมุทรปราการ,7,1,นายบุญเลิศ แสงพันธุ์,ประชาชน,46394,47.49,97691,,97691,,,217,94.75983,,229
สมุทรปราการ,7,2,นางสาวไพลิน เทียนสุวรรณ,ภูมิใจไทย,28922,29.61,97691,,97691,,,217,94.75983,,229
สมุทรปราการ,7,3,นายประชา ประสพดี,เพื่อไทย,15568,15.94,97691,,97691,,,217,94.75983,,229
สมุทรปราการ,7,4,นายอลงกต สงพัฒน์แก้ว,เศรษฐกิจ,2645,2.71,97691,,97691,,,217,94.75983,,229
สมุทรปราการ,7,5,นายธนกฤต ณ นคร,ประชาธิปัตย์,1780,1.82,97691,,97691,,,217,94.75983,,229
สมุทรปราการ,7,6,นายณัฐพล ช่อสกุล,กล้าธรรม,796,0.81,97691,,97691,,,217,94.75983,,229
สมุทรปราการ,7,7,นายชยพล พอเพียงนฤกุล,พลังประชารัฐ,714,0.73,97691,,97691,,,217,94.75983,,229
สมุทรปราการ,7,8,นายเสรี มะลิแย้ม,ไทยก้าวใหม่,495,0.51,97691,,97691,,,217,94.75983,,229
สมุทรปราการ,7,9,นายธานัท บัวศรีคำ,ปวงชนไทย,377,0.39,97691,,97691,,,217,94.75983,,229
สมุทรปราการ,8,1,นายเทพฤทธิ์ ภาษี,ประชาชน,40230,39.04,103041,,103041,,,239,94.84127,,252
สมุทรปราการ,8,2,นางสลิลทิพย์ สุขวัฒน์,เพื่อไทย,27991,27.16,103041,,103041,,,239,94.84127,,252
สมุทรปราการ,8,3,นายกรุงศรีวิไล สุทินเผือก,กล้าธรรม,16768,16.27,103041,,103041,,,239,94.84127,,252
สมุทรปราการ,8,4,นายวิบูลย์ชัย ขาวทองบริสุทธิ์,ภูมิใจไทย,7684,7.46,103041,,103041,,,239,94.84127,,252
สมุทรปราการ,8,5,นายทนงศักดิ์ ปิ่นถาวร,ประชาธิปัตย์,3068,2.98,103041,,103041,,,239,94.84127,,252
สมุทรปราการ,8,6,ร้อยตำรวจเอกชวลิต ทองเพียร,เศรษฐกิจ,2464,2.39,103041,,103041,,,239,94.84127,,252
สมุทรปราการ,8,7,นางประนอม แซ่ลี้,พลังประชารัฐ,2271,2.2,103041,,103041,,,239,94.84127,,252
สมุทรปราการ,8,8,นายพีรวิชย์ วงศ์วิชญะ,ไทยก้าวใหม่,1118,1.09,103041,,103041,,,239,94.84127,,252
สมุทรปราการ,8,9,นายอภิศักดิ์ แก้วหาญ,แรงงานสร้างไทย,765,0.74,103041,,103041,,,239,94.84127,,252
สมุทรปราการ,8,10,นายหัสวรรษ เผือกบางนา,ปวงชนไทย,682,0.66,103041,,103041,,,239,94.84127,,252
สมุทรสงคราม,1,1,นายอานุภาพ ลิขิตอำนวยชัย,ประชาชน,39492,38.74,101938,,101938,,,254,94.77612,,268
สมุทรสงคราม,1,2,นายจิระ แก้วมณี,กล้าธรรม,28382,27.84,101938,,101938,,,254,94.77612,,268
สมุทรสงคราม,1,3,นายเศรษฐ์สิริ ลักขณาอุดมเลิศ,ประชาธิปัตย์,13741,13.48,101938,,101938,,,254,94.77612,,268
สมุทรสงคราม,1,4,นายธนธัส ขุนนุช,เพื่อไทย,12747,12.5,101938,,101938,,,254,94.77612,,268
สมุทรสงคราม,1,5,นายวิชา ประจักษ์จิตร์,ภูมิใจไทย,6657,6.53,101938,,101938,,,254,94.77612,,268
สมุทรสงคราม,1,6,นางสาวอรพิน หอมการะเกษ,ไทยทรัพย์ทวี,919,0.9,101938,,101938,,,254,94.77612,,268
สมุทรสาคร,1,1,นายณัฐพงษ์ สุมโนธรรม,ประชาชน,32553,40.2,80970,,80970,,,162,94.73684,,171
สมุทรสาคร,1,2,นายภัคเมศฐ์ ธีระศิลาเวทย์,ประชาธิปัตย์,23066,28.49,80970,,80970,,,162,94.73684,,171
สมุทรสาคร,1,3,นายธนชิต ทัศนีย์ไตรเทพ,ภูมิใจไทย,11469,14.16,80970,,80970,,,162,94.73684,,171
สมุทรสาคร,1,4,นายอุดม กันม่วง,เพื่อไทย,6922,8.55,80970,,80970,,,162,94.73684,,171
สมุทรสาคร,1,5,นางสาวณมาณิตา กลับบ้านเกาะ,กล้าธรรม,2440,3.01,80970,,80970,,,162,94.73684,,171
สมุทรสาคร,1,6,นายสมนึก เตชมหามงคล,เศรษฐกิจ,1594,1.97,80970,,80970,,,162,94.73684,,171
สมุทรสาคร,1,7,นายโกศล ตาลทอง,รวมไทยสร้างชาติ,1008,1.24,80970,,80970,,,162,94.73684,,171
สมุทรสาคร,1,8,นางสาวอรธิยา สวัสดี,พลังประชารัฐ,967,1.19,80970,,80970,,,162,94.73684,,171
สมุทรสาคร,1,9,นายยุทธศิลป์ มณีไพโรจน์,ไทยสร้างไทย,951,1.17,80970,,80970,,,162,94.73684,,171
สมุทรสาคร,2,1,นายอนุสรณ์ ไกรวัตนุสสรณ์,ภูมิใจไทย,34749,44.52,78050,,78050,,,154,94.47853,,163
สมุทรสาคร,2,2,นายศิรสิทธิ์ สงนุ้ย,ประชาชน,29373,37.63,78050,,78050,,,154,94.47853,,163
สมุทรสาคร,2,3,นางสาวริญญภัสร์ สิริตุลยพงศ์,เพื่อไทย,5084,6.51,78050,,78050,,,154,94.47853,,163
สมุทรสาคร,2,4,นางสาวกัญญาพัชร ณัฐสุรางค์,ประชาธิปัตย์,2395,3.07,78050,,78050,,,154,94.47853,,163
สมุทรสาคร,2,5,นายกันต์กวี ทับสุวรรณ,กล้าธรรม,2364,3.03,78050,,78050,,,154,94.47853,,163
สมุทรสาคร,2,6,ว่าที่ร้อยตรี ณรงค์ฤทธิ์ ปักเข็ม,เศรษฐกิจ,1978,2.53,78050,,78050,,,154,94.47853,,163
สมุทรสาคร,2,7,นายทองคำ หลงเปลี่ยว,ไทยสร้างไทย,1821,2.33,78050,,78050,,,154,94.47853,,163
สมุทรสาคร,2,8,นายสนธิญา สวัสดี,พลังประชารัฐ,286,0.37,78050,,78050,,,154,94.47853,,163
สมุทรสาคร,3,1,นายศิริโรจน์ ธนิกกุล,ประชาชน,30787,41.21,74704,,74704,,,130,94.89051,,137
สมุทรสาคร,3,2,นายบุญมี นิลถนอม,กล้าธรรม,26064,34.89,74704,,74704,,,130,94.89051,,137
สมุทรสาคร,3,3,นายธนวัฒน์ ทองโต,ภูมิใจไทย,7342,9.83,74704,,74704,,,130,94.89051,,137
สมุทรสาคร,3,4,นายพลภวัฒน์ ชำนาญวาด,เพื่อไทย,6123,8.2,74704,,74704,,,130,94.89051,,137
สมุทรสาคร,3,5,นางสาวแพญาริณธ์ เจียอัครเตชานน,ประชาธิปัตย์,2839,3.8,74704,,74704,,,130,94.89051,,137
สมุทรสาคร,3,6,นายวีร์ธนากฤต โพธิ์สุวรรณ,เศรษฐกิจ,1549,2.07,74704,,74704,,,130,94.89051,,137
สมุทรสาคร,4,1,นายปัญญา ซวนบุญ,ภูมิใจไทย,42758,54.59,78327,,78327,,,192,94.58128,,203
สมุทรสาคร,4,2,นายอานนท์ งามดอกไม้,ประชาชน,22826,29.14,78327,,78327,,,192,94.58128,,203
สมุทรสาคร,4,3,นายประยงค์ นอบน้อม,เพื่อไทย,4776,6.1,78327,,78327,,,192,94.58128,,203
สมุทรสาคร,4,4,นางสาวณตฤณ สุริวงษ์,กล้าธรรม,2709,3.46,78327,,78327,,,192,94.58128,,203
สมุทรสาคร,4,5,นายอภินันท์ หวันประวัติ,ประชาธิปัตย์,1745,2.23,78327,,78327,,,192,94.58128,,203
สมุทรสาคร,4,6,ว่าที่ ร.อ.สุประเสริฐ ชาวบ้านเกาะ,พรรคเศรษฐกิจ,1330,1.7,78327,,78327,,,192,94.58128,,203
สมุทรสาคร,4,7,นายอเนก กุลกรรณ์,ไทยสร้างไทย,655,0.84,78327,,78327,,,192,94.58128,,203
สมุทรสาคร,4,8,นายศรายุทธ ศรีนิเวศน์,พลังประชารัฐ,642,0.82,78327,,78327,,,192,94.58128,,203
สมุทรสาคร,4,9,นายณัฐภัทร์ จุลสวัสดิ์,โอกาสใหม่,543,0.69,78327,,78327,,,192,94.58128,,203
สมุทรสาคร,4,10,นายวัลลภ แป้นทอง,ไทยทรัพย์ทวี,343,0.44,78327,,78327,,,192,94.58128,,203
สระบุรี,1,1,นายขุนทอง แสนวิเศษ,ภูมิใจไทย,31958,36.29,88053,,88053,,,207,94.95413,,218
สระบุรี,1,2,นายสรพัช ศรีปราชญ์,ประชาชน,31087,35.3,88053,,88053,,,207,94.95413,,218
สระบุรี,1,3,นายทวีจิตร พัฒน์ชนะ,เพื่อไทย,14572,16.55,88053,,88053,,,207,94.95413,,218
สระบุรี,1,4,นายศรีวรพงษ์ ฤๅชา,เศรษฐกิจ,2942,3.34,88053,,88053,,,207,94.95413,,218
สระบุรี,1,5,นายกฤช ธนธรรมเจริญ,ประชาธิปัตย์,2737,3.11,88053,,88053,,,207,94.95413,,218
สระบุรี,1,6,นายวิทูลย์ แก้วสุวรรณ,ไทยก้าวใหม่,1423,1.62,88053,,88053,,,207,94.95413,,218
สระบุรี,1,7,นายวิเนตร จานพิมพ์,รวมไทยสร้างชาติ,1156,1.31,88053,,88053,,,207,94.95413,,218
สระบุรี,1,8,นายสมพล ปิดกวงษ์,กล้าธรรม,1106,1.26,88053,,88053,,,207,94.95413,,218
สระบุรี,1,9,นายบุญมี สรรพคุณ,พลังประชารัฐ,1072,1.22,88053,,88053,,,207,94.95413,,218
สระบุรี,2,1,นายอรรถพล วงษ์ประยูร,ภูมิใจไทย,37225,37.55,99146,,99146,,,231,94.67213,,244
สระบุรี,2,2,นายสมบัติ อำนาคะ,เพื่อไทย,27805,28.04,99146,,99146,,,231,94.67213,,244
สระบุรี,2,3,นายจิโรจ เวชชลานนท์,ประชาชน,25187,25.4,99146,,99146,,,231,94.67213,,244
สระบุรี,2,4,พล.ต.ต.ศุภากรณ์ จันทาบุตร,ไทยก้าวใหม่,3291,3.32,99146,,99146,,,231,94.67213,,244
สระบุรี,2,5,นายกฤษณุชัย บุญทรัพย์ทวีชัย,เศรษฐกิจ,1836,1.85,99146,,99146,,,231,94.67213,,244
สระบุรี,2,6,นายทรงวุฒิ สารจันทึก,รวมไทยสร้างชาติ,1782,1.8,99146,,99146,,,231,94.67213,,244
สระบุรี,2,7,นายธงชัย กอบเกื้อชัยพงษ์,ประชาธิปัตย์,1094,1.1,99146,,99146,,,231,94.67213,,244
สระบุรี,2,8,นายสุเทพ สีมาลา,ปวงชนไทย,926,0.93,99146,,99146,,,231,94.67213,,244
สระบุรี,3,1,นายวัชรพงศ์ คูวิจิตรสุวรรณ,ภูมิใจไทย,53967,59.01,91451,,91451,,,197,94.71154,,208
สระบุรี,3,2,นายอรรถสิทธิ์ มหิทธิ,ประชาชน,28831,31.53,91451,,91451,,,197,94.71154,,208
สระบุรี,3,3,นางสาวสิริพัชระ จึงธีรพานิช,เพื่อไทย,4647,5.08,91451,,91451,,,197,94.71154,,208
สระบุรี,3,4,นายณัฐพล ศรีบุญจันทร์,รวมไทยสร้างชาติ,1247,1.36,91451,,91451,,,197,94.71154,,208
สระบุรี,3,5,นายธนะชัย จรานุพันธ์,ประชาธิปัตย์,1230,1.34,91451,,91451,,,197,94.71154,,208
สระบุรี,3,6,นายสอน สุริยันต์,ปวงชนไทย,643,0.7,91451,,91451,,,197,94.71154,,208
สระบุรี,3,7,นายกฤษดา อินทร์พาเพียร,กล้าธรรม,515,0.56,91451,,91451,,,197,94.71154,,208
สระบุรี,3,8,นายวัชรพล รวมพล,ประชากรไทย,371,0.41,91451,,91451,,,197,94.71154,,208
สระบุรี,4,1,นายองอาจ วงษ์ประยูร,กล้าธรรม,48159,53.47,90067,,90067,,,222,94.87179,,234
สระบุรี,4,2,นายพิธาน ทรงกัมพล,ประชาชน,28119,31.22,90067,,90067,,,222,94.87179,,234
สระบุรี,4,3,นางสาวปิยธิดา เอี่ยมสุวรรณ์,ภูมิใจไทย,5163,5.73,90067,,90067,,,222,94.87179,,234
สระบุรี,4,4,นายเจษฎา น้ำทรง,เพื่อไทย,3452,3.83,90067,,90067,,,222,94.87179,,234
สระบุรี,4,5,นายสมบูรณ์ มีนาค,ประชาธิปัตย์,2402,2.67,90067,,90067,,,222,94.87179,,234
สระบุรี,4,6,นายเฉลิมเกียรติ ครูประเสริฐ,เศรษฐกิจ,1950,2.17,90067,,90067,,,222,94.87179,,234
สระบุรี,4,7,นายวสันต์ ศรีสอาด,ไทยก้าวใหม่,822,0.91,90067,,90067,,,222,94.87179,,234
สระแก้ว,1,1,นายบดี เทียนทอง,พลังประชารัฐ,56083,62.58,89613,,89613,,,276,94.84536,,291
สระแก้ว,1,2,พันตำรวจเอก เอกอนันต์ หูแก้ว,ประชาชน,19172,21.39,89613,,89613,,,276,94.84536,,291
สระแก้ว,1,3,นายชาญ สุคนธ์,ไทยก้าวใหม่,2999,3.35,89613,,89613,,,276,94.84536,,291
สระแก้ว,1,4,นายจำเนียร ผดุงฉัตร,ภูมิใจไทย,2751,3.07,89613,,89613,,,276,94.84536,,291
สระแก้ว,1,5,นายอภิวัฒน์ จันแปรน,ประชาธิปัตย์,2661,2.97,89613,,89613,,,276,94.84536,,291
สระแก้ว,1,6,นางขวัญแก้ว เอี่ยมศิลป์,เพื่อไทย,2510,2.8,89613,,89613,,,276,94.84536,,291
สระแก้ว,1,7,นายพิชิตชัย พาชาติ,เศรษฐกิจ,2489,2.78,89613,,89613,,,276,94.84536,,291
สระแก้ว,1,8,นายวานิช ลูกเงาะ,กล้าธรรม,731,0.82,89613,,89613,,,276,94.84536,,291
สระแก้ว,1,9,นางสาวบุญญภา ผูกธรรม,ประชาธิปไตยใหม่,217,0.24,89613,,89613,,,276,94.84536,,291
สระแก้ว,2,1,นางสาวตรีนุช เทียนทอง,พลังประชารัฐ,60370,67.56,89351,,89351,,,290,94.77124,,306
สระแก้ว,2,2,นายยุทธชัย รำไพวรรณ์,ประชาชน,17343,19.41,89351,,89351,,,290,94.77124,,306
สระแก้ว,2,3,นายศิริพงศ์ ทวีวงศ์,เศรษฐกิจ,3362,3.76,89351,,89351,,,290,94.77124,,306
สระแก้ว,2,4,พันตำรวจโท ยุทธพงศ์ ตัณฑิกุล,เพื่อไทย,2986,3.34,89351,,89351,,,290,94.77124,,306
สระแก้ว,2,5,นางสาวอัคลีมา คลังเพชร,ประชาธิปัตย์,1835,2.05,89351,,89351,,,290,94.77124,,306
สระแก้ว,2,6,นายยงยุทธ คมคาย,ภูมิใจไทย,1823,2.04,89351,,89351,,,290,94.77124,,306
สระแก้ว,2,7,นายเกียรติศักดิ์ สุดแดน,ไทยก้าวใหม่,647,0.72,89351,,89351,,,290,94.77124,,306
สระแก้ว,2,8,นางสาวศิราณี หมื่นจิตร,กล้าธรรม,533,0.6,89351,,89351,,,290,94.77124,,306
สระแก้ว,2,9,นางสาวกิติชา วงษ์มั่น,ประชาธิปไตยใหม่,452,0.51,89351,,89351,,,290,94.77124,,306
สระแก้ว,3,1,นายสุรศักดิ์ ชิงนวรรณ์,กล้าธรรม,38812,41.79,101937,,92868,5224,3845,288,94.73684,,304
สระแก้ว,3,2,นายสรวงศ์ เทียนทอง,เพื่อไทย,32848,35.37,101937,,92868,5224,3845,288,94.73684,,304
สระแก้ว,3,3,พันตำรวจเอก ศตพัฒน์ พิมพ์คำ,ประชาชน,13842,14.91,101937,,92868,5224,3845,288,94.73684,,304
สระแก้ว,3,4,นายศรีศักดิ์ ศูนย์โศรก,เศรษฐกิจ,2378,2.56,101937,,92868,5224,3845,288,94.73684,,304
สระแก้ว,3,5,นายประสิทธิ์ แก้วประสิทธิ์,ภูมิใจไทย,2324,2.5,101937,,92868,5224,3845,288,94.73684,,304
สระแก้ว,3,6,นายพรพล เอกอรรถพร,ประชาธิปัตย์,1937,2.09,101937,,92868,5224,3845,288,94.73684,,304
สระแก้ว,3,7,นางสาวนงรัตน์ จันทะมา,ไทยก้าวใหม่,484,0.52,101937,,92868,5224,3845,288,94.73684,,304
สระแก้ว,3,8,นายพูลศักดิ์ เย็นประสพ,ประชาธิปไตยใหม่,243,0.26,101937,,92868,5224,3845,288,94.73684,,304
สิงห์บุรี,1,1,นายโชติวุฒิ ธนาคมานุสรณ์,ภูมิใจไทย,65555,57.15,114708,,114708,,,316,94.89489,,333
สิงห์บุรี,1,2,นายธีรเศรษฐ พัฒน์วราพงษ์,ประชาชน,31864,27.78,114708,,114708,,,316,94.89489,,333
สิงห์บุรี,1,3,นายนัฐยุทธ ภู่สุวรรณ,เพื่อไทย,13763,12.0,114708,,114708,,,316,94.89489,,333
สิงห์บุรี,1,4,นายวันเฉลิม แสงสว่าง,ประชาธิปัตย์,1523,1.33,114708,,114708,,,316,94.89489,,333
สิงห์บุรี,1,5,นายสุรสาล ผาสุข,พลังประชารัฐ,1037,0.9,114708,,114708,,,316,94.89489,,333
สิงห์บุรี,1,6,นายสิทธิชัย ผู้พัฒน์,กล้าธรรม,966,0.84,114708,,114708,,,316,94.89489,,333
สุพรรณบุรี,1,1,นายสรชัด สุจิตต์,ภูมิใจไทย,63205,66.79,94634,,94634,,,221,94.84979,,233
สุพรรณบุรี,1,2,นายสมเกียรติ เสรีวิพุธ,ประชาชน,23503,24.84,94634,,94634,,,221,94.84979,,233
สุพรรณบุรี,1,3,นายประยูร อินสกุล,เพื่อไทย,4083,4.31,94634,,94634,,,221,94.84979,,233
สุพรรณบุรี,1,4,นางสาวพิรุณวัลย์ บ้านพลูหลวง,ประชาธิปัตย์,1175,1.24,94634,,94634,,,221,94.84979,,233
สุพรรณบุรี,1,5,นายบุญชู จันทร์สุวรรณ,กล้าธรรม,800,0.85,94634,,94634,,,221,94.84979,,233
สุพรรณบุรี,1,6,นางสาวสุรภี สถิตสวรรยา,พลวัต,511,0.54,94634,,94634,,,221,94.84979,,233
สุพรรณบุรี,1,7,นายอัฒพล สถิตสวรรยา,ไทยภักดี,485,0.51,94634,,94634,,,221,94.84979,,233
สุพรรณบุรี,1,8,ดาบตำรวจชูชาติ สุขสวัสดิ์,ไทยสร้างไทย,484,0.51,94634,,94634,,,221,94.84979,,233
สุพรรณบุรี,1,9,นายศุภกิจ กลิ่นหอม,พลังประชารัฐ,388,0.41,94634,,94634,,,221,94.84979,,233
สุพรรณบุรี,2,1,นายณัฐวุฒิ ประเสริฐสุวรรณ,ภูมิใจไทย,45546,53.89,84520,,84520,,,236,94.77912,,249
สุพรรณบุรี,2,2,นางสาวนุศรา ศรีสังข์งาม,ประชาชน,23117,27.35,84520,,84520,,,236,94.77912,,249
สุพรรณบุรี,2,3,นายพงศ์พิชาญ ดามาพงศ์,กล้าธรรม,9018,10.67,84520,,84520,,,236,94.77912,,249
สุพรรณบุรี,2,4,นายชัยพร สีถัน,เพื่อไทย,4049,4.79,84520,,84520,,,236,94.77912,,249
สุพรรณบุรี,2,5,นายสัมพันธ์ ศรีสังข์งาม,เศรษฐกิจ,1143,1.35,84520,,84520,,,236,94.77912,,249
สุพรรณบุรี,2,6,นายกฤศ ทรัพย์ประเสริฐ,ประชาธิปัตย์,1008,1.19,84520,,84520,,,236,94.77912,,249
สุพรรณบุรี,2,7,นางสาวนภัสศรัณย์ ชัชวาลานนท์,พลวัต,639,0.76,84520,,84520,,,236,94.77912,,249
สุพรรณบุรี,3,1,นายณัฐชาติ วงศ์ประเสริฐ,กล้าธรรม,47179,46.5,101452,,101452,,,248,94.65649,,262
สุพรรณบุรี,3,2,นายนพดล มาตรศรี,ภูมิใจไทย,39798,39.23,101452,,101452,,,248,94.65649,,262
สุพรรณบุรี,3,3,พันตำรวจเอก มงคล สุนทรวิภาต,ประชาชน,11979,11.81,101452,,101452,,,248,94.65649,,262
สุพรรณบุรี,3,4,นางสาวกุลธิดา เหมาเพชรอนันเมฆ,เพื่อไทย,1474,1.45,101452,,101452,,,248,94.65649,,262
สุพรรณบุรี,3,5,นางสาวชัญษร สังข์วรรณะ,ประชาธิปัตย์,756,0.75,101452,,101452,,,248,94.65649,,262
สุพรรณบุรี,3,6,นายจาภัส พรมมา,พลวัต,266,0.26,101452,,101452,,,248,94.65649,,262
สุพรรณบุรี,4,1,นายเสมอกัน เที่ยงธรรม,ภูมิใจไทย,58049,63.79,90996,,90996,,,269,94.71831,,284
สุพรรณบุรี,4,2,นายภิญโญ สุนทรวิภาต,ประชาชน,18972,20.85,90996,,90996,,,269,94.71831,,284
สุพรรณบุรี,4,3,นางสาววิรธิดา โกยชัย,เพื่อไทย,5311,5.84,90996,,90996,,,269,94.71831,,284
สุพรรณบุรี,4,4,นายยุทธนา โพธสุธน,กล้าธรรม,2547,2.8,90996,,90996,,,269,94.71831,,284
สุพรรณบุรี,4,5,นายวัฒนา ยั่งยืน,โอกาสใหม่,1659,1.82,90996,,90996,,,269,94.71831,,284
สุพรรณบุรี,4,6,นายสหรัฐ กุลศรี,พลังประชารัฐ,1648,1.81,90996,,90996,,,269,94.71831,,284
สุพรรณบุรี,4,7,ว่าที่ร้อยตำรวจโท ชินทัต อุบลแย้ม,ประชาธิปัตย์,1556,1.71,90996,,90996,,,269,94.71831,,284
สุพรรณบุรี,4,8,นายศรัณย์กร โชติวิชญทรรศน์,เศรษฐกิจ,1254,1.38,90996,,90996,,,269,94.71831,,284
สุพรรณบุรี,5,1,นายประภัตร โพธสุธน,ภูมิใจไทย,60036,60.93,98539,,98539,,,246,94.98069,,259
สุพรรณบุรี,5,2,นายสมเกียรติ กู้เกียรติภูมิ,ประชาชน,24816,25.18,98539,,98539,,,246,94.98069,,259
สุพรรณบุรี,5,3,นายภานรินทร์ อินสกุล,เพื่อไทย,10849,11.01,98539,,98539,,,246,94.98069,,259
สุพรรณบุรี,5,4,นายสมศักดิ์ เฟื่องฟูลอย,ประชาธิปัตย์,1103,1.12,98539,,98539,,,246,94.98069,,259
สุพรรณบุรี,5,5,นางพัสพร แก้วเขียว,ไทยสร้างไทย,976,0.99,98539,,98539,,,246,94.98069,,259
สุพรรณบุรี,5,6,นางสาวนุชวรา ยังนึก,พลวัต,759,0.77,98539,,98539,,,246,94.98069,,259
สุราษฎร์ธานี,1,1,นางสาวกานสินี โอภาสรังสรรค์,ภูมิใจไทย,27647,36.25,76258,,76258,,,160,94.67456,,169
สุราษฎร์ธานี,1,2,นายรัฐภัทร์ พัฒนาศิริรักษ์,ประชาชน,23183,30.4,76258,,76258,,,160,94.67456,,169
สุราษฎร์ธานี,1,3,นายวัชระ เพชรทอง,ประชาธิปัตย์,18486,24.24,76258,,76258,,,160,94.67456,,169
สุราษฎร์ธานี,1,4,นายเธียรทัศน์ เอี่ยมตระกูล,พลังประชารัฐ,3539,4.64,76258,,76258,,,160,94.67456,,169
สุราษฎร์ธานี,1,5,นายกฤตภาส พรหมมากรณ์,เพื่อไทย,926,1.21,76258,,76258,,,160,94.67456,,169
สุราษฎร์ธานี,1,6,นายศิธา วงศ์วรพรรณ,เศรษฐกิจ,884,1.16,76258,,76258,,,160,94.67456,,169
สุราษฎร์ธานี,1,7,นายชาติพงศ์ กุลรัตน์,รวมไทยสร้างชาติ,817,1.07,76258,,76258,,,160,94.67456,,169
สุราษฎร์ธานี,1,8,นายนุกูล พูลสวัสดิ์,ไทยก้าวใหม่,564,0.74,76258,,76258,,,160,94.67456,,169
สุราษฎร์ธานี,1,9,นายวัชระ ไชยชำนิ,ทางเลือกใหม่,212,0.28,76258,,76258,,,160,94.67456,,169
สุราษฎร์ธานี,2,1,นายพิพิธ รัตนรักษ์,ภูมิใจไทย,27071,33.25,81419,,81419,,,203,94.85981,,214
สุราษฎร์ธานี,2,2,นายศักดิ์วิชญ์ แก้วมีศรี,ไทรวมพลัง,20059,24.64,81419,,81419,,,203,94.85981,,214
สุราษฎร์ธานี,2,3,นายโรจน์พิศาล อินทรักษ์,ประชาธิปัตย์,15126,18.58,81419,,81419,,,203,94.85981,,214
สุราษฎร์ธานี,2,4,นายวรินทร วิชัยดิษฐ,ประชาชน,12739,15.65,81419,,81419,,,203,94.85981,,214
สุราษฎร์ธานี,2,5,นายภูวิช เกลี้ยงมล,กล้าธรรม,3138,3.85,81419,,81419,,,203,94.85981,,214
สุราษฎร์ธานี,2,6,นายศาสตรา ชูศักดิ์,โอกาสใหม่,1695,2.08,81419,,81419,,,203,94.85981,,214
สุราษฎร์ธานี,2,7,นางสาวลีลาวัลย์ นุ้ยบุตร,เพื่อไทย,1012,1.24,81419,,81419,,,203,94.85981,,214
สุราษฎร์ธานี,2,8,นายภูรวิช บูลยะธนิน,รวมไทยสร้างชาติ,470,0.58,81419,,81419,,,203,94.85981,,214
สุราษฎร์ธานี,2,9,นายพงษ์ศักดิ์ กุลเมือง,ไทยก้าวใหม่,109,0.13,81419,,81419,,,203,94.85981,,214
สุราษฎร์ธานี,3,1,นางสาววชิราภรณ์ กาญจนะ,ไทรวมพลัง,39958,45.05,88689,,88689,,,216,94.73684,,228
สุราษฎร์ธานี,3,2,นายกฤษพณ หวานแก้ว,กล้าธรรม,24524,27.65,88689,,88689,,,216,94.73684,,228
สุราษฎร์ธานี,3,3,นายปิยะรัฐ จิรัตน์ฐิกุล,ประชาธิปัตย์,13684,15.43,88689,,88689,,,216,94.73684,,228
สุราษฎร์ธานี,3,4,นายสิทธิภร จันทบูรณ์,ประชาชน,8099,9.13,88689,,88689,,,216,94.73684,,228
สุราษฎร์ธานี,3,5,นายวัชรพล ประกายแก้วสกุล,ภูมิใจไทย,1469,1.66,88689,,88689,,,216,94.73684,,228
สุราษฎร์ธานี,3,6,นายสิทธิกร เกษมณี,เพื่อไทย,955,1.08,88689,,88689,,,216,94.73684,,228
สุราษฎร์ธานี,4,1,นายสมชาติ ประดิษฐพร,ประชาธิปัตย์,43384,45.94,94443,,94443,,,224,94.91525,,236
สุราษฎร์ธานี,4,2,นายพันธ์ศักดิ์ บุญแทน,ภูมิใจไทย,28117,29.77,94443,,94443,,,224,94.91525,,236
สุราษฎร์ธานี,4,3,นายนพดล บัวนา,ไทรวมพลัง,12672,13.42,94443,,94443,,,224,94.91525,,236
สุราษฎร์ธานี,4,4,นายนามบัญญัติ ย่องบุตร มะโรตระกูล,ประชาชน,8917,9.44,94443,,94443,,,224,94.91525,,236
สุราษฎร์ธานี,4,5,นายสุพจน์ บานเย็น,รวมไทยสร้างชาติ,608,0.64,94443,,94443,,,224,94.91525,,236
สุราษฎร์ธานี,4,6,นายสมพล สิงหพล,เพื่อไทย,537,0.57,94443,,94443,,,224,94.91525,,236
สุราษฎร์ธานี,4,7,นายสุทัศน์ อินทชาติ,พลังประชารัฐ,208,0.22,94443,,94443,,,224,94.91525,,236
สุราษฎร์ธานี,5,1,นายปรเมษฐ์ จินา,กล้าธรรม,30967,34.88,88782,,88782,,,213,94.66667,,225
สุราษฎร์ธานี,5,2,นางสาวฌาณิกา เมืองนอน,ไทรวมพลัง,27863,31.38,88782,,88782,,,213,94.66667,,225
สุราษฎร์ธานี,5,3,นายสุเมตตา ชัยสิทธิ์,ประชาธิปัตย์,18244,20.55,88782,,88782,,,213,94.66667,,225
สุราษฎร์ธานี,5,4,นายศิภาพัชร์ เทวางกูร,ประชาชน,8754,9.86,88782,,88782,,,213,94.66667,,225
สุราษฎร์ธานี,5,5,นายบรรจง จันทร์ช่วง,ภูมิใจไทย,1692,1.91,88782,,88782,,,213,94.66667,,225
สุราษฎร์ธานี,5,6,นายวิเชียร จันทร์บัว,เพื่อไทย,676,0.76,88782,,88782,,,213,94.66667,,225
สุราษฎร์ธานี,5,7,นายเรืองเดช เติมทอง,ไทยก้าวใหม่,475,0.54,88782,,88782,,,213,94.66667,,225
สุราษฎร์ธานี,5,8,นายธนโชติ ติณพันธุ์,พลังประชารัฐ,111,0.13,88782,,88782,,,213,94.66667,,225
สุราษฎร์ธานี,6,1,นายพิชัย ชมภูพล,ภูมิใจไทย,31707,32.31,98147,,98147,,,234,94.73684,,247
สุราษฎร์ธานี,6,2,นางสาวอนงค์นาถ จ่าแก้ว,กล้าธรรม,30432,31.01,98147,,98147,,,234,94.73684,,247
สุราษฎร์ธานี,6,3,นางสาวศิริพรรณ ประจง,ประชาธิปัตย์,15700,16.0,98147,,98147,,,234,94.73684,,247
สุราษฎร์ธานี,6,4,นายนิรัตน์ ลิ้นเกลื่อน,ไทรวมพลัง,13810,14.07,98147,,98147,,,234,94.73684,,247
สุราษฎร์ธานี,6,5,นายบุญยงค์ จรัสจรูญฤทธิ์,ประชาชน,5787,5.9,98147,,98147,,,234,94.73684,,247
สุราษฎร์ธานี,6,6,นางสาวกัญญารัตน์ เพ็งสวัสดิ์,เพื่อไทย,595,0.61,98147,,98147,,,234,94.73684,,247
สุราษฎร์ธานี,6,7,นายถนอม ศักดิ์เพชร,ทางเลือกใหม่,116,0.12,98147,,98147,,,234,94.73684,,247
สุราษฎร์ธานี,7,1,นายพงษ์ศักดิ์ จ่าแก้ว,กล้าธรรม,40358,43.87,92005,,92005,,,191,94.55446,,202
สุราษฎร์ธานี,7,2,นายธานินท์ นวลวัฒน์,ภูมิใจไทย,30081,32.69,92005,,92005,,,191,94.55446,,202
สุราษฎร์ธานี,7,3,นางสาวฐิติมา รักษ์จินดา,ประชาธิปัตย์,10297,11.19,92005,,92005,,,191,94.55446,,202
สุราษฎร์ธานี,7,4,ว่าที่ ร.ต.วัชระพงศ์ ฉิมแก้ว,ประชาชน,9372,10.19,92005,,92005,,,191,94.55446,,202
สุราษฎร์ธานี,7,5,นายสันติ พุทธศรี,รวมไทยสร้างชาติ,727,0.79,92005,,92005,,,191,94.55446,,202
สุราษฎร์ธานี,7,6,นายมาโนช เพ็ชรชู,ไทยก้าวใหม่,689,0.75,92005,,92005,,,191,94.55446,,202
สุราษฎร์ธานี,7,7,นายวศุธน เรื่องขนาบ,เพื่อไทย,481,0.52,92005,,92005,,,191,94.55446,,202
สุรินทร์,1,1,นางสาวเบญญา มุ่งเจริญพร,ภูมิใจไทย,46167,53.69,85981,,85981,,,235,94.75806,,248
สุรินทร์,1,2,นายเบญจมินทร์ ปันสน,ประชาชน,23104,26.87,85981,,85981,,,235,94.75806,,248
สุรินทร์,1,3,นายอนันต์ ปาลีคุปต์,เพื่อไทย,9423,10.96,85981,,85981,,,235,94.75806,,248
สุรินทร์,1,4,นายวิภูษิต มีสิทธิ์,กล้าธรรม,2528,2.94,85981,,85981,,,235,94.75806,,248
สุรินทร์,1,5,นายขุนเดช มงคลสิรินทร์,เศรษฐกิจ,1813,2.11,85981,,85981,,,235,94.75806,,248
สุรินทร์,1,6,นายดำเกิง โถทอง,ประชาธิปัตย์,1312,1.53,85981,,85981,,,235,94.75806,,248
สุรินทร์,1,7,นายดำรงค์ ครึ่งมี,รวมไทยสร้างชาติ,984,1.14,85981,,85981,,,235,94.75806,,248
สุรินทร์,1,8,นายอนุรัตน์ ศรีสุรินทร์,พลังประชารัฐ,650,0.76,85981,,85981,,,235,94.75806,,248
สุรินทร์,2,1,นายณัฏฐพล จรัสรพีพงษ์,ภูมิใจไทย,53228,59.52,89433,,89433,,,251,94.71698,,265
สุรินทร์,2,2,นายชูชัย มุ่งเจริญพร,เพื่อไทย,17069,19.09,89433,,89433,,,251,94.71698,,265
สุรินทร์,2,3,นายพงศธร ลักขษร,ประชาชน,14307,16.0,89433,,89433,,,251,94.71698,,265
สุรินทร์,2,4,นายวิโรจน์ ดีใจ,เศรษฐกิจ,1114,1.25,89433,,89433,,,251,94.71698,,265
สุรินทร์,2,5,นายพิเชษฐ์ ภูแก้ว,รวมไทยสร้างชาติ,1064,1.19,89433,,89433,,,251,94.71698,,265
สุรินทร์,2,6,นายมานพ แสงดำ,ประชาธิปัตย์,970,1.08,89433,,89433,,,251,94.71698,,265
สุรินทร์,2,7,นายสุมากร แซ่โง้ว,กล้าธรรม,613,0.69,89433,,89433,,,251,94.71698,,265
สุรินทร์,2,8,นายวิทยา แก้วเหลี่ยม,ประชาธิปไตยใหม่,474,0.53,89433,,89433,,,251,94.71698,,265
สุรินทร์,2,9,นายณรงค์ มุตตะโสภา,พลังประชารัฐ,463,0.52,89433,,89433,,,251,94.71698,,265
สุรินทร์,2,10,นายนาวา ชิดชอบ,ปวงชนไทย,131,0.15,89433,,89433,,,251,94.71698,,265
สุรินทร์,3,1,นางสาวผกามาศ เจริญพันธ์,ภูมิใจไทย,50333,63.2,79639,,79639,,,301,94.95268,,317
สุรินทร์,3,2,นายกันตภณ มิตรปราสาท,ประชาชน,14826,18.62,79639,,79639,,,301,94.95268,,317
สุรินทร์,3,3,นายคุณากร ปรีชาชนะชัย,เพื่อไทย,10467,13.14,79639,,79639,,,301,94.95268,,317
สุรินทร์,3,4,นายกวิน เตียวเจริญโสภา,พลังประชารัฐ,1002,1.26,79639,,79639,,,301,94.95268,,317
สุรินทร์,3,5,นางกานดาพร พิเลิศ,ปวงชนไทย,993,1.25,79639,,79639,,,301,94.95268,,317
สุรินทร์,3,6,นายไพรยวน พันธ์สีดา,เศรษฐกิจ,971,1.22,79639,,79639,,,301,94.95268,,317
สุรินทร์,3,7,นายสุริยะ บัวบาน,ประชาธิปัตย์,413,0.52,79639,,79639,,,301,94.95268,,317
สุรินทร์,3,8,นายทันสมัย สุขบรรเทิง,รวมไทยสร้างชาติ,326,0.41,79639,,79639,,,301,94.95268,,317
สุรินทร์,3,9,นายเกียรติภูมิ กำลังหาญ,กล้าธรรม,308,0.39,79639,,79639,,,301,94.95268,,317
สุรินทร์,4,1,นางสาวสุรีย์ ธัมมาตร,ภูมิใจไทย,44913,55.77,80530,,80530,,,293,94.82201,,309
สุรินทร์,4,2,นายพรเทพ พูนศรีธนากูล,เพื่อไทย,14672,18.22,80530,,80530,,,293,94.82201,,309
สุรินทร์,4,3,นายโพธิธวัช พัฒนาพงษ์ไชย,ประชาชน,14535,18.05,80530,,80530,,,293,94.82201,,309
สุรินทร์,4,4,นางชนมณี บุตรวงษ์,กล้าธรรม,1877,2.33,80530,,80530,,,293,94.82201,,309
สุรินทร์,4,5,นายปุณยวัฒน์ สนใจ,พลังประชารัฐ,1118,1.39,80530,,80530,,,293,94.82201,,309
สุรินทร์,4,6,นายสนธิ แสงชมภู,เศรษฐกิจ,913,1.13,80530,,80530,,,293,94.82201,,309
สุรินทร์,4,7,นายยรรยง ผิวอ่อน,ประชาธิปัตย์,740,0.92,80530,,80530,,,293,94.82201,,309
สุรินทร์,4,8,นายทองไท สิทธินาม,แรงงานสร้างชาติ,588,0.73,80530,,80530,,,293,94.82201,,309
สุรินทร์,4,9,นางสุวารี ยืนยง,ปวงชนไทย,407,0.51,80530,,80530,,,293,94.82201,,309
สุรินทร์,4,10,นางสุมาลี เครือผือ,สร้างชาติ,399,0.5,80530,,80530,,,293,94.82201,,309
สุรินทร์,4,11,นางสาวรำไพ เพิ่มทอง,ใหม่,368,0.46,80530,,80530,,,293,94.82201,,309
สุรินทร์,5,1,นายภุชงค์ สุภัควรางกูร,ภูมิใจไทย,41671,52.45,79444,,79444,,,301,94.95268,,317
สุรินทร์,5,2,นางฟาริดา สุไลมาน,กล้าธรรม,17798,22.4,79444,,79444,,,301,94.95268,,317
สุรินทร์,5,3,นางสาวทัตพิชา เข็มแก้ว,ประชาชน,11277,14.19,79444,,79444,,,301,94.95268,,317
สุรินทร์,5,4,นายครูมานิตย์ สังข์พุ่ม,เพื่อไทย,6095,7.67,79444,,79444,,,301,94.95268,,317
สุรินทร์,5,5,นายกิติพงษ์ สิทธินาม,แรงงานสร้างชาติ,828,1.04,79444,,79444,,,301,94.95268,,317
สุรินทร์,5,6,นายวัน หยิบล้ำ,เศรษฐกิจ,476,0.6,79444,,79444,,,301,94.95268,,317
สุรินทร์,5,7,นายภูมิสิน การะเวก,ประชาธิปัตย์,302,0.38,79444,,79444,,,301,94.95268,,317
สุรินทร์,5,8,นายสมานมิตร จิตหนักแน่น,พลังสังคมใหม่,290,0.37,79444,,79444,,,301,94.95268,,317
สุรินทร์,5,9,นายสนิธ สังขะพงษ์,ปวงชนไทย,288,0.36,79444,,79444,,,301,94.95268,,317
สุรินทร์,5,10,นางสาวจินตนา กลั่นแก้ว,สร้างอนาคตไทย,246,0.31,79444,,79444,,,301,94.95268,,317
สุรินทร์,5,11,นายรังสิทธิ์ วุฒิสุทธิ์,รวมไทยสร้างชาติ,173,0.22,79444,,79444,,,301,94.95268,,317
สุรินทร์,6,1,นายล้ำเลิศ พัวพัฒนโชติ,ภูมิใจไทย,52005,67.94,76550,,76550,,,259,94.87179,,273
สุรินทร์,6,2,นายธนกร นานวน,ประชาชน,10955,14.31,76550,,76550,,,259,94.87179,,273
สุรินทร์,6,3,นายสมบัติ ศรีสุรินทร์,เพื่อไทย,9122,11.92,76550,,76550,,,259,94.87179,,273
สุรินทร์,6,4,นายจันทร์ สมัญญา,เศรษฐกิจ,1211,1.58,76550,,76550,,,259,94.87179,,273
สุรินทร์,6,5,นางสาวทักษิณา ทับครบุรี,กล้าธรรม,1024,1.34,76550,,76550,,,259,94.87179,,273
สุรินทร์,6,6,นายพัฑฒิณัฐ สุตวณิชย์,ประชาธิปัตย์,791,1.03,76550,,76550,,,259,94.87179,,273
สุรินทร์,6,7,นายธนกร ศรีโกตะเพ็ชร,ปวงชนไทย,739,0.97,76550,,76550,,,259,94.87179,,273
สุรินทร์,6,8,นายพัสกร สิงห์ทอง,รวมไทยสร้างชาติ,479,0.63,76550,,76550,,,259,94.87179,,273
สุรินทร์,6,9,นายมานพ พุ่มทอง,ไทยทรัพย์ทวี,224,0.29,76550,,76550,,,259,94.87179,,273
สุรินทร์,7,1,นายเรืองวิทย์ คูณวัฒนาพงษ์,ภูมิใจไทย,43239,50.97,84840,,84840,,,278,94.88055,,293
สุรินทร์,7,2,นายอธิศวิชญ์ เลิศชวัลรัชต์,เพื่อไทย,24474,28.85,84840,,84840,,,278,94.88055,,293
สุรินทร์,7,3,นายเกรียงไกร คารศรี,ประชาชน,13352,15.74,84840,,84840,,,278,94.88055,,293
สุรินทร์,7,4,นายพิภพ จันทเขต,เศรษฐกิจ,1844,2.17,84840,,84840,,,278,94.88055,,293
สุรินทร์,7,5,นายอริยะมรรค จันทนุภา,กล้าธรรม,768,0.91,84840,,84840,,,278,94.88055,,293
สุรินทร์,7,6,นายทวีศักดิ์ ยงยิ่งยืน,ประชาธิปัตย์,735,0.87,84840,,84840,,,278,94.88055,,293
สุรินทร์,7,7,นายชาญ จารัตน์,ปวงชนไทย,428,0.5,84840,,84840,,,278,94.88055,,293
สุรินทร์,8,1,นางปทิดา ตันติรัตนานนท์,ภูมิใจไทย,52673,66.74,78919,,78919,,,247,94.63602,,261
สุรินทร์,8,2,นายกิตตินันท์ วังอมรมิตร,ประชาชน,15302,19.39,78919,,78919,,,247,94.63602,,261
สุรินทร์,8,3,ร้อยตำรวจโทจรูญ จุดาบุตร,เพื่อไทย,5899,7.47,78919,,78919,,,247,94.63602,,261
สุรินทร์,8,4,นางสาวปลายฟ้า ปานทอง,เศรษฐกิจ,2794,3.54,78919,,78919,,,247,94.63602,,261
สุรินทร์,8,5,นายอำนวย แท่นดี,กล้าธรรม,1007,1.28,78919,,78919,,,247,94.63602,,261
สุรินทร์,8,6,นายบัณฑิต ศิลาอ่อน,รวมไทยสร้างชาติ,521,0.66,78919,,78919,,,247,94.63602,,261
สุรินทร์,8,7,นายไพบูลย์ ศิริมา,ประชาธิปัตย์,408,0.52,78919,,78919,,,247,94.63602,,261
สุรินทร์,8,8,นายสมรส มั่นยืน,ปวงชนไทย,315,0.4,78919,,78919,,,247,94.63602,,261
สุโขทัย,1,1,นางสาวณัคนางค์ กุลนาถศิริ,เพื่อไทย,30925,41.42,74658,,74658,,,235,94.75806,,248
สุโขทัย,1,2,นางกัญญาวีร์ ทองสงค์,ประชาชน,24095,32.27,74658,,74658,,,235,94.75806,,248
สุโขทัย,1,3,นายชาญกิจ จำรัสศรี,ประชาธิปัตย์,8465,11.34,74658,,74658,,,235,94.75806,,248
สุโขทัย,1,4,นายวิรัตน์ วิริยะพงษ์,พลังประชารัฐ,5494,7.36,74658,,74658,,,235,94.75806,,248
สุโขทัย,1,5,นายธนารักษ์ ฉลองสัพพัญญู,ภูมิใจไทย,2461,3.3,74658,,74658,,,235,94.75806,,248
สุโขทัย,1,6,นายอภิรักษ์ อินดี,เศรษฐกิจ,1395,1.87,74658,,74658,,,235,94.75806,,248
สุโขทัย,1,7,นายธนัช ขุนพงษ์ทอง,กล้าธรรม,1247,1.67,74658,,74658,,,235,94.75806,,248
สุโขทัย,1,8,นายนนท์ มาทหมาย,รวมไทยสร้างชาติ,576,0.77,74658,,74658,,,235,94.75806,,248
สุโขทัย,2,1,นายชูศักดิ์ คีรีมาศทอง,เพื่อไทย,32650,45.85,71207,,71207,,,244,94.94163,,257
สุโขทัย,2,2,นายณรัฐพงศ์ พรหมมี,ประชาชน,19265,27.05,71207,,71207,,,244,94.94163,,257
สุโขทัย,2,3,นายพัฒ ตั้งเบญจผล,ประชาธิปัตย์,13824,19.41,71207,,71207,,,244,94.94163,,257
สุโขทัย,2,4,นายวศินภัทร์ กิตตินันท์พาณิช,กล้าธรรม,2282,3.2,71207,,71207,,,244,94.94163,,257
สุโขทัย,2,5,นายจักรกฤษ เวชยางกูร,ภูมิใจไทย,1574,2.21,71207,,71207,,,244,94.94163,,257
สุโขทัย,2,6,นายหอม เอี่ยมสนิท,เศรษฐกิจ,873,1.23,71207,,71207,,,244,94.94163,,257
สุโขทัย,2,7,นายอนันต์ เข็มทองคำ,รวมไทยสร้างชาติ,516,0.72,71207,,71207,,,244,94.94163,,257
สุโขทัย,2,8,นายอำนวย รักฉาย,เพื่อบ้านเมือง,223,0.31,71207,,71207,,,244,94.94163,,257
สุโขทัย,3,1,นางสาวประภาพร ทองปากน้ำ,เพื่อไทย,47416,64.68,73310,,73310,,,229,94.6281,,242
สุโขทัย,3,2,นายนราธิป ภูมิถาวร,ประชาชน,15027,20.5,73310,,73310,,,229,94.6281,,242
สุโขทัย,3,3,นายปรีชา จันทร์นุช,ภูมิใจไทย,4303,5.87,73310,,73310,,,229,94.6281,,242
สุโขทัย,3,4,นายชรินทร์ ชูบุญ,กล้าธรรม,2455,3.35,73310,,73310,,,229,94.6281,,242
สุโขทัย,3,5,นางชาลิสา กันเพ็ง,ประชาธิปัตย์,1572,2.14,73310,,73310,,,229,94.6281,,242
สุโขทัย,3,6,นายจำปา พลอยกระจ่าง,เศรษฐกิจ,1425,1.94,73310,,73310,,,229,94.6281,,242
สุโขทัย,3,7,นายวิโรจน์ มากมูล,รวมไทยสร้างชาติ,1112,1.52,73310,,73310,,,229,94.6281,,242
สุโขทัย,4,1,นายสมเจตน์ ลิมปะพันธุ์,ภูมิใจไทย,48293,58.34,82780,,82780,,,242,94.90196,,255
สุโขทัย,4,2,นายจักรวาล ชัยวิรัตน์นุกูล,เพื่อไทย,20045,24.21,82780,,82780,,,242,94.90196,,255
สุโขทัย,4,3,นางสาวนาตยา กรุณามิตร,ประชาชน,12143,14.67,82780,,82780,,,242,94.90196,,255
สุโขทัย,4,4,นายนวพันธ์ เอื้อคณิต,กล้าธรรม,880,1.06,82780,,82780,,,242,94.90196,,255
สุโขทัย,4,5,นายศราวุฒิ ปรีดากัญญารัตน์,เศรษฐกิจ,740,0.89,82780,,82780,,,242,94.90196,,255
สุโขทัย,4,6,นางสาวดรุณี ขำดอน,ประชาธิปัตย์,495,0.6,82780,,82780,,,242,94.90196,,255
สุโขทัย,4,7,นายสะอาด กาฟัก,เสรีรวมไทย,184,0.22,82780,,82780,,,242,94.90196,,255
หนองคาย,1,1,นายกระแสร์ ตระกูลพรพงศ์,พลังประชารัฐ,30866,34.69,88967,,88967,,,282,94.94949,,297
หนองคาย,1,2,พลตำรวจโท ไพศาล ลือสมบูรณ์,ภูมิใจไทย,24598,27.65,88967,,88967,,,282,94.94949,,297
หนองคาย,1,3,นางสาวอภิญญา บุญจันทร์,ประชาชน,18311,20.58,88967,,88967,,,282,94.94949,,297
หนองคาย,1,4,นายกฤษฎา ตันเทอดทิตย์,เพื่อไทย,12381,13.92,88967,,88967,,,282,94.94949,,297
หนองคาย,1,5,พันเอก ธนัทเมศร์ ภัทรณรงค์รัศม์,เศรษฐกิจ,1768,1.99,88967,,88967,,,282,94.94949,,297
หนองคาย,1,6,นายรพิพงศ์ ปุณยจารุศิริ,ประชาธิปัตย์,505,0.57,88967,,88967,,,282,94.94949,,297
หนองคาย,1,7,นายพิชชาวุธ เหล่าศิริวิจิตร,กล้าธรรม,362,0.41,88967,,88967,,,282,94.94949,,297
หนองคาย,1,8,นางวริยา พรหมนา,ประชาอาสาชาติ,176,0.2,88967,,88967,,,282,94.94949,,297
หนองคาย,2,1,นายยุทธนา ศรีตะบุตร,พลังประชารัฐ,30322,37.33,81218,,81218,,,267,94.68085,,282
หนองคาย,2,2,นางจิดาภา สุนทรธนากุล,ภูมิใจไทย,26423,32.53,81218,,81218,,,267,94.68085,,282
หนองคาย,2,3,นางสาวชนก จันทาทอง,เพื่อไทย,13883,17.09,81218,,81218,,,267,94.68085,,282
หนองคาย,2,4,นางสาวทศพร จันทร์ศรี,ประชาชน,9782,12.04,81218,,81218,,,267,94.68085,,282
หนองคาย,2,5,นายธงชัย กึ่งมาตย์,ประชาธิปัตย์,397,0.49,81218,,81218,,,267,94.68085,,282
หนองคาย,2,6,นายจักรภัทร สายไธสง,ประชากรไทย,217,0.27,81218,,81218,,,267,94.68085,,282
หนองคาย,2,7,นางราตรี กาลจักร์,ประชาธิปไตยใหม่,194,0.24,81218,,81218,,,267,94.68085,,282
หนองคาย,3,1,นายศักดิ์ดา จันทรสุวรรณ,ภูมิใจไทย,36917,47.22,78176,,78176,,,249,94.67681,,263
หนองคาย,3,2,นายเอกธนัช อินทร์รอด,เพื่อไทย,19988,25.57,78176,,78176,,,249,94.67681,,263
หนองคาย,3,3,นายชัยณรงค์ ชัยสุข,ประชาชน,19381,24.79,78176,,78176,,,249,94.67681,,263
หนองคาย,3,4,นายสถิตย์ สีสวาท,ประชาธิปัตย์,1343,1.72,78176,,78176,,,249,94.67681,,263
หนองคาย,3,5,นายบัวขาว ภูสมศรี,ประชาธิปไตยใหม่,547,0.7,78176,,78176,,,249,94.67681,,263
หนองบัวลำภู,1,1,นายชยานันท์ เกตุเมฆ,กล้าธรรม,31594,36.39,86812,,86812,,,257,94.83395,,271
หนองบัวลำภู,1,2,นายสุวัฒน์ มนตรี,ภูมิใจไทย,21721,25.02,86812,,86812,,,257,94.83395,,271
หนองบัวลำภู,1,3,นายกฤษณโชติ เทศแก้ว,ประชาชน,16253,18.72,86812,,86812,,,257,94.83395,,271
หนองบัวลำภู,1,4,นายพิษณุ หัตถสงเคราะห์,เพื่อไทย,12987,14.96,86812,,86812,,,257,94.83395,,271
หนองบัวลำภู,1,5,นายวุฒิพงษ์ ศิริสถิตย์,พลังประชารัฐ,1303,1.5,86812,,86812,,,257,94.83395,,271
หนองบัวลำภู,1,6,นายวิเชียร แสงบุดดา,เศรษฐกิจ,1154,1.33,86812,,86812,,,257,94.83395,,271
หนองบัวลำภู,1,7,นายปัญญา ธาตุวิสัย,รวมไทยสร้างชาติ,494,0.57,86812,,86812,,,257,94.83395,,271
หนองบัวลำภู,1,8,นายทองคำ บุญประทุม,ประชาธิปไตยใหม่,451,0.52,86812,,86812,,,257,94.83395,,271
หนองบัวลำภู,1,9,นายประไว คงอาษา,ประชาธิปัตย์,351,0.4,86812,,86812,,,257,94.83395,,271
หนองบัวลำภู,1,10,นายกมล มุขธระโกษา,เครือข่ายชาวนาแห่งประเทศไทย,221,0.25,86812,,86812,,,257,94.83395,,271
หนองบัวลำภู,1,11,นายบุญเรือง เขื่อนตีนกง,ไทยก้าวใหม่,189,0.22,86812,,86812,,,257,94.83395,,271
หนองบัวลำภู,1,12,นางสาวพรประภาวรรณ มูลฉวี,ไทยรวมไทย,94,0.11,86812,,86812,,,257,94.83395,,271
หนองบัวลำภู,2,1,นายรุ่งเพชร ศรีกาญจนา,เพื่อไทย,36663,46.13,79482,,79482,,,257,94.83395,,271
หนองบัวลำภู,2,2,นายไชยา พรหมา,กล้าธรรม,16062,20.21,79482,,79482,,,257,94.83395,,271
หนองบัวลำภู,2,3,นายนิติภูมิ ติวทอง,ประชาชน,14496,18.24,79482,,79482,,,257,94.83395,,271
หนองบัวลำภู,2,4,นางชญาน์นันท์ พิมพ์กิรติ,ภูมิใจไทย,7705,9.69,79482,,79482,,,257,94.83395,,271
หนองบัวลำภู,2,5,นางสาวณัฐนันท์ พรมนิล,เศรษฐกิจ,1823,2.29,79482,,79482,,,257,94.83395,,271
หนองบัวลำภู,2,6,นายทรงศักดิ์ ศิริสถิตย์,พลังประชารัฐ,832,1.05,79482,,79482,,,257,94.83395,,271
หนองบัวลำภู,2,7,นายสยามรัฐ ศรีบัวเผื่อน,ประชาธิปัตย์,795,1.0,79482,,79482,,,257,94.83395,,271
หนองบัวลำภู,2,8,นายวุฒิพงษ์ ราชโยธา,ไทยก้าวใหม่,420,0.53,79482,,79482,,,257,94.83395,,271
หนองบัวลำภู,2,9,นายประสิทธิ์ พลศักดิ์ขวา,เครือข่ายชาวนาแห่งประเทศไทย,249,0.31,79482,,79482,,,257,94.83395,,271
หนองบัวลำภู,2,10,นายชัยวัฒน์ มูลแก้ว,รวมไทยสร้างชาติ,246,0.31,79482,,79482,,,257,94.83395,,271
หนองบัวลำภู,2,11,นางวาสนา ดอกเข็ม,ประชาธิปไตยใหม่,191,0.24,79482,,79482,,,257,94.83395,,271
หนองบัวลำภู,3,1,นายพรณรงค์ นิลนะมะ,กล้าธรรม,26322,33.8,77865,,77865,,,250,94.69697,,264
หนองบัวลำภู,3,2,นายอาณัติ ชินทะวัน,ภูมิใจไทย,23670,30.4,77865,,77865,,,250,94.69697,,264
หนองบัวลำภู,3,3,นางสาวธนกนกอร แสนคำ,ประชาชน,12279,15.77,77865,,77865,,,250,94.69697,,264
หนองบัวลำภู,3,4,นายณพล เชยคำแหง,เพื่อไทย,11265,14.47,77865,,77865,,,250,94.69697,,264
หนองบัวลำภู,3,5,นางสาวประภาลักษณ์ สิทธิ,ไทยสร้างไทย,2078,2.67,77865,,77865,,,250,94.69697,,264
หนองบัวลำภู,3,6,นางสาวขวัญหทัย ชุมแวงวาปี,เศรษฐกิจ,1383,1.78,77865,,77865,,,250,94.69697,,264
หนองบัวลำภู,3,7,นางสาวณภัทธิรา โชติโอฬารกุล,ประชาธิปัตย์,486,0.62,77865,,77865,,,250,94.69697,,264
หนองบัวลำภู,3,8,นายอานนท์ ทองนาม,รวมไทยสร้างชาติ,224,0.29,77865,,77865,,,250,94.69697,,264
หนองบัวลำภู,3,9,นายชาคริต กุลวงศ์,ประชาธิปไตยใหม่,158,0.2,77865,,77865,,,250,94.69697,,264
อำนาจเจริญ,1,1,นางสุขสมรวย วันทนียกุล,ภูมิใจไทย,44199,48.56,91024,,91024,,,306,94.73684,,323
อำนาจเจริญ,1,2,นางสาวพิมพ์วิภา บัวบุตร,เพื่อไทย,21040,23.11,91024,,91024,,,306,94.73684,,323
อำนาจเจริญ,1,3,นางสาวจุฑาทิพย์ ศิริขันธ์,ประชาชน,18851,20.71,91024,,91024,,,306,94.73684,,323
อำนาจเจริญ,1,4,นายพลชัย โสภากันต์,ประชาธิปัตย์,1938,2.13,91024,,91024,,,306,94.73684,,323
อำนาจเจริญ,1,5,นายทศพร คุ้มผล,เศรษฐกิจ,1927,2.12,91024,,91024,,,306,94.73684,,323
อำนาจเจริญ,1,6,นายโสนิ สุวรรณี,เพื่อบ้านเมือง,1154,1.27,91024,,91024,,,306,94.73684,,323
อำนาจเจริญ,1,7,นายศักดิ์ดา จันเทวา,พลังประชารัฐ,1072,1.18,91024,,91024,,,306,94.73684,,323
อำนาจเจริญ,1,8,สิบเอกวีระยุทธ ผาริวงค์,เพื่อชาติไทย,538,0.59,91024,,91024,,,306,94.73684,,323
อำนาจเจริญ,1,9,นางสาวณัฐยกัญ ทองยศ,ไทยก้าวใหม่,305,0.34,91024,,91024,,,306,94.73684,,323
อำนาจเจริญ,2,1,นางญาญีนาถ เข็มนาค,ภูมิใจไทย,43016,45.83,93862,,93862,,,334,94.88636,,352
อำนาจเจริญ,2,2,นางสาววรัดดา ประเสริฐศรี,เพื่อไทย,19048,20.29,93862,,93862,,,334,94.88636,,352
อำนาจเจริญ,2,3,ว่าที่ร้อยตรี กริช กีฬา,ประชาชน,17340,18.47,93862,,93862,,,334,94.88636,,352
อำนาจเจริญ,2,4,นายมฆวาน บัวบุตร,กล้าธรรม,12398,13.21,93862,,93862,,,334,94.88636,,352
อำนาจเจริญ,2,5,นายเตชินท์ชัย ผาริบุตร,ประชาธิปัตย์,1671,1.78,93862,,93862,,,334,94.88636,,352
อำนาจเจริญ,2,6,ร้อยตรี เนย ชารีพันธ์,เพื่อบ้านเมือง,389,0.41,93862,,93862,,,334,94.88636,,352
อุดรธานี,1,1,นายอานันท์ อมรินทร์,ประชาชน,30558,39.97,76456,,76456,,,212,94.64286,,224
อุดรธานี,1,2,นายโกเมนทร์ ทีฆธนานนท์,เพื่อไทย,29040,37.98,76456,,76456,,,212,94.64286,,224
อุดรธานี,1,3,นายรัชพล พุทธรักษา,ภูมิใจไทย,8196,10.72,76456,,76456,,,212,94.64286,,224
อุดรธานี,1,4,นายสุรพล อนันตโสภณ,ประชาธิปัตย์,2035,2.66,76456,,76456,,,212,94.64286,,224
อุดรธานี,1,5,นายสถาพร โคตบุตร,รวมไทยสร้างชาติ,1949,2.55,76456,,76456,,,212,94.64286,,224
อุดรธานี,1,6,นายเพชรสยาม เจนหัตถ์นามเสนา,เศรษฐกิจ,1877,2.46,76456,,76456,,,212,94.64286,,224
อุดรธานี,1,7,ร้อยตรี สง่า เหลืองอร่าม,ประชากรไทย,1648,2.16,76456,,76456,,,212,94.64286,,224
อุดรธานี,1,8,นายวิฑูรย์ นามคุณ,กล้าธรรม,869,1.14,76456,,76456,,,212,94.64286,,224
อุดรธานี,1,9,พันตำรวจเอก พินทุรัตน์ ศิริขันธ์ เสนาไชย,พลังประชารัฐ,284,0.37,76456,,76456,,,212,94.64286,,224
อุดรธานี,2,1,นางหทัยรัตน์ เพชรพนมพร,เพื่อไทย,29377,35.59,82554,,82554,,,194,94.63415,,205
อุดรธานี,2,2,นางสาวพิชฎาภา อายุวัฒน์,ภูมิใจไทย,24364,29.51,82554,,82554,,,194,94.63415,,205
อุดรธานี,2,3,นายธนากร จำปาหอม,ประชาชน,21067,25.52,82554,,82554,,,194,94.63415,,205
อุดรธานี,2,4,นายชัยยงค์ ถียัง,ประชาธิปไตยใหม่,2335,2.83,82554,,82554,,,194,94.63415,,205
อุดรธานี,2,5,นายกฤตภาส จึงเติบโต,เศรษฐกิจ,1696,2.05,82554,,82554,,,194,94.63415,,205
อุดรธานี,2,6,พลตรี พิทักษ์ชัย ธนพรานสิงห์,กล้าธรรม,1467,1.78,82554,,82554,,,194,94.63415,,205
อุดรธานี,2,7,นายชัยกาล กันตรง,ประชาธิปัตย์,874,1.06,82554,,82554,,,194,94.63415,,205
อุดรธานี,2,8,เรือตรี ศุภเศรษฐ์ ศรีชัยรุ่งโรจน์,รวมไทยสร้างชาติ,850,1.03,82554,,82554,,,194,94.63415,,205
อุดรธานี,2,9,นายอนันต์ ศรีพันธุ์,พลังประชารัฐ,399,0.48,82554,,82554,,,194,94.63415,,205
อุดรธานี,2,10,นางเยาวลักษณ์ คำศรี,ประชากรไทย,125,0.15,82554,,82554,,,194,94.63415,,205
อุดรธานี,3,1,นายหรั่ง ธุระพล,ภูมิใจไทย,33013,43.55,75808,,75808,,,231,94.67213,,244
อุดรธานี,3,2,นายสมัคร บุญปก,เพื่อไทย,27342,36.07,75808,,75808,,,231,94.67213,,244
อุดรธานี,3,3,นายอริยะฤทธิ์ สุสุวรรณสิริ,ประชาชน,12181,16.07,75808,,75808,,,231,94.67213,,244
อุดรธานี,3,4,นายสาคร ปราบพาล,พลังประชารัฐ,1594,2.1,75808,,75808,,,231,94.67213,,244
อุดรธานี,3,5,นายสตราลิน จอมประมาณ,เศรษฐกิจ,627,0.83,75808,,75808,,,231,94.67213,,244
อุดรธานี,3,6,นายวรวุฒิ วรสาร,รวมไทยสร้างชาติ,369,0.49,75808,,75808,,,231,94.67213,,244
อุดรธานี,3,7,นายเกียรติศักดิ์ บัวเกตุ,ประชาธิปไตยใหม่,245,0.32,75808,,75808,,,231,94.67213,,244
อุดรธานี,3,8,นายชานนท์ นาคประวิต,ประชาธิปัตย์,219,0.29,75808,,75808,,,231,94.67213,,244
อุดรธานี,3,9,นายจารุวัธน์ เพ็ญสวัสดิ์,ไทยก้าวใหม่,218,0.29,75808,,75808,,,231,94.67213,,244
อุดรธานี,4,1,นายไตรภพ คำเพชร,เพื่อไทย,29757,41.98,70876,,70876,,,209,95,,220
อุดรธานี,4,2,นายภาณุ พรวัฒนา,ภูมิใจไทย,22361,31.55,70876,,70876,,,209,95,,220
อุดรธานี,4,3,นายศักดา เกตุแก้ว,ประชาชน,14216,20.06,70876,,70876,,,209,95,,220
อุดรธานี,4,4,นายอัศวิน นันทะแสง,พลวัต,1593,2.25,70876,,70876,,,209,95,,220
อุดรธานี,4,5,นายสังคม สอนบุญ,รวมไทยสร้างชาติ,658,0.93,70876,,70876,,,209,95,,220
อุดรธานี,4,6,นายละออง วงค์ดวงตา,เพื่อบ้านเมือง,605,0.85,70876,,70876,,,209,95,,220
อุดรธานี,4,7,นายภัควัฒน์ ธรรมครุฑทิพย์,พลังประชารัฐ,352,0.5,70876,,70876,,,209,95,,220
อุดรธานี,4,8,นายไชยวัฒน์ธนา เวฬุวนารักษ์,ไทยก้าวใหม่,351,0.5,70876,,70876,,,209,95,,220
อุดรธานี,4,9,นายอนุราช ไชยตะวงค์,ไทยพิทักษ์ธรรม,276,0.39,70876,,70876,,,209,95,,220
อุดรธานี,4,10,นางสาวอิงค์ณภัจฉร์ ชินวัตรนุวงค์,กล้าธรรม,269,0.38,70876,,70876,,,209,95,,220
อุดรธานี,4,11,นางวรา เทพกิจ,ประชาธิปัตย์,258,0.36,70876,,70876,,,209,95,,220
อุดรธานี,4,12,นายกิตติพัฒน์ สีดามาตย์,ครูไทยเพื่อประชาชน,180,0.25,70876,,70876,,,209,95,,220
อุดรธานี,5,1,นางบัวเงิน รอดขันเมือง,ภูมิใจไทย,28475,40.94,69548,,69548,,,218,94.78261,,230
อุดรธานี,5,2,นายกรวีร์ สาราคำ,เพื่อไทย,20246,29.11,69548,,69548,,,218,94.78261,,230
อุดรธานี,5,3,นายชัยฤทธิ์ เขาวงศ์ทอง,ประชาชน,15354,22.08,69548,,69548,,,218,94.78261,,230
อุดรธานี,5,4,นางสาวนำโชค งามสง่า,เศรษฐกิจ,2225,3.2,69548,,69548,,,218,94.78261,,230
อุดรธานี,5,5,พันโทศรีสวัสดิ์ ดวงพรม,กล้าธรรรม,1598,2.3,69548,,69548,,,218,94.78261,,230
อุดรธานี,5,6,นางราณี นิวงศ์ษา,ประชาธิปัตย์,562,0.81,69548,,69548,,,218,94.78261,,230
อุดรธานี,5,7,นายองอาจ วิเศษ,พลังประชารัฐ,436,0.63,69548,,69548,,,218,94.78261,,230
อุดรธานี,5,8,นายหนูพิศ สีดามาตย์,รวมไทยสร้างชาติ,296,0.43,69548,,69548,,,218,94.78261,,230
อุดรธานี,5,9,นายชนะพล อำนาจเจริญ,ไทยก้าวใหม่,195,0.28,69548,,69548,,,218,94.78261,,230
อุดรธานี,5,10,นางดารุณี วงศ์คำพระ,เพื่อบ้านเมือง,161,0.23,69548,,69548,,,218,94.78261,,230
อุดรธานี,6,1,นายอดิศักดิ์ แก้วมุงคุณทรัพย์,ภูมิใจไทย,36722,47.44,77405,,77405,,,230,94.65021,,243
อุดรธานี,6,2,นายธนอนันต์ เมนะสวัสดิ์,กล้าธรรม,15176,19.61,77405,,77405,,,230,94.65021,,243
อุดรธานี,6,3,นายประชาชาติ แสนแก้ว,เพื่อไทย,12386,16.0,77405,,77405,,,230,94.65021,,243
อุดรธานี,6,4,นายสรวิชญ์ นาแพงสอน,ประชาชน,10595,13.69,77405,,77405,,,230,94.65021,,243
อุดรธานี,6,5,นายประกาศิต ปัญญาใส,เศรษฐกิจ,1487,1.92,77405,,77405,,,230,94.65021,,243
อุดรธานี,6,6,นายบรรพต จิกจักร์,รวมไทยสร้างชาติ,487,0.63,77405,,77405,,,230,94.65021,,243
อุดรธานี,6,7,นางสาวมลิวรรณ แก้วสุข,ประชาธิปัตย์,341,0.44,77405,,77405,,,230,94.65021,,243
อุดรธานี,6,8,นายสุริวรรณ คล้ายเพชร,เพื่อบ้านเมือง,147,0.19,77405,,77405,,,230,94.65021,,243
อุดรธานี,6,9,นายธนพล คำศรี,ประชากรไทย,64,0.08,77405,,77405,,,230,94.65021,,243
อุดรธานี,7,1,นายสุริยา วงศ์อารีย์,ประชาชน,28786,40.53,71025,,71025,,,229,94.6281,,242
อุดรธานี,7,2,นายธีระชัย แสนแก้ว,เพื่อไทย,27904,39.29,71025,,71025,,,229,94.6281,,242
อุดรธานี,7,3,นายจักรพรรดิ ไชยสาส์น,ไทยสร้างไทย,3925,5.53,71025,,71025,,,229,94.6281,,242
อุดรธานี,7,4,นายคำมอน แสงดี,ภูมิใจไทย,3180,4.48,71025,,71025,,,229,94.6281,,242
อุดรธานี,7,5,นางสาวอรัญญา ใจมั่น,พลังประชารัฐ,2408,3.39,71025,,71025,,,229,94.6281,,242
อุดรธานี,7,6,นายกฤษฎา ศรีสุชาติ,เศรษฐกิจ,1637,2.3,71025,,71025,,,229,94.6281,,242
อุดรธานี,7,7,นายชูศักดิ์ กุลธวัชวงศ์,ประชาธิปัตย์,1003,1.41,71025,,71025,,,229,94.6281,,242
อุดรธานี,7,8,นายนรเศรษฐ แก้วมาตร,กล้าธรรม,843,1.19,71025,,71025,,,229,94.6281,,242
อุดรธานี,7,9,นายทรงกิตติ สุวรรณทอง,รวมไทยสร้างชาติ,750,1.06,71025,,71025,,,229,94.6281,,242
อุดรธานี,7,10,นายณัฐภณ ทาปุ๋ย,ไทยก้าวใหม่,589,0.83,71025,,71025,,,229,94.6281,,242
อุดรธานี,8,1,นายสุภีรภัทร ภูมิภักดิ์,ภูมิใจไทย,38137,53.66,71066,,71066,,,209,94.57014,,221
อุดรธานี,8,2,นายอนุเทน สีดาอุบล,ประชาชน,13901,19.56,71066,,71066,,,209,94.57014,,221
อุดรธานี,8,3,นายเกรียงศักดิ์ ฝ้ายสีงาม,เพื่อไทย,12512,17.61,71066,,71066,,,209,94.57014,,221
อุดรธานี,8,4,นายนวคม เสมา,เศรษฐกิจ,1856,2.61,71066,,71066,,,209,94.57014,,221
อุดรธานี,8,5,นายภูชิต อุ่นเที่ยว,กล้าธรรม,1842,2.59,71066,,71066,,,209,94.57014,,221
อุดรธานี,8,6,นายอร่าม ศรีด้วง,ประชาธิปัตย์,836,1.18,71066,,71066,,,209,94.57014,,221
อุดรธานี,8,7,นางชีวรัตน์ อุปนันท์,ไทยก้าวใหม่,711,1.0,71066,,71066,,,209,94.57014,,221
อุดรธานี,8,8,นางศิริพร แสงจันทร์,ประชาธิปไตยใหม่,634,0.89,71066,,71066,,,209,94.57014,,221
อุดรธานี,8,9,นายภพ สมศรีโหน่ง,พลังประชารัฐ,399,0.56,71066,,71066,,,209,94.57014,,221
อุดรธานี,8,10,นายนพดล สุวรรณชมภู,รวมไทยสร้างชาติ,238,0.33,71066,,71066,,,209,94.57014,,221
อุดรธานี,9,1,นายวัชระพล ขาวขำ,เพื่อไทย,29522,40.21,73427,,73427,,,225,94.93671,,237
อุดรธานี,9,2,นายฐานวัฒน์ ธนาธัญญพิชญ์,กล้าธรรม,20842,28.38,73427,,73427,,,225,94.93671,,237
อุดรธานี,9,3,นายนภาดล ดวงสอนแสง,ประชาชน,17300,23.56,73427,,73427,,,225,94.93671,,237
อุดรธานี,9,4,นายเกษม เบ้าวรรณ,ภูมิใจไทย,3584,4.88,73427,,73427,,,225,94.93671,,237
อุดรธานี,9,5,นายพงศกร กงพาน,ประชาธิปัตย์,805,1.1,73427,,73427,,,225,94.93671,,237
อุดรธานี,9,6,นายสมร ศรีวิพันธ์,รวมไทยสร้างชาติ,773,1.05,73427,,73427,,,225,94.93671,,237
อุดรธานี,9,7,นายนิธิศ รอดชมภู,ไทยก้าวใหม่,333,0.45,73427,,73427,,,225,94.93671,,237
อุดรธานี,9,8,นายนิธิศ ประกอบใส,พลังประชารัฐ,268,0.36,73427,,73427,,,225,94.93671,,237
อุดรธานี,10,1,นางเทียบจุฑา ขาวขำ,เพื่อไทย,31589,43.68,72317,,72317,,,231,94.67213,,244
อุดรธานี,10,2,นายทัชภูมิ ทองทิพย์,ภูมิใจไทย,19691,27.23,72317,,72317,,,231,94.67213,,244
อุดรธานี,10,3,นางสาวสุภาวดี วงษ์คำ,ประชาชน,17920,24.78,72317,,72317,,,231,94.67213,,244
อุดรธานี,10,4,นายกิตติพัทธ์ ปราบพาล,เศรษฐกิจ,2277,3.15,72317,,72317,,,231,94.67213,,244
อุดรธานี,10,5,นายอภิวัฒน์ โรมเมือง,ไทยสร้างชาติ,564,0.78,72317,,72317,,,231,94.67213,,244
อุดรธานี,10,6,นายจักรภัทร ชื่นชมกุล,กล้าธรรม,276,0.38,72317,,72317,,,231,94.67213,,244
อุตรดิตถ์,1,1,นายพิชญุตม์ พอจิต,ภูมิใจไทย,37418,46.46,80546,,80546,,,226,94.95798,,238
อุตรดิตถ์,1,2,นางสาวอัญชิสา ศุภรักษ์จินดา,เพื่อไทย,20826,25.86,80546,,80546,,,226,94.95798,,238
อุตรดิตถ์,1,3,นางธนัชชา แสนสุขุม,ประชาชน,20371,25.29,80546,,80546,,,226,94.95798,,238
อุตรดิตถ์,1,4,นายอาณัติ วงค์สถาน,ประชาธิปัตย์,893,1.11,80546,,80546,,,226,94.95798,,238
อุตรดิตถ์,1,5,นางสาวดวงใจ มงคลแสงสุรีย์,รวมไทยสร้างชาติ,749,0.93,80546,,80546,,,226,94.95798,,238
อุตรดิตถ์,1,6,นางสาวปภสร เตชารัตนหิรัญ,กล้าธรรม,289,0.36,80546,,80546,,,226,94.95798,,238
อุตรดิตถ์,2,1,นางสาวรสรินทร์ ศรัณย์เกตุ,โอกาสใหม่,31560,42.08,83114,,74992,3780,4342,275,94.82759,,290
อุตรดิตถ์,2,2,นายวารุจ ศิริวัฒน์,เพื่อไทย,18916,25.22,83114,,74992,3780,4342,275,94.82759,,290
อุตรดิตถ์,2,3,นายภิศิษฐ์ วงศ์ทอง,ประชาชน,15595,20.8,83114,,74992,3780,4342,275,94.82759,,290
อุตรดิตถ์,2,4,นายสหวิช อภิชัยวิศรุตกุล,ภูมิใจไทย,5021,6.7,83114,,74992,3780,4342,275,94.82759,,290
อุตรดิตถ์,2,5,นายประสิทธิ์ คลังสีดา,ประชาธิปัตย์,1346,1.79,83114,,74992,3780,4342,275,94.82759,,290
อุตรดิตถ์,2,6,นายณัฐวุฒิ บุญมาติด,กล้าธรรม,1137,1.52,83114,,74992,3780,4342,275,94.82759,,290
อุตรดิตถ์,2,7,ร.ท.ภูวนัย บุญแท่น,ปวงชนไทย,563,0.75,83114,,74992,3780,4342,275,94.82759,,290
อุตรดิตถ์,2,8,นายเอนก ธรรมใจ,รวมไทยสร้างชาติ,554,0.74,83114,,74992,3780,4342,275,94.82759,,290
อุตรดิตถ์,2,9,ร.ต.บำรุง พวงมะเดื่อ,ทางเลือกใหม่,300,0.4,83114,,74992,3780,4342,275,94.82759,,290
อุตรดิตถ์,3,1,นายรวี เล็กอุทัย,เพื่อไทย,40926,54.65,74882,,74882,,,236,94.77912,,249
อุตรดิตถ์,3,2,นางสาวจิรายุ ดวงแก้ว,ประชาชน,21012,28.06,74882,,74882,,,236,94.77912,,249
อุตรดิตถ์,3,3,นางสาวรสสุคนธ์ อินชัยเขา,ภูมิใจไทย,7144,9.54,74882,,74882,,,236,94.77912,,249
อุตรดิตถ์,3,4,นางสาวอรกัญญา ดีมาก,ประชาธิปัตย์,3057,4.08,74882,,74882,,,236,94.77912,,249
อุตรดิตถ์,3,5,นายเขษมศักดิ์ แก้วมา,รวมไทยสร้างชาติ,1211,1.62,74882,,74882,,,236,94.77912,,249
อุตรดิตถ์,3,6,นายคณิน ถนอมทองพันธ์,กล้าธรรม,1064,1.42,74882,,74882,,,236,94.77912,,249
อุตรดิตถ์,3,7,นายพงศ์วินิจ ไพจิตรกุญชร,ทางเลือกใหม่,468,0.62,74882,,74882,,,236,94.77912,,249
อุทัยธานี,1,1,นายเจเศรษฐ์ ไทยเศรษฐ์,ภูมิใจไทย,56483,73.81,76524,,76524,,,324,94.73684,,342
อุทัยธานี,1,2,นายเดชา คงคา,ประชาชน,13059,17.07,76524,,76524,,,324,94.73684,,342
อุทัยธานี,1,3,นายธนาคร อุนจะนำ,เพื่อไทย,4515,5.9,76524,,76524,,,324,94.73684,,342
อุทัยธานี,1,4,นายวิทยา จันทร์สม,ประชาธิปัตย์,2467,3.22,76524,,76524,,,324,94.73684,,342
อุทัยธานี,2,1,นายชาดา ไทยเศรษฐ์,ภูมิใจไทย,54284,70.07,77470,,77470,,,295,94.85531,,311
อุทัยธานี,2,2,นางสาวสุชาดา บัวพันธ์,ประชาชน,9062,11.7,77470,,77470,,,295,94.85531,,311
อุทัยธานี,2,3,นายอรรถพล โต๋วสัจจา,เพื่อไทย,8033,10.37,77470,,77470,,,295,94.85531,,311
อุทัยธานี,2,4,ร.ต.ศึกษา ฟุ้งเฟื่อง ร.น.,ประชาธิปัตย์,5878,7.59,77470,,77470,,,295,94.85531,,311
อุทัยธานี,2,5,นางสุพรรณษา นันทา,กล้าธรรม,213,0.27,77470,,77470,,,295,94.85531,,311
อุบลราชธานี,1,1,นายวรสิทธิ์ กัลป์ตินันท์,เพื่อไทย,32328,36.74,87991,,87991,,,235,94.75806,,248
อุบลราชธานี,1,2,นายธีระพล เพ็งจันทร์,ประชาชน,27314,31.04,87991,,87991,,,235,94.75806,,248
อุบลราชธานี,1,3,นายธนพร สมศรี,ประชาธิปัตย์,9184,10.44,87991,,87991,,,235,94.75806,,248
อุบลราชธานี,1,4,นายวิศรุต สวัสดิ์วร,ไทยสร้างไทย,7869,8.94,87991,,87991,,,235,94.75806,,248
อุบลราชธานี,1,5,นายจเร ไขแสง,ภูมิใจไทย,7327,8.33,87991,,87991,,,235,94.75806,,248
อุบลราชธานี,1,6,นายนิมิต จันทเวทย์ศิริ,เศรษฐกิจ,2283,2.59,87991,,87991,,,235,94.75806,,248
อุบลราชธานี,1,7,นายพิษณุ อธิคมศาสตร์,พลวัต,1098,1.25,87991,,87991,,,235,94.75806,,248
อุบลราชธานี,1,8,นายมีชัย ศรีคูณ,พลังประชารัฐ,588,0.67,87991,,87991,,,235,94.75806,,248
อุบลราชธานี,2,1,นายณรงค์ชัย วีระกุล,ไทรวมพลัง,36198,39.69,91206,,91206,,,272,94.77352,,287
อุบลราชธานี,2,2,นายวุฒิพงษ์ นามบุตร,กล้าธรรม,33798,37.06,91206,,91206,,,272,94.77352,,287
อุบลราชธานี,2,3,นายปรีชญา ฉ่ำมณี,ประชาชน,12852,14.09,91206,,91206,,,272,94.77352,,287
อุบลราชธานี,2,4,นายประสพ สารสมัคร,เพื่อไทย,3566,3.91,91206,,91206,,,272,94.77352,,287
อุบลราชธานี,2,5,นายประเสริฐ เผ่าพันธ์,ภูมิใจไทย,2181,2.39,91206,,91206,,,272,94.77352,,287
อุบลราชธานี,2,6,นายเจริญชัย คำแฝง,เศรษฐกิจ,1006,1.1,91206,,91206,,,272,94.77352,,287
อุบลราชธานี,2,7,นางสาวณฐพร บุญประสิทธิ์,ประชาธิปัตย์,677,0.74,91206,,91206,,,272,94.77352,,287
อุบลราชธานี,2,8,เรืออากาศตรีประจวบ ทรัพย์สะอาด,พลังประชารัฐ,385,0.42,91206,,91206,,,272,94.77352,,287
อุบลราชธานี,2,9,นายวิทยา ครองยุติ,ประชาธิปไตยใหม่,375,0.41,91206,,91206,,,272,94.77352,,287
อุบลราชธานี,2,10,นายธัชชัย คมขำ,ไทยก้าวใหม่,168,0.18,91206,,91206,,,272,94.77352,,287
อุบลราชธานี,3,1,นางพิมพกาญจน์ พลสมัคร,ไทรวมพลัง,43632,50.68,86097,,86097,,,318,94.92537,,335
อุบลราชธานี,3,2,นางสาวณัฐนันท์ รัตโน,เพื่อไทย,22798,26.48,86097,,86097,,,318,94.92537,,335
อุบลราชธานี,3,3,นายปรเมธ ศรีหล้า,ประชาชน,13634,15.84,86097,,86097,,,318,94.92537,,335
อุบลราชธานี,3,4,นายจิรศักดิ์ ขันอาสา,ภูมิใจไทย,3409,3.96,86097,,86097,,,318,94.92537,,335
อุบลราชธานี,3,5,นายมิตร อนุวรรณ,ทางเลือกใหม่,745,0.87,86097,,86097,,,318,94.92537,,335
อุบลราชธานี,3,6,นางสาวพรปนัดดา ทวีดี,รวมไทยสร้างชาติ,625,0.73,86097,,86097,,,318,94.92537,,335
อุบลราชธานี,3,7,นายตรัยรัตน์ สาละมุล,ประชาธิปัตย์,554,0.64,86097,,86097,,,318,94.92537,,335
อุบลราชธานี,3,8,นายอธิปไตย คุ้ย ศรีมงคล,ไทยก้าวหน้า,441,0.51,86097,,86097,,,318,94.92537,,335
อุบลราชธานี,3,9,นายลำชี มะโนรัตน์,เพื่อบ้านเมือง,259,0.3,86097,,86097,,,318,94.92537,,335
อุบลราชธานี,4,1,นางสาวกิตติ์ธัญญา วาจาดี,เพื่อไทย,37794,37.5,100779,,100779,,,291,94.78827,,307
อุบลราชธานี,4,2,นายสุพล ฟองงาม,กล้าธรรม,28643,28.42,100779,,100779,,,291,94.78827,,307
อุบลราชธานี,4,3,นางสาวพุทธชาด จินตะเวช,ประชาชน,27899,27.68,100779,,100779,,,291,94.78827,,307
อุบลราชธานี,4,4,นายณัฐพงศ์ บุญทวี,ประชาธิปัตย์,2051,2.04,100779,,100779,,,291,94.78827,,307
อุบลราชธานี,4,5,นายรินไท มุ่งมาจน,สัมมาธิปไตย,1504,1.49,100779,,100779,,,291,94.78827,,307
อุบลราชธานี,4,6,นายอภิชาต วรโชติวิวรรธน์,ไทยสร้างไทย,1276,1.27,100779,,100779,,,291,94.78827,,307
อุบลราชธานี,4,7,นายเข็มทอง แก้วเนตร,พลังประชารัฐ,1195,1.19,100779,,100779,,,291,94.78827,,307
อุบลราชธานี,4,8,นางสุพัฒน์ นามมุงคุณ,ทางเลือกใหม่,417,0.41,100779,,100779,,,291,94.78827,,307
อุบลราชธานี,5,1,นายสุทธิชัย จรูญเนตร,ภูมิใจไทย,52151,64.39,80991,,80991,,,305,94.7205,,322
อุบลราชธานี,5,2,นายพร้อมพงศ์ สิถิลวัลย์,ประชาชน,15051,18.58,80991,,80991,,,305,94.7205,,322
อุบลราชธานี,5,3,นายรัฐกิตติ์ ผาลีพัฒน์,กล้าธรรม,8636,10.66,80991,,80991,,,305,94.7205,,322
อุบลราชธานี,5,4,นายอธิปัตย์ สืบศิรินุกูล,เพื่อไทย,3120,3.85,80991,,80991,,,305,94.7205,,322
อุบลราชธานี,5,5,นายบุญสอน สามัคคี,ประชาธิปัตย์,1082,1.34,80991,,80991,,,305,94.7205,,322
อุบลราชธานี,5,6,นางสาววิยดา พรหมทอง,พลังประชารัฐ,661,0.82,80991,,80991,,,305,94.7205,,322
อุบลราชธานี,5,7,นางสาวหนูดา มัฐผา,ทางเลือกใหม่,290,0.36,80991,,80991,,,305,94.7205,,322
อุบลราชธานี,6,1,นางสาวธัญธารีย์ สันตพันธุ์,เพื่อไทย,33345,42.67,78144,,78144,,,264,94.96403,,278
อุบลราชธานี,6,2,นายกิตติกร เชิดชู,ไทรวมพลัง,31887,40.81,78144,,78144,,,264,94.96403,,278
อุบลราชธานี,6,3,นายศิระ พันธ์ทอง,ประชาชน,9341,11.95,78144,,78144,,,264,94.96403,,278
อุบลราชธานี,6,4,นางสาวอุบลกาญจน์ อมรสิน,ภูมิใจไทย,2663,3.41,78144,,78144,,,264,94.96403,,278
อุบลราชธานี,6,5,นายฐาปนัฐ แสงสุกวาว,ประชาธิปไตยใหม่,471,0.6,78144,,78144,,,264,94.96403,,278
อุบลราชธานี,6,6,นายชาญ การเพียร,ประชาธิปัตย์,437,0.56,78144,,78144,,,264,94.96403,,278
อุบลราชธานี,7,1,นางสาวสุดารัตน์ พิทักษ์พรพัลลภ,ภูมิใจไทย,45003,51.72,87014,,87014,,,270,94.73684,,285
อุบลราชธานี,7,2,นายเชิดศักดิ์ โภคกุลกานนท์,เพื่อไทย,34817,40.01,87014,,87014,,,270,94.73684,,285
อุบลราชธานี,7,3,นายไพฑูรย์ จันทะยา,ประชาชน,6036,6.94,87014,,87014,,,270,94.73684,,285
อุบลราชธานี,7,4,นายชุติมันต์ ปานเพชร,ประชาธิปัตย์,618,0.71,87014,,87014,,,270,94.73684,,285
อุบลราชธานี,7,5,นางสาวชุพวัน สำราญพงษ์,พลังประชารัฐ,176,0.2,87014,,87014,,,270,94.73684,,285
อุบลราชธานี,7,6,นายมานะ แรงมูลพฤกษ์,แผ่นดินธรรม,151,0.17,87014,,87014,,,270,94.73684,,285
อุบลราชธานี,7,7,นายก้องชายแดน พินธุรักษ์,ประชากรไทย,137,0.16,87014,,87014,,,270,94.73684,,285
อุบลราชธานี,7,8,นายชาญณรงค์เดช อยู่สุข,ไทยก้าวใหม่,76,0.09,87014,,87014,,,270,94.73684,,285
อุบลราชธานี,8,1,นางสาวแนน บุณย์ธิดา สมชัย,ภูมิใจไทย,36651,42.05,87156,,87156,,,280,94.91525,,295
อุบลราชธานี,8,2,นายบรรหาร ศรีบุระ,ไทรวมพลัง,33084,37.96,87156,,87156,,,280,94.91525,,295
อุบลราชธานี,8,3,นายวชิรวิทย์ ธนวัฒน์กิจโภคิน,ประชาชน,11800,13.54,87156,,87156,,,280,94.91525,,295
อุบลราชธานี,8,4,นางสาวจิตภินันท์ วงษ์ขันธ์,เพื่อไทย,2674,3.07,87156,,87156,,,280,94.91525,,295
อุบลราชธานี,8,5,นายเสกสรร กอคูณ,เศรษฐกิจ,1522,1.75,87156,,87156,,,280,94.91525,,295
อุบลราชธานี,8,6,นายดลเดช แก้วใส,ประชาธิปัตย์,612,0.7,87156,,87156,,,280,94.91525,,295
อุบลราชธานี,8,7,จ่าสิบตรีประวิทย์ แก้วใส,รวมไทยสร้างชาติ,381,0.44,87156,,87156,,,280,94.91525,,295
อุบลราชธานี,8,8,นางสาวณัฏฐณิชา วันดึก,เพื่อบ้านเมือง,194,0.22,87156,,87156,,,280,94.91525,,295
อุบลราชธานี,8,9,นางใบแก้ว โคตรแสง,ประชาธิปไตยใหม่,138,0.16,87156,,87156,,,280,94.91525,,295
อุบลราชธานี,8,10,นางสาวแจ่มใจ ประสมสัตว์,ทางเลือกใหม่,100,0.11,87156,,87156,,,280,94.91525,,295
อุบลราชธานี,9,1,นางจิตรวรรณ หวังศุภกิจโกศล,ไทรวมพลัง,42832,54.58,78470,,78470,,,231,94.67213,,244
อุบลราชธานี,9,2,นางรำพูล ตันติวณิชชานนท์,กล้าธรรม,15396,19.62,78470,,78470,,,231,94.67213,,244
อุบลราชธานี,9,3,นายประภูศักดิ์ จินตะเวช,เพื่อไทย,11382,14.5,78470,,78470,,,231,94.67213,,244
อุบลราชธานี,9,4,นายกฤติน มักเรียน,ประชาชน,6786,8.65,78470,,78470,,,231,94.67213,,244
อุบลราชธานี,9,5,นางสาววิจิตรา สัตยากูล,ภูมิใจไทย,1576,2.01,78470,,78470,,,231,94.67213,,244
อุบลราชธานี,9,6,นายสุพจน์ วรรณสุข,ประชาธิปัตย์,369,0.47,78470,,78470,,,231,94.67213,,244
อุบลราชธานี,9,7,นายธีระ พุฒพิพักตร์,พลังประชารัฐ,129,0.16,78470,,78470,,,231,94.67213,,244
อุบลราชธานี,10,1,นายสมศักดิ์ บุญประชม,ไทรวมพลัง,66909,78.2,85556,,85556,,,304,94.70405,,321
อุบลราชธานี,10,2,นายสิโรตม์ แสนทวีสุข,ประชาชน,7494,8.76,85556,,85556,,,304,94.70405,,321
อุบลราชธานี,10,3,นายวัชรพล เชื้อคง,เพื่อไทย,6973,8.15,85556,,85556,,,304,94.70405,,321
อุบลราชธานี,10,4,นายเกษม ฉิมพลี,ภูมิใจไทย,3026,3.54,85556,,85556,,,304,94.70405,,321
อุบลราชธานี,10,5,นายยิ่ง ภูผา,ประชาธิปัตย์,612,0.72,85556,,85556,,,304,94.70405,,321
อุบลราชธานี,10,6,นางสาวมิลิณ กำเนิดสิงห์,พลังประชารัฐ,542,0.63,85556,,85556,,,304,94.70405,,321
อุบลราชธานี,11,1,นางสาวตวงทิพย์ จินตะเวช,ภูมิใจไทย,58379,72.94,80032,,80032,,,234,94.73684,,247
อุบลราชธานี,11,2,นายธีรศักดิ์ วีระจินตวงศ์,ประชาชน,11868,14.83,80032,,80032,,,234,94.73684,,247
อุบลราชธานี,11,3,นางอุบล สิมมา,เพื่อไทย,4521,5.65,80032,,80032,,,234,94.73684,,247
อุบลราชธานี,11,4,นายสุริยา ขันอาสา,ไทยสร้างไทย,2690,3.36,80032,,80032,,,234,94.73684,,247
อุบลราชธานี,11,5,นายเรืองศรี ตรีราช,รวมไทยสร้างชาติ,1047,1.31,80032,,80032,,,234,94.73684,,247
อุบลราชธานี,11,6,นายอำไพ เฉลิมสุข,ประชาธิปัตย์,781,0.98,80032,,80032,,,234,94.73684,,247
อุบลราชธานี,11,7,นายสมมาตร มะลิลา,กล้าธรรม,746,0.93,80032,,80032,,,234,94.73684,,247
อ่างทอง,1,1,นายภราดร ปริศนานันทกุล,ภูมิใจไทย,56130,70.36,79775,,79775,,,236,94.77912,,249
อ่างทอง,1,2,นายธโนดม โสขุมา,ประชาชน,17910,22.45,79775,,79775,,,236,94.77912,,249
อ่างทอง,1,3,นายณษกร เครือศิริ,เพื่อไทย,4270,5.35,79775,,79775,,,236,94.77912,,249
อ่างทอง,1,4,นางสาวภัทรสุดา บุษรานันท์,ประชาธิปัตย์,795,1.0,79775,,79775,,,236,94.77912,,249
อ่างทอง,1,5,นายพณศธร อยู่ประเสริฐ,กล้าธรรม,366,0.46,79775,,79775,,,236,94.77912,,249
อ่างทอง,1,6,พันเอก พิทักษ์ ทิพมาศ,พลังประชารัฐ,304,0.38,79775,,79775,,,236,94.77912,,249
อ่างทอง,2,1,นายกรวีร์ ปริศนานันทกุล,ภูมิใจไทย,60611,75.92,79838,,79838,,,243,94.92188,,256
อ่างทอง,2,2,นายสาโรจน์ ฉ่ำจิตร,ประชาชน,13876,17.38,79838,,79838,,,243,94.92188,,256
อ่างทอง,2,3,นายชวกร ศรีราชา,เพื่อไทย,4149,5.2,79838,,79838,,,243,94.92188,,256
อ่างทอง,2,4,นายอนุรักษ์ อมรเมตตาจิต,ประชาธิปัตย์,1202,1.51,79838,,79838,,,243,94.92188,,256
เชียงราย,1,1,นายธนรัช จงสุทธานามณี,เพื่อไทย,44084,44.57,98917,,98917,,,230,94.65021,,243
เชียงราย,1,2,นายชิตวัน ชินอนุวัฒน์,ประชาชน,38694,39.12,98917,,98917,,,230,94.65021,,243
เชียงราย,1,3,นายวุฒิชาติ เกรียงเกษร,กล้าธรรม,8150,8.24,98917,,98917,,,230,94.65021,,243
เชียงราย,1,4,นายนิติธร สมสิทธิ์,ภูมิใจไทย,3419,3.46,98917,,98917,,,230,94.65021,,243
เชียงราย,1,5,นายสมนึก ใจจักร์,รวมไทยสร้างชาติ,1383,1.4,98917,,98917,,,230,94.65021,,243
เชียงราย,1,6,นายเอกนิสิต ศรีแก้ว,พลวัต,1361,1.38,98917,,98917,,,230,94.65021,,243
เชียงราย,1,7,นายไอใจ ปู่หมื่อ,ประชาธิปัตย์,1020,1.03,98917,,98917,,,230,94.65021,,243
เชียงราย,1,8,นายธเนตร ติ๊บโทะ,โอกาสใหม่,563,0.57,98917,,98917,,,230,94.65021,,243
เชียงราย,1,9,นายธนัยรัชต์ ศรีโชติ,ปวงชนไทย,243,0.25,98917,,98917,,,230,94.65021,,243
เชียงราย,2,1,นางสาวปิยะรัฐชย์ ติยะไพรัช,เพื่อไทย,34901,39.3,88811,,88811,,,252,94.73684,,266
เชียงราย,2,2,นายอุทิศ มณีจันสุข,ประชาชน,25076,28.24,88811,,88811,,,252,94.73684,,266
เชียงราย,2,3,นายทรงพล ชีวินมหาชัย,กล้าธรรม,23435,26.39,88811,,88811,,,252,94.73684,,266
เชียงราย,2,4,นางสาวช่อพฤกษา อุดมทรัพย์,ภูมิใจไทย,2277,2.56,88811,,88811,,,252,94.73684,,266
เชียงราย,2,5,นายประเวช ราชชมภู,รวมไทยสร้างชาติ,1299,1.46,88811,,88811,,,252,94.73684,,266
เชียงราย,2,6,นายพงษ์พณิช อันพาพรม,ท้องที่ไทย,1061,1.19,88811,,88811,,,252,94.73684,,266
เชียงราย,2,7,นายหาญ ดอนลาว,ประชาธิปัตย์,762,0.86,88811,,88811,,,252,94.73684,,266
เชียงราย,3,1,นายพิทักษ์ แสงคำ,กล้าธรรม,34046,37.22,91475,,91475,,,308,94.76923,,325
เชียงราย,3,2,นายฐากูร ยะแสง,ประชาชน,25793,28.2,91475,,91475,,,308,94.76923,,325
เชียงราย,3,3,นายวิสาร เตชะธีราวัฒน์,เพื่อไทย,25466,27.84,91475,,91475,,,308,94.76923,,325
เชียงราย,3,4,นายประเวศน์ รวีโอภาส,ภูมิใจไทย,1856,2.03,91475,,91475,,,308,94.76923,,325
เชียงราย,3,5,นายเรืองฤทธิ์ พวกอินแสง,ประชาธิปัตย์,1709,1.87,91475,,91475,,,308,94.76923,,325
เชียงราย,3,6,นายอาคม จันต๊ะมา,รวมไทยสร้างชาติ,1674,1.83,91475,,91475,,,308,94.76923,,325
เชียงราย,3,7,นายสมชาติ ขวัญชัย,พลังประชารัฐ,931,1.02,91475,,91475,,,308,94.76923,,325
เชียงราย,4,1,นายสุรสิทธิ์ เจียมวิจักษณ์,กล้าธรรม,34210,35.94,95195,,95195,,,350,94.85095,,369
เชียงราย,4,2,นางสาววิสาระดี เตชะธีราวัฒน์,เพื่อไทย,29837,31.34,95195,,95195,,,350,94.85095,,369
เชียงราย,4,3,นายธรรมวัตร พรมเสน,ประชาชน,25943,27.25,95195,,95195,,,350,94.85095,,369
เชียงราย,4,4,นายเทียม เทพแสน,ภูมิใจไทย,1671,1.76,95195,,95195,,,350,94.85095,,369
เชียงราย,4,5,นายสหการ เขื่อนแปด,ประชาธิปัตย์,1375,1.44,95195,,95195,,,350,94.85095,,369
เชียงราย,4,6,นายอินตา เมืองมูล,รวมไทยสร้างชาติ,954,1.0,95195,,95195,,,350,94.85095,,369
เชียงราย,4,7,นายวัชรพงศ์ ปิโย,โอกาสใหม่,856,0.9,95195,,95195,,,350,94.85095,,369
เชียงราย,4,8,นายชาติบัญชา จำปาเจียม,พลวัต,349,0.37,95195,,95195,,,350,94.85095,,369
เชียงราย,5,1,นายรังสรรค์ วันไชยธนวงศ์,ภูมิใจไทย,53198,58.23,91365,,91365,,,284,94.98328,,299
เชียงราย,5,2,นายนาวิน วังแปง,ประชาชน,17405,19.05,91365,,91365,,,284,94.98328,,299
เชียงราย,5,3,นายเทอดชาติ ชัยพงษ์,เพื่อไทย,17204,18.83,91365,,91365,,,284,94.98328,,299
เชียงราย,5,4,นายพันธวัช ภูผาพันธกานต์,พลวัต,2383,2.61,91365,,91365,,,284,94.98328,,299
เชียงราย,5,5,นายสุรชาติ ผิวแดง,ประชาธิปัตย์,699,0.77,91365,,91365,,,284,94.98328,,299
เชียงราย,5,6,นายนิกร จันทร์หอม,รวมไทยสร้างชาติ,476,0.52,91365,,91365,,,284,94.98328,,299
เชียงราย,6,1,นางมลธิชา ไชยบาล,กล้าธรรม,28526,37.3,76481,,76481,,,231,94.67213,,244
เชียงราย,6,2,นางจุฬาลักษณ์ ขันสุธรรม,ประชาชน,24836,32.47,76481,,76481,,,231,94.67213,,244
เชียงราย,6,3,นายชัยยนต์ ศรีสมุทร,เพื่อไทย,19203,25.11,76481,,76481,,,231,94.67213,,244
เชียงราย,6,4,นายกฤษฎ์ชัยณัช วงศ์สมพฤกษ์,ประชาธิปัตย์,1400,1.83,76481,,76481,,,231,94.67213,,244
เชียงราย,6,5,นายธวัชชัย อภิวงค์,รวมไทยสร้างชาติ,1277,1.67,76481,,76481,,,231,94.67213,,244
เชียงราย,6,6,นายอนันต์ แพทยานนท์,พลังประชารัฐ,509,0.67,76481,,76481,,,231,94.67213,,244
เชียงราย,6,7,นายบัณฑิต สุรินเปา,ไทยก้าวหน้า,429,0.56,76481,,76481,,,231,94.67213,,244
เชียงราย,6,8,นางภัทรวัลย์ ผลไพบูลย์,พลวัต,301,0.39,76481,,76481,,,231,94.67213,,244
เชียงราย,7,1,นายสุธีระพงษ์ วันไชยธนวงศ์,กล้าธรรม,33398,37.51,89036,,89036,,,283,94.96644,,298
เชียงราย,7,2,นายสง่า พรมเมือง,เพื่อไทย,24729,27.77,89036,,89036,,,283,94.96644,,298
เชียงราย,7,3,นายสุทัศน์ ยาละ,ประชาชน,21563,24.22,89036,,89036,,,283,94.96644,,298
เชียงราย,7,4,นางสาวมิรันตี บุญแก้ว,โอกาสใหม่,2546,2.86,89036,,89036,,,283,94.96644,,298
เชียงราย,7,5,นายเสกสรรค์ เชื้อเมืองพาน,ภูมิใจไทย,2280,2.56,89036,,89036,,,283,94.96644,,298
เชียงราย,7,6,นางสาวอรทัย บัวศรี,ประชากรไทย,1699,1.91,89036,,89036,,,283,94.96644,,298
เชียงราย,7,7,ร้อยตำรวจเอก ดอน สมควร,ประชาธิปัตย์,1114,1.25,89036,,89036,,,283,94.96644,,298
เชียงราย,7,8,นายทนงศักดิ์ ศรีทองจันทร์,เศรษฐกิจ,646,0.73,89036,,89036,,,283,94.96644,,298
เชียงราย,7,9,นายบุญเกิด ร่องแก้ว,รวมไทยสร้างชาติ,609,0.68,89036,,89036,,,283,94.96644,,298
เชียงราย,7,10,นายเสรี วังแง่,พลวัต,452,0.51,89036,,89036,,,283,94.96644,,298
เชียงใหม่,1,1,นางสาวเพชรรัตน์ ใหม่ชมภู,ประชาชน,47840,51.06,93695,,93695,,,223,94.89362,,235
เชียงใหม่,1,2,นายธีรพัฒน์ ตันพิริยะกุล,เพื่อไทย,20164,21.52,93695,,93695,,,223,94.89362,,235
เชียงใหม่,1,3,นางสาวนารากร ติยายน,ประชาธิปัตย์,8513,9.09,93695,,93695,,,223,94.89362,,235
เชียงใหม่,1,4,นายชินภัสร์ กิจเลิศสิริวัฒนา,ภูมิใจไทย,6888,7.35,93695,,93695,,,223,94.89362,,235
เชียงใหม่,1,5,นายภวฤทธิ์ กาญจนเกตุ,กล้าธรรม,3091,3.3,93695,,93695,,,223,94.89362,,235
เชียงใหม่,1,6,นายนิธิวิทย์ เกียรติสยมภู,รวมไทยสร้างชาติ,3033,3.24,93695,,93695,,,223,94.89362,,235
เชียงใหม่,1,7,นางสาวมนัญชยา นิลประยูร,เศรษฐกิจ,1390,1.48,93695,,93695,,,223,94.89362,,235
เชียงใหม่,1,8,นายพจนารถ ศรียารัณย,โอกาสใหม่,943,1.01,93695,,93695,,,223,94.89362,,235
เชียงใหม่,1,9,นายปราณกมล สุขวรวงษ์,วิชชั่นใหม่,769,0.82,93695,,93695,,,223,94.89362,,235
เชียงใหม่,1,10,นายอิสระพงศ์ เจริญวรายุทธ,รักชาติ,460,0.49,93695,,93695,,,223,94.89362,,235
เชียงใหม่,1,11,ว่าที่ร้อยเอกจอห์นนพดล วศินสุนทร,เสรีรวมไทย,437,0.47,93695,,93695,,,223,94.89362,,235
เชียงใหม่,1,12,นายญาณพัฒน์ พันอ้น,ไทยก้าวใหม่,167,0.18,93695,,93695,,,223,94.89362,,235
เชียงใหม่,2,1,นางสาวการณิก จันทดา,ประชาชน,51532,50.86,101324,,101324,,,269,94.71831,,284
เชียงใหม่,2,2,นายเพทาย เตโชฬาร,เพื่อไทย,26155,25.81,101324,,101324,,,269,94.71831,,284
เชียงใหม่,2,3,นายยุทธนา สุวรรณ,ภูมิใจไทย,7177,7.08,101324,,101324,,,269,94.71831,,284
เชียงใหม่,2,4,นายตะวัน ตุ้มวอน,เศรษฐกิจ,3812,3.76,101324,,101324,,,269,94.71831,,284
เชียงใหม่,2,5,พล.ต.ต.ปิยะพันธ์ ภัทรพงศ์สินธุ์,ประชาธิปัตย์,3738,3.69,101324,,101324,,,269,94.71831,,284
เชียงใหม่,2,6,นายเลอยศ พุทธชิโนรสสกุล,พลังประชารัฐ,3146,3.1,101324,,101324,,,269,94.71831,,284
เชียงใหม่,2,7,ร.ต.ต.เกษมสันต์ ยศรุ่งโรจน์,กล้าธรรม,2350,2.32,101324,,101324,,,269,94.71831,,284
เชียงใหม่,2,8,นายอานนท์ สิงห์ตาแก้ว,รวมไทยสร้างชาติ,1557,1.54,101324,,101324,,,269,94.71831,,284
เชียงใหม่,2,9,นางศรีพรรณ์ เขียวทอง,ก้าวอิสระ,862,0.85,101324,,101324,,,269,94.71831,,284
เชียงใหม่,2,10,นายภาณุวิชญ์ สายหมอก,ไทยก้าวใหม่,576,0.57,101324,,101324,,,269,94.71831,,284
เชียงใหม่,2,11,นางสาวศิวพร ตุลวรรธนะ,ประชากรไทย,235,0.23,101324,,101324,,,269,94.71831,,284
เชียงใหม่,2,12,นายประเสริฐ คเณสุข,วิชชั่นใหม่,184,0.18,101324,,101324,,,269,94.71831,,284
เชียงใหม่,3,1,นายณัฐพล โตวิจักษณ์ชัยกุล,ประชาชน,49235,49.36,99756,,99756,,,277,94.86301,,292
เชียงใหม่,3,2,นายจักรพล ตั้งสุทธิธรรม,เพื่อไทย,28351,28.42,99756,,99756,,,277,94.86301,,292
เชียงใหม่,3,3,นายเกษม ปารมีศิลป์ขจร,ภูมิใจไทย,7296,7.31,99756,,99756,,,277,94.86301,,292
เชียงใหม่,3,4,นายศักดิ์สุบรรณ คันธา,ประชาธิปัตย์,5464,5.48,99756,,99756,,,277,94.86301,,292
เชียงใหม่,3,5,นายธนากร สุภาษา,กล้าธรรม,2335,2.34,99756,,99756,,,277,94.86301,,292
เชียงใหม่,3,6,นางสรวีย์ เขื่อนวงค์วิน,เศรษฐกิจ,1954,1.96,99756,,99756,,,277,94.86301,,292
เชียงใหม่,3,7,นายไพศาล ใจแก้ว,รวมไทยสร้างชาติ,1426,1.43,99756,,99756,,,277,94.86301,,292
เชียงใหม่,3,8,พลตรีพนม ศรีเผือด,โอกาสใหม่,1265,1.27,99756,,99756,,,277,94.86301,,292
เชียงใหม่,3,9,นางจิตรา สุจารี,ประชากรไทย,583,0.58,99756,,99756,,,277,94.86301,,292
เชียงใหม่,3,10,นายเตชสิทธิ์ สีแดง,วิชชั่นใหม่,549,0.55,99756,,99756,,,277,94.86301,,292
เชียงใหม่,3,11,นายพรชัย อรรถปรียางกูร,ก้าวอิสระ,486,0.49,99756,,99756,,,277,94.86301,,292
เชียงใหม่,3,12,นายสมหวัง อุทัศ,เสรีรวมไทย,376,0.38,99756,,99756,,,277,94.86301,,292
เชียงใหม่,3,13,นางดรุณี นันทวิชัย,เพื่อบ้านเมือง,228,0.23,99756,,99756,,,277,94.86301,,292
เชียงใหม่,3,14,นายอรุณ โปธิตา,พลวัต,208,0.21,99756,,99756,,,277,94.86301,,292
เชียงใหม่,4,1,นางสาวพุธิตา ชัยอนันต์,ประชาชน,49641,46.9,105843,,105843,,,230,94.65021,,243
เชียงใหม่,4,2,นายภานุ เจริญสุข,เพื่อไทย,22208,20.98,105843,,105843,,,230,94.65021,,243
เชียงใหม่,4,3,นายโสภณ โกชุม,กล้าธรรม,16970,16.03,105843,,105843,,,230,94.65021,,243
เชียงใหม่,4,4,นายศรัณญ์ ใจคำ,ภูมิใจไทย,6728,6.36,105843,,105843,,,230,94.65021,,243
เชียงใหม่,4,5,นายจิรวัฒน์ อริยคงพันธุ์,ประชาธิปัตย์,3025,2.86,105843,,105843,,,230,94.65021,,243
เชียงใหม่,4,6,นายธนกฤต การบูรณ์,วิชชั่นใหม่,1914,1.81,105843,,105843,,,230,94.65021,,243
เชียงใหม่,4,7,นางกิ่งกาญจน์ ณ เชียงใหม่,ก้าวอิสระ,1434,1.35,105843,,105843,,,230,94.65021,,243
เชียงใหม่,4,8,นายสุนทร ชัยศรีอ้าย,เศรษฐกิจ,1355,1.28,105843,,105843,,,230,94.65021,,243
เชียงใหม่,4,9,พันเอกศรัณย์ แสนพรหม,รวมไทยสร้างชาติ,1143,1.08,105843,,105843,,,230,94.65021,,243
เชียงใหม่,4,10,นายชาญชัย ชัยมงคล,ไทยก้าวใหม่,494,0.47,105843,,105843,,,230,94.65021,,243
เชียงใหม่,4,11,นายบุญฤทธิ์ มูลเฟย,ประชากรไทย,386,0.36,105843,,105843,,,230,94.65021,,243
เชียงใหม่,4,12,นายประเสริฐ ทรงคำ,พลังประชารัฐ,367,0.35,105843,,105843,,,230,94.65021,,243
เชียงใหม่,4,13,นางภัทรพรรณ เหล่าสถิรวงค์,ปวงชนไทย,178,0.17,105843,,105843,,,230,94.65021,,243
เชียงใหม่,5,1,นายสมชิด กันธะยา,ประชาชน,39120,42.55,91933,,91933,,,281,94.93243,,296
เชียงใหม่,5,2,นางสาวอัจฉรารัตน์ นันทะเสน,เพื่อไทย,32589,35.45,91933,,91933,,,281,94.93243,,296
เชียงใหม่,5,3,นางวาสนา ทองสุข,ภูมิใจไทย,9978,10.85,91933,,91933,,,281,94.93243,,296
เชียงใหม่,5,4,นายสุรเวศม์ รินแก้ว,ประชาธิปัตย์,2178,2.37,91933,,91933,,,281,94.93243,,296
เชียงใหม่,5,5,นายกฤศอนันต์ วัฒนะ,โอกาสใหม่,2013,2.19,91933,,91933,,,281,94.93243,,296
เชียงใหม่,5,6,นายธนภูมิ วงศ์บุณยกรชัย,กล้าธรรม,1714,1.86,91933,,91933,,,281,94.93243,,296
เชียงใหม่,5,7,ร้อยตำรวจเอก ปรีชาพล รัตนมณี,เศรษฐกิจ,1311,1.43,91933,,91933,,,281,94.93243,,296
เชียงใหม่,5,8,ร้อยตำรวจโท วิทยา สิงห์มณี,รวมไทยสร้างชาติ,908,0.99,91933,,91933,,,281,94.93243,,296
เชียงใหม่,5,9,นางณัฐสุรางค์ กิตติภัทเมธา,วิชชั่นใหม่,874,0.95,91933,,91933,,,281,94.93243,,296
เชียงใหม่,5,10,นางฉัฐฐ์คณากร ภักดี,ประชากรไทย,691,0.75,91933,,91933,,,281,94.93243,,296
เชียงใหม่,5,11,นางสาวอรณิช ชัยขัน,เพื่อบ้านเมือง,308,0.34,91933,,91933,,,281,94.93243,,296
เชียงใหม่,5,12,นางจินตนา ไชยชมภู,ก้าวอิสระ,249,0.27,91933,,91933,,,281,94.93243,,296
เชียงใหม่,6,1,นางสาวสุภานันท์ ปัญญาทิพย์,กล้าธรรม,33043,40.51,81574,,81574,,,275,94.82759,,290
เชียงใหม่,6,2,ว่าที่ร้อยตรีหญิงอรพรรณ จันตาเรื่อง,ประชาชน,26649,32.67,81574,,81574,,,275,94.82759,,290
เชียงใหม่,6,3,นายบัณจงศักดิ์ วงศ์รัตนวรรณ,เพื่อไทย,16016,19.63,81574,,81574,,,275,94.82759,,290
เชียงใหม่,6,4,นายวรโชติ จี้เรือน,ภูมิใจไทย,2041,2.5,81574,,81574,,,275,94.82759,,290
เชียงใหม่,6,5,นายอุทิศ สายดวงแก้ว,ประชาธิปัตย์,1534,1.88,81574,,81574,,,275,94.82759,,290
เชียงใหม่,6,6,นายธรรมมญ วุฒิลักษณ์,เศรษฐกิจ,1166,1.43,81574,,81574,,,275,94.82759,,290
เชียงใหม่,6,7,นายอรุณ ธนะหมี,รวมไทยสร้างชาติ,798,0.98,81574,,81574,,,275,94.82759,,290
เชียงใหม่,6,8,นายเอก ปุกมณี,วิชชั่นใหม่,327,0.4,81574,,81574,,,275,94.82759,,290
เชียงใหม่,7,1,นายการุณย์ คูเจริญชัยกุล,กล้าธรรม,33492,36.98,90578,,90578,,,275,94.82759,,290
เชียงใหม่,7,2,นายสมดุลย์ อุตเจริญ,ประชาชน,20275,22.38,90578,,90578,,,275,94.82759,,290
เชียงใหม่,7,3,นายนิธิกร วุฒินันชัย,เพื่อไทย,15747,17.39,90578,,90578,,,275,94.82759,,290
เชียงใหม่,7,4,นายไกร ดาบธรรม,พลังประชารัฐ,14011,15.47,90578,,90578,,,275,94.82759,,290
เชียงใหม่,7,5,นายอดุลย์ บุญใส,ภูมิใจไทย,3230,3.57,90578,,90578,,,275,94.82759,,290
เชียงใหม่,7,6,นายชาญวิทยายุทธ์ อินทร์แก้ว,ประชากรไทย,1233,1.36,90578,,90578,,,275,94.82759,,290
เชียงใหม่,7,7,นายสันติ ตันสุหัช,ก้าวอิสระ,1015,1.12,90578,,90578,,,275,94.82759,,290
เชียงใหม่,7,8,นายพิสัณห์ อุปนันท์,เศรษฐกิจ,901,0.99,90578,,90578,,,275,94.82759,,290
เชียงใหม่,7,9,นายเกรียงกมล ศรีมา,ประชาธิปัตย์,674,0.74,90578,,90578,,,275,94.82759,,290
เชียงใหม่,8,1,นายภัทรพงษ์ ลีลาภัทร์,ประชาชน,57851,54.48,106179,,106179,,,310,94.80122,,327
เชียงใหม่,8,2,นายณัฏฐ์พัฒน์ รัฐไผท,เพื่อไทย,28146,26.51,106179,,106179,,,310,94.80122,,327
เชียงใหม่,8,3,นายสุริยนต์ ปันทะนะ,ภูมิใจไทย,5542,5.22,106179,,106179,,,310,94.80122,,327
เชียงใหม่,8,4,นางสาวกุสุมา บัวพันธ์,กล้าธรรม,3815,3.59,106179,,106179,,,310,94.80122,,327
เชียงใหม่,8,5,นางสาวณาญาณนันท์ สุริยา,โอกาสใหม่,3352,3.16,106179,,106179,,,310,94.80122,,327
เชียงใหม่,8,6,นายพิชิต ผ่องเกษร,เศรษฐกิจ,1935,1.82,106179,,106179,,,310,94.80122,,327
เชียงใหม่,8,7,นายสุรพล เกียรติไชยากร,พลังประชารัฐ,1868,1.76,106179,,106179,,,310,94.80122,,327
เชียงใหม่,8,8,นายชัยวัฒน์ เชื้อสกุล,ประชาธิปัตย์,1674,1.58,106179,,106179,,,310,94.80122,,327
เชียงใหม่,8,9,นายภูสวัสดิ์ สุขเลี้ยง,รวมไทยสร้างชาติ,1065,1.0,106179,,106179,,,310,94.80122,,327
เชียงใหม่,8,10,นายภัทรพนธ์ ชาชุมพร,วิชชั่นใหม่,659,0.62,106179,,106179,,,310,94.80122,,327
เชียงใหม่,8,11,นายพงศ์พัศ กันทา,ประชากรไทย,149,0.14,106179,,106179,,,310,94.80122,,327
เชียงใหม่,8,12,นายศานต์ภิสิทธิ์ ปัญญาทิพย์,เพื่อบ้านเมือง,123,0.12,106179,,106179,,,310,94.80122,,327
เชียงใหม่,9,1,นายนเรศ ธำรงค์ทิพยคุณ,กล้าธรรม,43388,45.1,96198,,96198,,,279,94.89796,,294
เชียงใหม่,9,2,นายฉัตรณพัฒน์ สมศักดิ์เกตุกร,ประชาชน,23465,24.39,96198,,96198,,,279,94.89796,,294
เชียงใหม่,9,3,นายยงยุทธ์ ยาวิชัย,เพื่อไทย,15550,16.16,96198,,96198,,,279,94.89796,,294
เชียงใหม่,9,4,นายณรงค์ ภูอิทธิวงศ์,ประชาธิปัตย์,6308,6.56,96198,,96198,,,279,94.89796,,294
เชียงใหม่,9,5,นางสาวศรีนวล บุญลือ,ภูมิใจไทย,5387,5.6,96198,,96198,,,279,94.89796,,294
เชียงใหม่,9,6,นายวารัชกรณ์ ชุณหบุญญทิพย์,วิชชั่นใหม่,821,0.85,96198,,96198,,,279,94.89796,,294
เชียงใหม่,9,7,นายถาวร เกียรติไชยากร,พลังประชารัฐ,722,0.75,96198,,96198,,,279,94.89796,,294
เชียงใหม่,9,8,นางสาวกาญจนา อาวรณ์,เศรษฐกิจ,557,0.58,96198,,96198,,,279,94.89796,,294
เชียงใหม่,10,1,นายนรพล ตันติมนตรี,กล้าธรรม,34102,42.26,80699,,80699,,,266,95,,280
เชียงใหม่,10,2,นางสาวศรีโสภา โกฏคำลือ,เพื่อไทย,30928,38.33,80699,,80699,,,266,95,,280
เชียงใหม่,10,3,นายอิทธิธัญกร ตาตำ,ประชาชน,12789,15.85,80699,,80699,,,266,95,,280
เชียงใหม่,10,4,นายสุนทร มาลีการุณกิจ,ภูมิใจไทย,1251,1.55,80699,,80699,,,266,95,,280
เชียงใหม่,10,5,นายชาตรี หล้าพระบาง,ประชาธิปัตย์,942,1.17,80699,,80699,,,266,95,,280
เชียงใหม่,10,6,นายธวัชชัย แสงสว่าง,พลังประชารัฐ,687,0.85,80699,,80699,,,266,95,,280
เพชรบุรี,1,1,นางธิวัลรัตน์ อังกินันทน์,ภูมิใจไทย,61734,68.89,89618,,89618,,,228,95,,240
เพชรบุรี,1,2,น.ส.ปินดา บุโรทกานนท์,ประชาชน,20431,22.8,89618,,89618,,,228,95,,240
เพชรบุรี,1,3,นายฐานันดร์ ขันธ์แก้ว,ประชาธิปัตย์,5699,6.36,89618,,89618,,,228,95,,240
เพชรบุรี,1,4,นายประพัฒน์ ปานยิ้ม,เพื่อไทย,1754,1.96,89618,,89618,,,228,95,,240
เพชรบุรี,2,1,นายฤกษ์ อยู่ดี,ภูมิใจไทย,67251,70.12,95907,,95907,,,242,94.90196,,255
เพชรบุรี,2,2,นายสันทัด คุ้มสอาด,ประชาชน,19089,19.9,95907,,95907,,,242,94.90196,,255
เพชรบุรี,2,3,นายปฏิญญา ปักกิ่งเมือง,เพื่อไทย,4307,4.49,95907,,95907,,,242,94.90196,,255
เพชรบุรี,2,4,นายอนันตชัย ชาครานุวัฒนพงศ์,ประชาธิปัตย์,3379,3.52,95907,,95907,,,242,94.90196,,255
เพชรบุรี,2,5,ผศ.เกริกฤทธิ์ อัมพะวัต,เศรษฐกิจ,1881,1.96,95907,,95907,,,242,94.90196,,255
เพชรบุรี,3,1,จ่าอากาศเอก อภิชาติ แก้วโกศล,ภูมิใจไทย,71153,74.89,95005,,95005,,,266,94.66192,,281
เพชรบุรี,3,2,นายหัสพันธ์ เสมเถื่อน,ประชาชน,14187,14.93,95005,,95005,,,266,94.66192,,281
เพชรบุรี,3,3,นายกฤษณ์ แก้วอยู่,กล้าธรรม,3900,4.11,95005,,95005,,,266,94.66192,,281
เพชรบุรี,3,4,นายวิรัฐ จันทวิโรจน์,ประชาธิปัตย์,2660,2.8,95005,,95005,,,266,94.66192,,281
เพชรบุรี,3,5,ว่าที่ ร.ต.เสรี รูปิยะเวช,เศรษฐกิจ,1626,1.71,95005,,95005,,,266,94.66192,,281
เพชรบุรี,3,6,นายอำนาจ โกงกาง,เพื่อไทย,1479,1.56,95005,,95005,,,266,94.66192,,281
เพชรบูรณ์,1,1,นางสาวพิมพ์พร พรพฤฒิพันธุ์,ภูมิใจไทย,50631,62.79,80630,,80630,,,229,94.6281,,242
เพชรบูรณ์,1,2,นายรัฐภูมิ เลิศไพจิตร,ประชาชน,22369,27.74,80630,,80630,,,229,94.6281,,242
เพชรบูรณ์,1,3,นายสิทธิชัย ต๊ะอาจ,เพื่อไทย,3334,4.13,80630,,80630,,,229,94.6281,,242
เพชรบูรณ์,1,4,นายธนเดช หินวิเศษ,ประชาธิปัตย์,1704,2.11,80630,,80630,,,229,94.6281,,242
เพชรบูรณ์,1,5,นายกฤษณพงศ์ สอนน้อย,เศรษฐกิจ,1575,1.95,80630,,80630,,,229,94.6281,,242
เพชรบูรณ์,1,6,นายณัฐพล ขวัญแจ่ม,ปวงชนไทย,659,0.82,80630,,80630,,,229,94.6281,,242
เพชรบูรณ์,1,7,นายพรเทพ เพชรรุ่งทอง,กล้าธรรม,358,0.44,80630,,80630,,,229,94.6281,,242
เพชรบูรณ์,2,1,นายยุพราช บัวอินทร์,ภูมิใจไทย,41515,43.46,95529,,95529,,,276,94.84536,,291
เพชรบูรณ์,2,2,นายจักรัตน์ พัวช่วย,กล้าธรรม,40158,42.04,95529,,95529,,,276,94.84536,,291
เพชรบูรณ์,2,3,นายรวงทิพร แสนคำภูเขตต์,ประชาชน,10678,11.18,95529,,95529,,,276,94.84536,,291
เพชรบูรณ์,2,4,นายธนะโรจน์ อัครกิจชัยนนท์,เพื่อไทย,1001,1.05,95529,,95529,,,276,94.84536,,291
เพชรบูรณ์,2,5,นายประเสริฐ ฤทธิ์คุ้ม,ประชาธิปัตย์,687,0.72,95529,,95529,,,276,94.84536,,291
เพชรบูรณ์,2,6,นายจำเนียร โฉมงาม,เศรษฐกิจ,673,0.7,95529,,95529,,,276,94.84536,,291
เพชรบูรณ์,2,7,นางสาวนธพร ตันติบูล,ปวงชนไทย,374,0.39,95529,,95529,,,276,94.84536,,291
เพชรบูรณ์,2,8,นายวงศ์วิศว์ ผลลอย,พลังประชารัฐ,239,0.25,95529,,95529,,,276,94.84536,,291
เพชรบูรณ์,2,9,นายบัณฑิต บุญอุดมกิจ,ไทยพิทักษ์ธรรม,116,0.12,95529,,95529,,,276,94.84536,,291
เพชรบูรณ์,2,10,นายมนตรี ผลจันทร์,พร้อม,88,0.09,95529,,95529,,,276,94.84536,,291
เพชรบูรณ์,3,1,นายบุญชัย กิตติธราทรัพย์,ภูมิใจไทย,39652,46.37,85510,,85510,,,284,94.98328,,299
เพชรบูรณ์,3,2,นายชัยณรงค์ สืบสุรีย์กุล,กล้าธรรม,19012,22.23,85510,,85510,,,284,94.98328,,299
เพชรบูรณ์,3,3,นายมนตรี ขุนเทพ,ประชาชน,14682,17.17,85510,,85510,,,284,94.98328,,299
เพชรบูรณ์,3,4,นางสาวตรีชฎา ศรีธาดา,เพื่อไทย,8790,10.28,85510,,85510,,,284,94.98328,,299
เพชรบูรณ์,3,5,นายธนาดร หลิมเจริญ,ประชาธิปัตย์,1454,1.7,85510,,85510,,,284,94.98328,,299
เพชรบูรณ์,3,6,ร.ท. อเนก ก้อนมณี,เศรษฐกิจ,1109,1.3,85510,,85510,,,284,94.98328,,299
เพชรบูรณ์,3,7,นายจักรพันธ์ พิมเสน,ไทยภักดีธรรม,694,0.81,85510,,85510,,,284,94.98328,,299
เพชรบูรณ์,3,8,นายอดิกานต์ วิทยศักดิ์,ปวงชนไทย,117,0.14,85510,,85510,,,284,94.98328,,299
เพชรบูรณ์,4,1,นายวรโชติ สุคนธ์ขจร,ภูมิใจไทย,48590,67.12,72394,,72394,,,281,94.93243,,296
เพชรบูรณ์,4,2,นายพรหมธาดา วิเศษสิงห์,ประชาชน,13294,18.36,72394,,72394,,,281,94.93243,,296
เพชรบูรณ์,4,3,นายทวีศักดิ์ อนรรฆพันธ์,เพื่อไทย,6132,8.47,72394,,72394,,,281,94.93243,,296
เพชรบูรณ์,4,4,นายธนภาค บุ้งจันทร์,เศรษฐกิจ,1153,1.59,72394,,72394,,,281,94.93243,,296
เพชรบูรณ์,4,5,นายทองมา ทองอำ,โอกาสใหม่,698,0.96,72394,,72394,,,281,94.93243,,296
เพชรบูรณ์,4,6,นายภาณุวัฒน์ หาญเชิงชัย,ประชาธิปัตย์,593,0.82,72394,,72394,,,281,94.93243,,296
เพชรบูรณ์,4,7,นายโชคชัย มั่นเติม,ประชากรไทย,567,0.78,72394,,72394,,,281,94.93243,,296
เพชรบูรณ์,4,8,นายเกรียงศักดิ์ ศรีวงษ์ราช,พลังประชารัฐ,451,0.62,72394,,72394,,,281,94.93243,,296
เพชรบูรณ์,4,9,นายทวีศักดิ์ เชื้อบุญมี,พร้อม,424,0.59,72394,,72394,,,281,94.93243,,296
เพชรบูรณ์,4,10,นายวิเชียร แดงม่วง,กล้าธรรม,385,0.53,72394,,72394,,,281,94.93243,,296
เพชรบูรณ์,4,11,น.ส.นัฐธันยพร ภวิตรารัตนศิริ,ปวงชนไทย,107,0.15,72394,,72394,,,281,94.93243,,296
เพชรบูรณ์,5,1,นางวันเพ็ญ พร้อมพัฒน์,ภูมิใจไทย,45747,62.26,73475,,73475,,,272,94.77352,,287
เพชรบูรณ์,5,2,นางสาวธารดา จันทร์สอน,ประชาชน,16678,22.7,73475,,73475,,,272,94.77352,,287
เพชรบูรณ์,5,3,นายสุประวีณ์ อนรรฆพันธ์,เพื่อไทย,6216,8.46,73475,,73475,,,272,94.77352,,287
เพชรบูรณ์,5,4,นายบุญร่วม แสงมี,เศรษฐกิจ,2243,3.05,73475,,73475,,,272,94.77352,,287
เพชรบูรณ์,5,5,ร.อ.ทรงพล ทวีค้ำคูณ,รวมไทยสร้างชาติ,1201,1.63,73475,,73475,,,272,94.77352,,287
เพชรบูรณ์,5,6,นายธีรศาสนติ์ ทัศน์สุวรรณ,ประชาธิปัตย์,912,1.24,73475,,73475,,,272,94.77352,,287
เพชรบูรณ์,5,7,นายทองสุข บำรุงนอก,พลังประชาชารัฐ,478,0.65,73475,,73475,,,272,94.77352,,287
เพชรบูรณ์,6,1,นายอัคร ทองใจสด,ภูมิใจไทย,59008,72.73,81129,,81129,,,279,88.29114,,316
เพชรบูรณ์,6,2,นายอัครพงษ์ สิทธิ,ประชาชน,14303,17.63,81129,,81129,,,279,88.29114,,316
เพชรบูรณ์,6,3,นายเกรียงไกร ปานสีทอง,เพื่อไทย,4610,5.68,81129,,81129,,,279,88.29114,,316
เพชรบูรณ์,6,4,นายสรธร โฉมงาม,เศรษฐกิจ,1286,1.59,81129,,81129,,,279,88.29114,,316
เพชรบูรณ์,6,5,นายศุภกิตติ์ คำดี,ประชาธิปัตย์,1077,1.33,81129,,81129,,,279,88.29114,,316
เพชรบูรณ์,6,6,นายมนัส ทองคันทา,ปวงชนไทย,544,0.67,81129,,81129,,,279,88.29114,,316
เพชรบูรณ์,6,7,นายคฑาเพชร แก่นแก้ว,กล้าธรรม,301,0.37,81129,,81129,,,279,88.29114,,316
เลย,1,1,นายเลิศศักดิ์ พัฒนชัยกุล,เพื่อไทย,42730,50.23,85064,,85064,,,216,94.73684,,228
เลย,1,2,นายวิทยา บุญมีวิเศษ,ประชาชน,18230,21.43,85064,,85064,,,216,94.73684,,228
เลย,1,3,นางสาวอาริยา ภูมิพัฒน์,กล้าธรรม,14827,17.43,85064,,85064,,,216,94.73684,,228
เลย,1,4,นายฉัตรชัย ลีกระจ่าง,ภูมิใจไทย,4886,5.74,85064,,85064,,,216,94.73684,,228
เลย,1,5,นายทศพล พรหมเกตุ,ประชาธิปัตย์,1763,2.07,85064,,85064,,,216,94.73684,,228
เลย,1,6,ดาบตำรวจ ไมตรี วาที,เศรษฐกิจ,1201,1.41,85064,,85064,,,216,94.73684,,228
เลย,1,7,นายนิติกรณ์ เกี่ยวประเสริฐ,รวมไทยสร้างชาติ,882,1.04,85064,,85064,,,216,94.73684,,228
เลย,1,8,พันโท วีระ กองสิงห์,พลังประชารัฐ,545,0.64,85064,,85064,,,216,94.73684,,228
เลย,2,1,นายศรัณย์ ทิมสุวรรณ,เพื่อไทย,27956,38.44,72730,,72730,,,257,94.83395,,271
เลย,2,2,นายสมศักดิ์ คำมงคุณ,ประชาชน,19571,26.91,72730,,72730,,,257,94.83395,,271
เลย,2,3,นายจีระศักดิ์ น้อยกำ,พลังประชารัฐ,13478,18.53,72730,,72730,,,257,94.83395,,271
เลย,2,4,นายชูศักดิ์ บัวระภาสิริ,กล้าธรรม,5393,7.42,72730,,72730,,,257,94.83395,,271
เลย,2,5,นายนิธินันท์ อินทรโฆษิต,เศรษฐกิจ,2463,3.39,72730,,72730,,,257,94.83395,,271
เลย,2,6,นายเกรียงไกร กลิ่นจันทร์,ภูมิใจไทย,2286,3.14,72730,,72730,,,257,94.83395,,271
เลย,2,7,นายสุรสีห์ ลานนท์,ประชาธิปัตย์,1583,2.18,72730,,72730,,,257,94.83395,,271
เลย,3,1,นายธนยศ ทิมสุวรรณ,ภูมิใจไทย,51525,62.03,83065,,83065,,,278,94.88055,,293
เลย,3,2,นายเอกรินทร์ สีหาบุตร,ประชาชน,17501,21.07,83065,,83065,,,278,94.88055,,293
เลย,3,3,นางอัชฌิมา แสงสุวรรณ,เพื่อไทย,8158,9.82,83065,,83065,,,278,94.88055,,293
เลย,3,4,นายกิตติพันธ์ ปฐมชัยเกียรติ,ประชาธิปัตย์,2273,2.74,83065,,83065,,,278,94.88055,,293
เลย,3,5,นายอดุลย์วิชญเดช ติยะบุตร,กล้าธรรม,1744,2.1,83065,,83065,,,278,94.88055,,293
เลย,3,6,นายบุญโฮม ดวงคำจันทร์,เศรษฐกิจ,1032,1.24,83065,,83065,,,278,94.88055,,293
เลย,3,7,จ.ส.ต.ลำพูน มูลสุวรรณ,รวมไทยสร้างชาติ,832,1.0,83065,,83065,,,278,94.88055,,293
เลย,4,1,นายสมเจตน์ แสงเจริญรัตน์,เพื่อไทย,30145,40.67,74118,,74118,,,245,94.96124,,258
เลย,4,2,นางสาวศวิตา สำลีพันธุ์,ประชาชน,20152,27.19,74118,,74118,,,245,94.96124,,258
เลย,4,3,นายบรรพต ยาฟอง,พลังประชารัฐ,7328,9.89,74118,,74118,,,245,94.96124,,258
เลย,4,4,นางสาวณัฐวรีย์ ทรัพย์มณีโภคิน,ประชาธิปัตย์,3953,5.33,74118,,74118,,,245,94.96124,,258
เลย,4,5,นายวันชัย บุษบา,โอกาสใหม่,3624,4.89,74118,,74118,,,245,94.96124,,258
เลย,4,6,นางนิศากร ไชยคุณ,ภูมิใจไทย,3437,4.64,74118,,74118,,,245,94.96124,,258
เลย,4,7,นายราเชนท์ กงสิมมา,กล้าธรรม,3414,4.61,74118,,74118,,,245,94.96124,,258
เลย,4,8,นายแสงเดือน ศรีบุรินทร์,เศรษฐกิจ,2065,2.79,74118,,74118,,,245,94.96124,,258
แพร่,1,1,นางสาวชนกนันท์ ศุภศิริ,ภูมิใจไทย,40738,44.0,92581,,92581,,,244,94.94163,,257
แพร่,1,2,นางสาวขวัญรัตน์ พนมขวัญ,ประชาชน,24153,26.09,92581,,92581,,,244,94.94163,,257
แพร่,1,3,นายวิตติ แสงสุพรรณ,กล้าธรรม,15633,16.89,92581,,92581,,,244,94.94163,,257
แพร่,1,4,นางภูวษา สินธุวงศ์,เพื่อไทย,10702,11.56,92581,,92581,,,244,94.94163,,257
แพร่,1,5,นายภูมิพงศ์ สุนทรเนติวงศ์,รวมไทยสร้างชาติ,871,0.94,92581,,92581,,,244,94.94163,,257
แพร่,1,6,นายธีรพล พรเสาวลักษณ์,ประชาธิปัตย์,484,0.52,92581,,92581,,,244,94.94163,,257
แพร่,2,1,นายชนาธิป ศุภศิริ,ภูมิใจไทย,54734,65.72,83283,,83283,,,265,94.98208,,279
แพร่,2,2,นายวสันต์ จันทร์สอง,ประชาชน,14577,17.5,83283,,83283,,,265,94.98208,,279
แพร่,2,3,นายนิยม วิวรรธนดิฐกุล,เพื่อไทย,13030,15.65,83283,,83283,,,265,94.98208,,279
แพร่,2,4,นายธีรศักดิ์ มีสมศักดิ์,กล้าธรรม,524,0.63,83283,,83283,,,265,94.98208,,279
แพร่,2,5,นายราชสิทธิ์ มิ่งปรีชา,ประชาธิปัตย์,418,0.5,83283,,83283,,,265,94.98208,,279
แพร่,3,1,นางสาวลักษณารีย์ ดวงตาดำ,ประชาชน,23987,32.6,73590,,73590,,,249,94.67681,,263
แพร่,3,2,นายวรวัจน์ เอื้ออภิญญกุล,เพื่อไทย,21539,29.27,73590,,73590,,,249,94.67681,,263
แพร่,3,3,นายประสงค์ ซุ่มเชย,ภูมิใจไทย,16448,22.35,73590,,73590,,,249,94.67681,,263
แพร่,3,4,นายกฤติเดช สันติวชิระกุล,กล้าธรรม,9327,12.67,73590,,73590,,,249,94.67681,,263
แพร่,3,5,นายชูชาติ คำมา,พลังประชารัฐ,1515,2.06,73590,,73590,,,249,94.67681,,263
แพร่,3,6,นางพรรณพร สีใหม่,ประชาธิปัตย์,774,1.05,73590,,73590,,,249,94.67681,,263
แม่ฮ่องสอน,1,1,นายปกรณ์ จีนาคำ,กล้าธรรม,35870,58.67,61134,,61134,,,231,94.67213,,244
แม่ฮ่องสอน,1,2,นายอนัส มณีพฤกษ์,ประชาชน,18680,30.56,61134,,61134,,,231,94.67213,,244
แม่ฮ่องสอน,1,3,นายวิชัย เจริญพระธรรมดี,เพื่อไทย,3126,5.11,61134,,61134,,,231,94.67213,,244
แม่ฮ่องสอน,1,4,ว่าที่ ร.ต.สุรพล ต๊ะวิชัย,ประชาธิปัตย์,2148,3.51,61134,,61134,,,231,94.67213,,244
แม่ฮ่องสอน,1,5,นายจำลอง รุ่งเรือง,รวมไทยสร้างชาติ,1310,2.14,61134,,61134,,,231,94.67213,,244
แม่ฮ่องสอน,2,1,นายสมบัติ ยะสินธุ์,ภูมิใจไทย,24897,37.05,67196,,67196,,,218,94.78261,,230
แม่ฮ่องสอน,2,2,นายวิทยา หวานซึ้ง,กล้าธรรม,24368,36.26,67196,,67196,,,218,94.78261,,230
แม่ฮ่องสอน,2,3,นายพนธกร ใจสนอง,ประชาชน,13208,19.66,67196,,67196,,,218,94.78261,,230
แม่ฮ่องสอน,2,4,นายสมภพ คงความชื่อ,เพื่อไทย,2197,3.27,67196,,67196,,,218,94.78261,,230
แม่ฮ่องสอน,2,5,นายภานุวัฒน์ คงมีความดี,รวมไทยสร้างชาติ,1068,1.59,67196,,67196,,,218,94.78261,,230
แม่ฮ่องสอน,2,6,นายสติ ทรัพย์ทวีพันธ์,ประชาธิปัตย์,998,1.49,67196,,67196,,,218,94.78261,,230
แม่ฮ่องสอน,2,7,นางสุภิญกัลย์ พิภพสิทธิโภคิณ,พลังประชารัฐ,460,0.68,67196,,67196,,,218,94.78261,,230
